male,age,education,currentSmoker,cigsPerDay,BPMeds,prevalentStroke,prevalentHyp,diabetes,totChol,sysBP,diaBP,BMI,heartRate,glucose
0,45,2,0,0,0,0,1,0,226.0,180.0,99.0,45.79,110,78
0,42,1,0,0,0,0,0,0,241.0,118.5,80.5,32.36,95,75
1,40,2,1,30,0,0,0,0,165.0,128.0,83.0,24.71,69,60
0,52,1,1,15,0,0,0,0,170.0,124.0,78.0,26.03,75,82
1,34,2,1,25,0,0,0,0,250.0,119.0,77.0,29.04,63,80
0,42,4,0,0,0,0,0,0,278.0,118.5,72.0,21.99,72,78
0,58,2,0,0,0,0,1,0,200.0,177.0,97.0,28.4,86,73
0,41,2,1,3,0,0,0,0,223.0,119.0,73.0,24.22,72,77
1,38,2,0,0,0,0,0,0,221.0,119.0,84.0,26.89,66,82
1,46,2,1,20,0,0,0,0,235.0,150.0,96.5,27.22,94,78
1,36,2,0,0,0,0,0,0,230.0,122.0,78.0,26.53,45,78
0,44,2,1,10,0,0,0,0,152.0,110.0,64.0,25.71,75,83
0,34,3,0,0,0,0,0,0,227.0,102.0,68.0,24.96,80,75
1,61,4,0,0,1,0,1,0,204.0,120.0,67.0,24.84,63,75
0,46,2,1,20,0,0,1,0,271.0,158.0,94.0,25.17,78,71
0,42,3,1,30,0,0,0,0,218.0,126.0,87.0,22.5,75,73
1,36,4,0,0,0,0,1,0,237.0,142.0,82.0,27.5,53,87
1,54,2,1,30,0,0,0,0,215.0,117.5,70.5,26.77,60,75
1,62,4,0,0,0,0,0,0,273.0,129.0,83.0,25.49,63,70
1,43,2,1,20,0,0,0,0,275.0,111.0,76.0,23.95,68,65
0,46,2,0,0,0,0,0,0,270.0,122.0,76.0,21.35,77,88
0,36,2,1,15,0,0,0,0,197.0,113.0,72.5,22.73,70,65
0,64,3,0,0,0,0,0,0,330.0,108.0,82.0,23.09,85,80
0,43,1,1,1,0,0,0,0,256.0,129.0,86.0,25.89,96,72
0,60,3,1,10,0,0,0,0,255.0,145.0,100.0,27.94,79,78
1,52,2,0,0,0,0,1,1,269.0,157.5,83.0,26.6,70,80
1,42,1,0,0,0,0,0,0,258.0,110.0,69.0,26.25,60,73
1,41,2,1,20,0,0,0,0,201.0,122.0,76.5,23.81,70,73
1,64,2,0,0,0,0,0,0,287.0,121.0,70.0,23.64,68,75
0,49,1,0,0,0,0,1,0,254.0,131.0,92.0,29.22,75,65
0,52,3,0,0,0,0,0,0,254.0,126.5,93.0,26.79,75,65
0,53,1,1,20,0,0,1,0,181.0,163.5,87.0,34.69,80,71
1,42,1,1,20,0,0,0,0,223.0,115.0,70.0,24.58,72,81
0,49,3,0,0,0,0,0,0,286.0,119.0,85.5,22.29,60,72
0,44,1,1,10,0,0,0,0,310.0,141.0,76.0,20.52,52,90
0,63,1,0,0,0,0,1,1,236.0,155.0,82.0,39.17,78,79
1,60,1,0,0,0,0,1,0,225.0,149.0,96.0,27.73,80,60
1,43,2,1,15,0,0,0,0,240.0,137.0,86.0,26.32,100,78
0,38,1,1,9,0,0,0,0,220.0,105.0,69.0,24.69,110,87
0,46,1,0,0,0,0,1,0,239.0,166.5,107.0,19.27,110,70
1,48,3,0,0,0,0,1,0,234.0,141.0,98.0,21.06,53,82
0,59,1,0,0,0,0,1,0,254.0,181.0,101.0,24.67,76,68
0,38,1,1,10,0,0,0,0,212.0,107.0,67.5,20.4,110,87
0,42,2,0,0,0,0,0,0,185.0,127.5,91.0,23.78,67,59
0,55,1,0,0,0,0,0,0,273.0,134.0,92.0,32.17,75,67
0,58,3,0,0,0,0,1,0,188.0,160.0,120.0,35.58,88,85
1,43,1,1,15,0,0,0,0,175.0,125.0,76.0,24.92,80,95
0,47,1,0,0,0,0,1,0,222.0,162.5,92.5,23.45,78,80
1,46,2,0,0,0,0,1,0,254.0,135.0,100.0,27.86,83,75
1,54,1,0,0,0,0,0,0,206.0,141.0,92.0,35.85,75,120
1,59,1,0,0,0,0,1,0,248.0,151.5,71.0,27.14,75,110
0,41,4,0,0,0,0,0,0,206.0,130.0,88.0,22.25,85,79
1,42,1,1,5,0,0,0,0,197.0,102.0,70.5,24.68,83,45
0,38,2,0,0,0,0,0,0,287.0,113.0,80.0,24.56,100,75
1,45,2,0,0,0,0,0,0,201.0,107.5,64.5,23.85,88,78
1,35,2,0,0,0,0,0,0,275.0,132.5,79.0,34.04,75,80
0,39,3,0,0,0,0,0,0,179.0,120.0,82.0,21.51,96,78
0,40,2,0,0,0,0,0,0,164.0,135.0,75.0,25.4,75,85
0,51,2,0,0,0,0,0,0,235.0,110.5,69.0,21.8,70,86
1,36,1,1,40,0,0,0,0,215.0,118.0,76.0,18.99,96,97
0,43,2,1,15,0,0,1,0,174.0,158.5,100.5,35.99,82,88
1,41,2,1,20,0,0,1,0,196.0,154.0,99.0,23.46,82,56
0,51,2,0,0,0,0,1,0,346.0,152.0,96.5,25.29,102,79
0,40,1,0,0,0,0,0,0,290.0,125.0,90.0,32.81,85,87
0,38,3,1,5,0,0,0,0,192.0,130.0,80.0,27.51,75,90
0,53,3,0,0,0,0,0,0,245.0,103.0,68.0,21.8,60,63
0,42,1,0,0,0,0,0,0,165.0,108.0,72.5,24.85,82,87
0,44,1,1,5,0,0,0,0,205.0,120.0,83.5,24.3,67,77
1,39,2,1,40,0,0,0,0,218.0,112.5,60.0,24.0,65,78
0,64,2,1,9,0,0,1,0,250.0,145.0,79.0,25.16,73,86
0,38,2,1,20,0,0,0,0,229.0,117.5,67.5,23.47,78,80
0,52,2,0,0,0,0,0,0,221.0,124.0,69.0,23.37,58,81
0,38,3,0,0,0,0,0,0,171.0,125.5,86.0,26.57,75,71
0,45,1,1,10,0,0,0,0,230.0,116.0,75.0,21.35,92,77
1,41,2,0,0,0,0,1,0,248.0,140.0,87.0,30.34,96,78
0,66,2,1,9,0,0,0,0,225.0,110.0,76.0,18.23,83,85
1,42,1,0,0,0,0,0,0,160.0,100.0,73.0,22.56,64,93
0,39,3,1,0,0,0,0,0,197.0,126.5,76.5,19.71,55,63
0,39,2,0,0,0,0,1,0,252.0,128.0,93.0,30.36,105,63
0,47,3,0,0,0,0,0,0,205.0,106.0,75.0,23.44,75,97
1,38,1,1,15,0,0,0,0,183.0,107.5,71.0,23.74,57,74
0,44,1,0,0,0,0,0,0,173.0,136.5,77.5,26.62,66,72
0,44,1,0,0,0,0,0,0,197.0,125.5,82.5,25.13,79,50
0,49,2,0,0,0,0,1,0,254.0,142.0,87.0,27.94,60,63
0,55,3,0,0,0,0,1,0,308.0,124.0,87.0,31.82,75,84
0,46,2,1,20,0,0,0,0,161.0,100.0,64.0,20.66,75,60
0,40,1,1,20,0,0,0,0,214.0,109.5,69.0,20.32,80,81
0,42,1,0,0,0,0,0,0,158.0,127.5,90.0,31.75,120,92
1,35,2,1,20,0,0,0,0,231.0,122.0,72.5,22.78,72,93
0,59,2,0,0,0,0,0,0,345.0,148.0,95.0,23.72,79,60
1,58,1,0,0,0,0,1,0,264.0,181.0,90.0,24.49,75,71
0,38,3,0,0,0,0,0,0,171.0,110.0,71.0,21.8,82,78
0,42,2,0,0,0,0,0,0,176.0,136.0,87.0,30.91,80,73
0,50,1,0,0,0,0,0,0,281.0,107.5,74.0,23.44,85,79
1,47,2,1,50,0,0,0,0,217.0,145.0,89.0,28.88,82,75
1,40,1,1,20,0,0,1,0,208.0,119.0,66.0,28.09,75,66
0,54,3,1,20,0,0,0,0,225.0,131.0,79.0,25.91,67,62
1,46,1,1,20,0,0,0,0,288.0,131.0,81.0,25.94,90,80
1,41,2,1,30,0,0,0,0,224.0,114.0,68.0,21.42,66,107
1,59,3,0,0,0,0,1,0,285.0,128.0,91.0,28.23,70,80
0,49,2,0,0,0,0,0,0,261.0,123.5,84.0,20.94,75,75
1,55,1,1,6,0,0,1,0,274.0,148.0,94.0,28.55,62,65
1,43,1,1,40,0,0,1,0,212.0,135.0,86.0,30.22,100,75
0,40,2,0,0,0,0,0,0,196.0,126.0,85.0,22.81,73,96
1,61,1,0,0,0,0,0,0,300.0,127.0,75.0,24.93,48,78
1,44,1,0,0,0,0,0,0,271.0,132.5,90.0,24.06,94,95
0,46,1,0,0,0,0,0,0,284.0,147.0,82.0,25.6,80,78
0,37,2,1,9,0,0,0,0,185.0,115.0,76.0,23.55,85,80
0,48,2,0,0,0,0,0,0,273.0,132.0,85.0,26.03,70,78
0,59,2,1,3,0,0,0,0,240.0,122.5,67.5,25.4,88,81
0,55,1,0,0,0,0,0,0,330.0,103.0,73.0,24.5,85,67
0,52,1,0,0,0,0,0,0,280.0,118.0,71.0,21.84,96,62
1,54,2,1,40,0,0,0,0,245.0,152.0,82.0,23.71,75,75
1,49,1,1,20,0,0,0,0,155.0,128.0,82.0,23.58,69,77
0,51,1,0,0,0,0,0,0,246.0,135.0,82.0,24.67,70,77
0,49,1,1,20,0,0,0,0,277.0,120.0,80.0,19.72,60,75
0,39,2,0,0,0,0,0,0,234.0,126.0,71.0,27.73,73,78
0,46,4,0,0,0,0,0,0,255.0,117.0,77.0,26.35,90,76
0,41,1,0,0,0,0,1,0,317.0,149.5,93.0,35.42,68,87
0,45,3,1,20,0,0,0,0,156.0,119.0,83.0,22.02,68,78
1,61,1,0,0,0,0,0,0,239.0,143.0,80.0,25.74,48,78
1,41,3,0,0,0,0,0,0,215.0,113.0,68.0,25.13,65,87
0,46,3,1,20,0,0,0,0,200.0,112.5,71.0,18.68,80,77
0,38,2,1,9,0,0,0,0,160.0,102.5,67.5,21.16,90,68
0,49,1,0,0,0,0,0,0,250.0,133.5,87.5,29.45,83,84
0,42,2,1,9,0,0,0,0,281.0,115.5,79.0,22.9,80,71
1,44,1,0,0,0,0,0,0,160.0,118.5,87.0,25.81,54,78
1,52,4,0,0,0,0,0,0,285.0,110.0,79.0,23.41,67,65
1,57,1,0,0,0,0,0,0,258.0,146.0,76.0,24.94,63,87
0,39,2,0,0,0,0,0,0,337.0,120.0,79.5,23.07,68,77
0,45,3,1,5,0,0,0,0,268.0,100.0,70.0,23.45,73,87
0,38,1,0,0,0,0,0,0,293.0,124.0,78.0,23.66,78,76
1,36,1,0,0,0,0,0,0,233.0,128.0,86.5,35.31,83,76
0,49,2,0,0,0,0,0,0,246.0,107.0,73.0,29.36,79,80
0,58,4,0,0,0,0,1,0,268.0,151.0,98.0,20.34,72,60
0,40,2,1,20,0,0,0,0,221.0,93.0,62.5,18.84,64,73
0,42,3,0,0,0,0,0,0,256.0,129.0,85.5,31.84,95,74
0,45,1,0,0,0,0,0,0,244.0,112.5,77.5,25.97,75,78
0,41,2,1,1,0,0,0,0,189.0,113.5,61.0,23.08,55,73
1,51,4,1,10,0,0,1,0,269.0,134.0,92.0,30.39,85,81
1,38,1,1,15,0,0,0,0,180.0,111.0,61.0,21.51,66,75
1,39,2,1,0,0,0,0,0,285.0,121.0,82.0,27.62,85,65
0,46,3,0,0,0,0,0,0,193.0,110.0,68.0,22.19,68,65
1,46,1,1,43,0,0,0,0,237.0,105.0,72.5,33.49,67,79
0,55,1,0,0,0,0,1,0,243.0,142.0,92.0,30.24,70,85
0,43,1,1,10,0,0,0,0,249.0,108.0,76.0,27.49,80,76
1,52,1,0,0,0,0,0,0,265.0,143.0,94.5,26.0,50,75
0,53,2,0,0,0,0,0,0,213.0,133.0,89.0,17.89,75,73
1,46,1,1,5,0,0,0,0,221.0,125.0,88.0,24.81,72,87
0,55,4,1,9,0,0,1,0,263.0,155.0,84.0,27.87,68,60
1,37,2,1,15,0,0,0,0,158.0,129.0,87.0,24.66,62,67
0,62,3,0,0,0,0,1,0,249.0,176.0,89.0,24.49,75,81
0,41,1,0,0,0,0,0,0,203.0,124.0,86.0,28.25,83,80
0,40,3,0,0,0,0,0,0,226.0,118.0,72.0,24.75,87,79
0,53,1,0,0,0,0,1,0,268.0,156.0,100.0,26.73,85,69
0,45,1,0,0,0,0,0,0,290.0,124.0,72.5,24.24,92,87
1,39,2,0,0,0,0,0,0,262.0,126.0,91.0,31.38,72,84
0,41,1,1,20,0,0,0,0,223.0,114.0,72.0,26.42,78,78
0,40,1,1,20,0,0,0,0,272.0,123.0,75.0,23.08,80,63
1,46,3,1,30,0,0,1,0,154.0,141.0,90.0,22.76,65,65
0,46,3,0,0,0,0,0,0,277.0,122.5,77.5,27.42,63,77
1,40,2,0,0,0,0,0,0,234.0,127.0,79.0,26.56,60,92
0,45,2,1,2,0,0,0,0,258.0,111.0,72.0,26.24,70,65
1,46,4,1,40,0,0,0,0,165.0,107.0,82.0,24.67,60,77
0,55,2,0,0,0,0,1,0,293.0,165.0,106.0,24.71,90,79
0,44,4,1,5,0,0,0,0,265.0,110.0,78.0,20.88,60,68
0,44,3,1,9,0,0,0,0,226.0,114.0,83.0,24.16,80,78
0,42,2,1,9,0,0,0,0,195.0,126.0,81.0,22.26,84,77
1,40,2,1,30,0,0,0,0,162.0,129.0,76.5,24.12,70,73
0,41,1,1,20,0,0,1,0,189.0,150.0,106.0,33.8,85,75
1,46,4,1,20,0,0,0,0,259.0,101.0,71.0,20.1,80,73
0,36,3,1,15,0,0,0,0,180.0,105.0,60.0,25.97,102,78
1,40,3,1,15,0,0,0,0,203.0,123.0,82.0,24.74,75,78
0,59,1,0,0,0,0,0,0,246.0,135.0,70.0,18.43,80,107
0,46,1,0,0,0,0,1,0,200.0,135.0,97.0,36.81,100,97
0,63,3,1,10,0,0,1,0,236.0,189.0,103.0,27.91,60,74
0,63,1,0,0,0,0,0,0,219.0,124.0,75.0,28.57,66,76
1,49,3,1,3,0,0,0,0,219.0,130.0,82.0,24.35,60,65
0,40,3,0,0,0,0,0,0,152.0,122.0,78.0,18.92,65,80
0,38,3,0,0,0,0,0,0,159.0,108.0,72.0,27.68,70,84
0,36,2,1,25,0,0,0,0,190.0,122.0,83.0,23.07,85,78
0,56,1,1,5,0,0,0,0,266.0,134.5,78.5,30.78,79,84
1,45,4,0,0,0,0,0,0,221.0,105.0,70.0,23.95,52,83
0,41,3,0,0,0,0,0,0,166.0,128.5,74.5,21.02,81,78
1,45,3,0,0,1,0,1,0,258.0,126.0,82.0,27.18,72,70
0,48,1,0,0,0,0,0,0,274.0,110.0,84.0,22.51,110,78
0,42,2,1,20,0,0,0,0,235.0,128.0,86.0,24.05,66,70
1,52,4,1,20,0,0,0,0,167.0,134.0,80.0,29.77,72,102
1,46,1,0,0,0,0,1,0,328.0,130.0,86.5,27.17,65,82
0,41,1,1,4,0,0,0,0,176.0,113.0,75.0,22.29,80,55
1,41,2,0,0,0,0,0,0,173.0,130.0,80.0,28.39,65,61
1,38,3,0,0,0,0,1,0,216.0,124.0,84.0,28.12,63,75
1,56,1,0,0,1,0,1,0,226.0,175.5,113.0,30.77,60,70
0,39,4,1,9,0,0,0,0,191.0,119.0,78.0,20.93,65,73
0,36,1,0,0,0,0,0,0,200.0,108.0,62.0,20.79,75,69
1,40,4,1,20,0,0,0,0,242.0,115.0,74.0,23.09,68,80
1,56,1,0,0,0,0,0,0,243.0,134.0,86.0,25.94,81,66
0,39,1,0,0,0,0,0,0,153.0,107.0,82.0,20.99,75,82
0,60,1,0,0,0,0,1,0,238.0,134.0,84.0,27.49,80,66
0,42,2,0,0,0,0,0,0,238.0,118.0,80.0,33.19,75,76
1,48,2,0,0,0,0,0,0,287.0,141.5,82.0,27.88,84,78
0,40,1,1,5,0,0,0,0,155.0,120.0,73.5,21.32,65,78
0,47,3,1,20,0,0,0,0,215.0,128.0,85.0,20.89,75,90
1,45,4,1,18,0,0,0,0,176.0,124.0,84.0,20.27,77,75
0,40,2,0,0,0,0,0,0,185.0,117.5,72.0,21.12,70,79
0,54,2,1,3,0,0,1,1,231.0,127.5,83.0,21.31,70,115
1,43,1,1,20,0,0,0,0,206.0,133.5,89.5,21.73,86,89
0,57,1,0,0,0,0,0,0,262.0,129.0,75.0,23.67,70,95
1,37,2,0,0,0,0,0,0,228.0,113.0,83.0,24.81,58,73
0,50,3,1,3,0,0,0,0,271.0,112.5,60.0,23.29,60,61
0,47,3,0,0,0,0,0,0,294.0,109.0,72.5,28.59,82,77
0,45,2,1,20,1,0,1,0,213.0,150.0,90.0,22.35,65,72
0,54,1,1,9,0,0,0,1,266.0,114.0,76.0,17.61,88,55
0,41,1,0,0,0,0,0,0,252.0,133.0,90.0,26.83,83,64
0,44,1,1,9,0,0,0,0,212.0,128.0,81.5,27.51,80,87
0,56,3,0,0,0,0,0,0,192.0,122.0,82.5,28.61,68,58
1,38,2,1,15,0,0,0,0,233.0,137.0,75.0,20.55,100,107
1,57,1,0,0,0,0,0,0,207.0,111.0,80.0,37.15,63,70
0,40,2,1,20,0,0,0,0,197.0,124.0,76.0,18.06,90,69
1,64,2,0,0,0,0,0,0,193.0,114.0,79.0,16.59,75,64
0,44,3,1,20,0,0,0,0,213.0,115.0,72.5,21.16,80,89
0,46,3,0,0,0,0,0,0,190.0,128.0,74.0,23.01,95,78
0,54,2,0,0,0,0,0,0,288.0,137.5,77.5,22.19,68,78
0,44,2,1,3,0,0,0,0,239.0,103.0,67.0,26.58,66,73
0,42,3,1,10,0,0,0,0,253.0,109.0,74.0,24.38,88,60
1,63,2,1,20,0,0,1,0,264.0,129.5,82.5,24.91,88,83
1,41,4,0,0,0,0,0,0,197.0,134.0,87.0,25.48,75,75
1,51,1,1,20,0,0,0,0,300.0,134.0,86.5,24.76,90,81
0,43,4,1,15,0,0,0,0,203.0,110.0,71.5,24.56,96,65
1,48,1,0,0,0,0,0,0,270.0,131.0,88.0,27.13,63,55
0,38,1,0,0,0,0,0,0,182.0,138.0,72.0,21.67,85,108
0,61,1,0,0,0,0,1,0,217.0,182.0,86.0,26.98,105,113
0,46,2,1,20,0,0,0,0,211.0,120.0,84.0,22.53,94,87
1,45,1,1,15,0,0,0,0,221.0,131.0,84.0,28.58,85,72
1,39,1,0,0,0,0,0,0,188.0,105.0,65.0,22.85,63,76
0,61,1,0,0,0,0,1,0,250.0,173.0,89.0,29.25,90,87
0,48,1,1,1,0,0,0,0,197.0,101.0,67.0,21.35,88,100
0,42,1,0,0,0,0,0,0,271.0,115.0,77.0,28.68,66,82
0,45,2,1,3,0,0,0,0,220.0,133.5,85.5,25.38,65,73
0,56,3,1,20,0,0,0,0,240.0,112.5,71.5,24.99,72,78
1,40,1,1,30,0,0,0,0,202.0,112.5,64.5,22.85,69,103
1,61,1,1,3,0,0,1,0,256.0,165.0,80.0,24.12,75,97
0,35,1,0,0,0,0,0,0,170.0,110.0,69.0,23.48,75,83
0,38,4,0,0,0,0,0,0,220.0,107.0,73.5,23.09,61,80
0,34,3,0,0,0,0,0,0,196.0,108.5,68.0,25.67,60,82
1,57,1,0,0,0,0,0,0,200.0,117.5,80.0,25.41,65,80
0,40,4,1,20,0,0,0,0,182.0,95.5,64.0,25.21,60,72
1,46,2,0,0,0,0,0,0,217.0,117.5,77.5,32.4,55,83
0,54,3,0,0,0,0,0,0,278.0,127.5,83.0,23.08,63,78
1,50,3,1,3,0,0,0,0,200.0,105.0,68.0,23.3,65,68
1,52,2,1,20,0,1,1,0,260.0,158.0,96.0,21.17,74,82
1,44,3,1,30,0,0,0,0,363.0,140.0,87.0,26.44,95,79
0,49,3,1,15,0,0,0,0,267.0,107.0,74.0,27.8,65,75
1,41,1,1,40,0,0,0,0,239.0,119.5,70.0,29.79,70,78
0,43,3,0,0,0,0,0,0,192.0,107.5,67.5,21.22,67,78
0,39,2,1,5,0,0,0,0,188.0,113.0,81.0,26.44,85,87
0,58,1,1,8,1,0,1,0,234.0,185.0,105.0,31.18,75,78
1,52,2,1,20,0,0,0,0,215.0,98.0,65.0,20.87,68,76
0,62,4,0,0,0,0,0,0,234.0,122.0,75.5,23.03,75,78
0,38,2,1,2,0,0,0,0,172.0,98.0,53.0,22.18,68,82
0,46,3,1,30,0,0,0,0,196.0,114.0,75.0,21.01,60,69
0,40,2,0,0,0,0,0,0,215.0,110.0,70.0,19.64,70,87
1,42,2,0,0,0,0,1,0,164.0,141.5,98.0,32.52,72,76
0,52,4,1,20,0,0,0,0,234.0,110.0,70.0,22.52,75,78
0,57,2,0,0,0,0,0,0,333.0,128.0,84.0,25.69,75,78
1,62,2,1,20,0,0,0,0,264.0,129.0,85.0,26.15,73,63
0,58,1,0,0,0,0,0,0,240.0,126.0,52.0,25.66,75,63
1,39,2,0,0,0,0,0,0,247.0,113.0,80.0,28.59,80,82
1,48,1,1,60,0,0,0,0,252.0,104.0,73.5,23.03,70,77
1,51,3,0,0,0,0,0,0,215.0,147.0,96.0,28.59,65,100
1,49,3,0,0,0,0,0,0,230.0,108.0,68.0,26.17,68,82
0,64,1,0,0,0,0,0,0,213.0,133.0,77.5,35.62,77,74
1,39,1,0,0,0,0,0,0,190.0,114.0,70.0,27.8,60,80
1,43,4,1,20,0,0,0,0,198.0,116.0,74.0,23.99,75,78
0,44,2,0,0,0,0,0,0,210.0,138.0,92.0,23.13,70,92
0,53,2,0,0,0,0,1,0,284.0,167.5,102.5,31.5,88,87
0,46,1,1,10,0,0,0,0,202.0,157.0,94.0,19.37,88,65
1,42,2,1,20,0,0,0,0,216.0,125.0,86.5,23.25,65,57
0,37,2,0,0,0,0,0,0,160.0,137.0,82.0,21.03,94,113
0,59,3,0,0,0,0,1,0,240.0,149.0,88.0,27.48,80,82
0,48,4,0,0,0,0,0,0,241.0,129.0,86.0,20.41,65,67
0,36,2,0,0,0,0,0,1,208.0,156.5,105.0,33.82,95,186
0,46,2,0,0,0,0,0,0,244.0,107.5,70.0,22.72,47,88
1,50,1,0,0,0,0,1,0,230.0,133.0,91.0,25.74,72,70
1,58,1,1,15,0,0,0,0,175.0,83.5,58.0,29.66,95,115
1,40,2,1,30,0,0,0,0,219.0,131.0,85.5,31.96,77,74
0,45,3,0,0,0,0,0,0,231.0,107.5,57.5,25.4,81,78
1,42,1,0,0,0,0,0,0,163.0,135.0,82.0,25.75,65,77
0,37,2,0,0,0,0,0,0,209.0,115.0,69.0,24.66,72,77
1,41,2,1,5,0,0,0,0,218.0,129.5,93.0,27.8,58,83
1,41,1,1,20,0,0,0,0,192.0,122.0,82.0,25.03,83,66
0,45,2,0,0,0,0,0,0,155.0,116.0,81.5,25.56,72,82
0,41,2,1,7,0,0,0,0,260.0,101.0,68.0,22.49,80,77
1,41,3,1,20,0,0,1,0,240.0,166.0,71.0,35.53,90,57
0,59,4,0,0,0,0,0,0,239.0,124.0,72.0,19.34,80,70
0,61,3,0,0,0,0,1,0,290.0,170.0,98.0,26.98,80,84
0,40,2,0,0,0,0,1,0,204.0,122.0,94.0,29.86,87,82
1,46,1,1,20,0,0,0,0,182.0,120.0,78.0,20.23,75,85
0,38,1,1,10,0,0,0,0,220.0,114.0,73.5,27.06,68,67
0,63,2,0,0,0,0,1,0,276.0,144.0,90.0,21.35,70,78
0,47,3,0,0,0,0,1,0,219.0,153.0,98.0,22.02,80,92
0,46,3,0,0,0,0,0,0,193.0,106.5,70.5,26.18,75,78
0,64,1,0,0,0,0,0,0,262.0,122.0,87.5,24.77,95,85
0,57,2,1,0,0,0,0,0,270.0,120.0,79.0,24.83,95,81
0,49,2,1,0,0,0,1,0,233.0,158.0,102.0,25.31,90,72
0,42,1,0,0,0,0,0,0,197.0,105.0,84.0,25.75,70,67
0,36,1,1,5,0,0,0,0,195.0,109.0,69.0,23.24,70,70
1,39,1,1,20,0,0,0,0,186.0,126.0,67.0,22.04,63,72
0,37,1,0,0,0,0,0,0,300.0,112.0,60.0,23.67,81,75
0,38,2,1,5,0,0,0,0,195.0,122.0,84.5,23.24,75,78
0,63,1,0,0,0,0,1,0,242.0,142.5,85.0,28.25,75,73
1,60,1,0,0,0,0,0,0,275.0,132.0,82.0,23.53,75,62
1,43,3,0,0,0,0,0,0,237.0,104.0,74.0,23.02,60,77
0,54,1,1,20,0,0,0,0,274.0,116.0,79.0,24.77,72,65
0,43,1,1,20,0,0,0,0,200.0,115.0,80.0,26.66,60,81
1,37,1,1,30,0,0,0,0,275.0,127.0,80.0,27.22,85,93
0,58,1,0,0,0,0,0,0,292.0,110.0,83.0,26.98,65,73
0,52,4,0,0,0,0,0,0,309.0,142.0,87.0,24.22,86,110
0,39,2,1,9,0,0,0,0,270.0,110.0,78.0,22.0,75,68
1,48,1,0,0,0,0,0,0,251.0,112.0,77.0,30.28,80,88
0,55,1,0,0,0,0,0,0,257.0,132.0,81.0,27.49,60,86
1,53,3,1,15,0,1,0,0,161.0,116.0,74.5,19.82,80,90
0,52,3,0,0,0,0,1,0,350.0,175.0,85.0,30.99,92,63
1,60,1,0,0,0,0,0,0,183.0,114.0,70.0,23.56,75,59
1,40,2,1,10,0,0,0,0,250.0,109.0,78.0,25.75,65,78
0,42,2,0,0,0,0,1,0,236.0,160.5,100.0,27.01,85,74
0,39,1,1,10,0,0,0,0,226.0,95.0,59.0,22.88,80,83
0,39,3,0,0,0,0,0,0,190.0,133.0,87.0,32.09,56,80
0,41,1,0,0,0,0,0,0,179.0,116.0,67.0,18.58,73,68
1,60,2,0,0,0,0,1,0,213.0,140.5,83.0,28.59,80,69
1,48,2,1,40,0,0,0,0,228.0,110.0,70.0,21.47,70,76
0,63,3,0,0,0,0,0,0,297.0,133.5,92.0,25.09,80,74
0,59,1,0,0,0,0,0,0,242.0,134.0,86.0,27.49,65,78
1,49,2,1,20,0,0,1,0,273.0,142.0,108.0,23.19,95,72
0,41,2,1,9,0,0,0,0,200.0,124.0,76.0,24.2,80,86
0,34,2,1,10,0,0,0,0,185.0,108.5,86.0,19.68,75,78
0,39,2,1,9,0,0,0,0,226.0,114.0,64.0,22.35,85,78
0,48,2,1,20,0,0,1,0,234.0,153.5,95.0,26.35,100,78
1,47,2,1,9,0,0,0,0,201.0,122.0,67.0,20.12,68,78
1,39,3,1,20,0,0,0,0,148.0,101.0,62.0,24.47,70,81
1,39,2,0,0,0,0,0,0,235.0,120.0,80.0,27.23,62,87
1,50,1,1,20,0,0,0,0,259.0,108.0,81.0,22.81,80,72
1,44,1,1,9,0,0,0,0,273.0,114.0,83.0,27.33,70,65
0,62,1,0,0,0,0,1,0,258.0,162.0,97.5,30.53,76,87
0,37,2,1,30,0,0,0,0,234.0,115.0,79.0,28.41,85,78
0,53,2,0,0,0,0,0,0,303.0,117.0,71.0,22.01,108,85
1,53,3,0,0,0,0,0,0,253.0,115.0,81.0,28.09,70,84
1,44,2,1,20,0,0,0,0,225.0,128.0,82.0,26.79,82,85
0,46,3,1,5,0,0,0,0,291.0,107.5,65.0,24.1,82,78
1,39,2,0,0,0,0,0,0,203.0,117.5,77.5,27.29,88,60
1,36,3,0,0,0,0,0,0,174.0,131.0,86.0,26.23,75,64
1,40,2,1,20,0,0,0,0,203.0,112.5,70.0,22.71,75,72
0,58,1,0,0,0,0,1,0,241.0,153.0,106.0,26.94,98,84
1,54,1,0,0,0,0,0,0,179.0,103.0,73.0,21.03,60,84
0,40,4,1,3,0,0,0,0,230.0,107.5,75.0,26.38,75,76
0,42,4,0,0,0,0,1,0,165.0,146.0,90.0,28.78,60,74
0,57,1,0,0,0,0,0,0,219.0,125.0,83.0,23.22,65,115
0,52,2,0,0,0,0,0,0,300.0,137.0,79.0,25.4,86,73
0,46,2,1,3,0,0,0,0,214.0,128.0,71.0,21.82,63,66
1,57,1,1,20,0,0,1,0,257.0,158.5,107.0,27.1,66,67
0,42,3,0,0,0,0,0,0,212.0,116.0,68.0,21.49,72,79
0,52,4,0,0,0,0,0,0,302.0,110.0,67.5,23.51,63,87
0,58,1,1,1,0,0,1,0,289.0,156.5,85.0,25.46,100,86
0,56,1,0,0,0,0,0,0,259.0,138.0,87.0,30.73,60,75
0,43,3,0,0,0,0,0,0,214.0,121.5,78.0,26.11,90,82
0,57,1,0,0,0,0,0,0,287.0,136.0,92.0,26.24,65,71
0,40,2,0,0,0,0,0,0,197.0,107.0,61.0,23.65,80,80
1,48,4,1,20,0,0,0,0,212.0,120.0,72.0,22.01,72,77
1,35,2,0,0,0,0,0,0,242.0,136.5,95.0,24.43,75,88
1,57,2,1,0,0,0,0,0,223.0,107.5,72.5,24.74,62,103
1,38,1,1,20,0,0,0,0,113.0,120.0,83.5,30.34,78,85
0,43,3,1,20,0,0,0,0,202.0,114.0,78.0,26.61,82,87
0,64,1,0,0,0,0,1,0,232.0,149.5,84.0,20.49,68,96
1,48,1,1,30,0,0,0,0,150.0,127.5,75.0,26.6,75,112
1,39,1,1,20,0,0,0,0,202.0,108.0,74.0,25.51,64,104
1,58,2,1,20,0,0,0,0,207.0,110.0,80.0,23.55,78,78
1,34,3,1,20,0,0,0,0,155.0,117.5,72.5,23.51,85,65
1,49,2,1,40,0,0,1,0,240.0,148.0,85.0,29.69,65,68
0,63,1,0,0,0,0,1,0,257.0,170.0,105.0,25.49,79,87
1,46,1,1,20,0,0,1,0,253.0,159.0,100.0,27.31,64,70
1,52,1,0,0,0,0,0,0,200.0,114.0,77.0,28.28,66,84
0,48,1,0,0,0,0,0,0,244.0,117.0,81.5,28.96,67,78
0,44,3,0,0,0,0,0,0,257.0,129.0,93.0,27.56,75,76
1,38,1,1,9,0,0,0,0,274.0,120.0,80.0,25.17,80,68
0,56,1,0,0,0,0,0,0,280.0,123.0,77.0,27.96,65,78
0,38,2,0,0,0,0,0,0,171.0,111.0,68.0,18.76,90,83
0,48,3,0,0,0,0,0,0,230.0,129.0,84.5,24.73,78,78
0,47,2,0,0,0,0,0,0,279.0,154.5,103.5,27.12,79,60
1,63,1,1,20,0,0,0,0,197.0,113.0,70.0,23.72,67,67
0,33,1,0,0,0,0,0,0,158.0,108.0,67.0,19.84,86,69
0,41,2,1,5,0,0,0,0,226.0,125.5,82.0,23.8,67,75
1,63,1,0,0,0,0,0,0,252.0,135.5,80.0,28.78,60,79
0,57,2,0,0,0,0,0,0,301.0,119.0,80.0,24.79,58,73
0,45,1,0,0,0,0,0,0,235.0,106.0,58.0,26.79,75,79
0,39,2,0,0,0,0,0,0,195.0,105.0,70.0,26.97,80,64
1,35,2,1,3,0,0,1,0,282.0,111.0,84.0,29.42,80,78
0,36,3,1,5,0,0,0,0,200.0,121.5,72.5,23.09,75,75
0,43,4,0,0,0,0,0,0,213.0,100.0,70.0,20.06,68,78
0,47,1,0,0,0,0,0,0,266.0,107.0,77.0,30.61,75,64
1,42,3,1,0,0,0,0,0,225.0,122.5,80.0,25.54,90,90
0,43,4,1,20,0,0,0,0,265.0,107.0,68.0,21.08,90,95
1,46,1,0,0,0,0,0,0,205.0,118.0,76.5,23.48,75,77
0,41,1,0,0,0,0,0,0,295.0,118.0,83.0,29.01,75,75
0,46,3,0,0,0,0,1,0,259.0,173.0,102.0,27.22,85,75
1,48,4,1,20,0,0,1,1,230.0,135.5,90.0,25.34,95,91
0,65,1,0,0,0,0,1,0,244.0,162.0,98.0,24.5,70,82
0,45,1,1,5,0,0,1,0,228.0,191.5,95.5,27.94,95,78
0,50,1,0,0,0,0,0,0,234.0,120.0,75.5,24.77,65,78
0,61,1,0,0,0,0,1,0,240.0,163.0,112.5,26.8,75,82
0,46,3,1,20,0,0,0,0,218.0,115.5,62.0,23.48,65,77
1,37,4,1,30,0,0,0,0,210.0,120.0,72.0,23.8,75,97
1,48,2,1,20,0,0,0,0,210.0,134.5,84.0,27.97,65,87
0,47,3,0,0,0,0,0,0,250.0,114.0,77.0,24.16,80,93
1,41,3,0,0,0,0,0,0,256.0,107.0,73.0,26.38,60,65
0,37,1,0,0,0,0,0,0,208.0,118.5,70.0,25.09,70,85
0,57,1,0,0,0,0,0,0,273.0,131.0,84.0,22.99,90,76
1,36,2,0,0,0,0,1,0,153.0,143.0,87.0,28.3,63,82
0,33,2,1,5,0,0,0,0,200.0,119.0,74.0,23.8,75,74
0,41,2,0,0,0,0,0,0,177.0,108.0,73.0,24.73,80,72
0,56,3,0,0,1,0,1,0,273.0,125.0,83.0,24.48,65,66
0,56,2,1,5,0,0,0,0,310.0,128.5,82.0,25.36,70,85
0,51,1,1,20,0,0,1,0,195.0,154.0,96.0,28.38,75,75
0,59,1,0,0,0,0,0,0,276.0,127.5,85.5,22.91,78,60
1,34,1,1,10,0,0,0,0,210.0,120.0,85.0,24.39,68,78
0,52,1,1,25,0,0,0,0,235.0,119.0,82.0,24.25,77,79
1,45,2,0,0,0,0,0,0,279.0,143.5,90.0,21.07,90,87
0,41,1,0,0,0,0,0,0,197.0,121.0,84.0,23.07,80,78
0,46,1,0,0,0,0,0,0,229.0,127.5,80.0,22.34,84,77
0,40,1,0,0,0,0,0,0,340.0,149.0,81.0,28.46,110,99
1,48,1,1,20,0,0,0,0,268.0,116.5,82.0,21.34,60,82
0,39,4,1,9,0,0,0,0,170.0,110.5,69.0,22.19,60,103
0,48,2,1,20,0,0,0,0,248.0,131.0,72.0,22.0,84,86
1,55,4,1,20,0,0,0,0,268.0,128.0,87.0,28.57,70,87
1,38,1,0,0,0,0,0,0,198.0,119.0,73.0,30.27,68,70
0,46,3,1,25,0,0,0,0,165.0,99.5,66.0,21.67,72,66
0,35,2,1,30,0,0,0,0,245.0,148.0,84.0,23.74,60,73
0,52,1,1,10,0,0,0,0,246.0,113.5,66.5,19.47,85,60
0,41,4,0,0,0,0,0,0,205.0,110.0,69.0,25.99,75,67
1,37,3,0,0,0,0,0,0,257.0,105.0,70.0,31.47,75,80
1,48,2,0,0,0,0,0,0,263.0,114.0,80.0,25.14,80,77
1,48,1,1,20,0,0,0,0,285.0,116.0,81.0,23.1,100,58
0,53,3,0,0,0,0,0,0,245.0,102.0,68.0,23.01,60,78
1,46,1,1,20,0,0,0,0,210.0,103.0,73.0,18.0,78,78
0,36,1,1,15,0,0,0,0,178.0,102.5,65.0,20.87,75,94
0,42,2,1,10,0,0,1,0,199.0,143.0,79.0,18.68,92,76
0,43,3,1,5,0,0,0,0,250.0,110.0,70.0,21.14,64,85
1,57,4,0,0,0,0,0,0,235.0,123.0,78.0,28.53,60,74
0,39,2,1,40,0,0,0,0,234.0,98.0,62.0,23.68,70,78
1,40,1,1,30,0,0,1,0,154.0,125.0,94.0,29.29,73,84
1,42,2,1,30,0,0,0,0,209.0,130.0,86.0,24.01,60,55
0,38,1,0,0,0,0,0,0,196.0,100.0,80.0,22.9,78,74
0,50,1,1,10,0,0,0,0,177.0,121.0,67.0,22.02,71,77
1,44,2,1,15,0,0,0,0,209.0,127.0,86.0,26.41,85,88
1,61,1,1,20,0,0,0,0,262.0,129.0,85.0,21.77,80,74
0,47,3,0,0,0,0,0,0,274.0,127.0,86.0,21.93,90,83
0,59,1,0,0,0,0,1,0,244.0,160.0,85.0,29.41,72,85
1,44,1,1,20,0,0,0,0,163.0,105.0,72.5,21.02,67,62
0,46,1,1,20,0,0,0,0,185.0,137.0,90.0,25.2,82,78
1,49,1,1,20,0,0,0,0,222.0,124.0,86.0,27.25,80,78
0,46,1,0,0,0,0,0,0,248.0,115.0,82.0,28.92,93,100
0,36,4,1,9,0,0,0,0,212.0,127.0,83.0,26.82,75,75
0,43,2,0,0,0,0,0,0,237.0,130.0,80.0,22.71,65,78
0,45,3,1,20,0,0,0,0,198.0,119.0,80.0,22.18,78,79
1,38,4,1,20,0,0,0,0,215.0,110.0,80.0,25.4,100,73
0,35,2,0,0,0,0,0,0,208.0,122.5,72.5,22.0,65,78
0,41,1,0,0,0,0,0,0,181.0,112.0,75.5,25.14,72,95
0,61,1,1,5,0,0,1,0,243.0,149.0,77.0,22.73,86,78
0,41,3,1,3,0,0,0,0,140.0,110.0,60.0,23.38,65,82
0,51,1,0,0,0,0,1,0,216.0,154.0,98.0,32.35,75,103
0,54,1,0,0,0,0,1,0,293.0,132.0,84.0,26.81,80,78
0,49,4,1,20,1,0,1,0,262.0,147.5,97.5,24.96,60,67
0,62,2,0,0,0,0,1,0,304.0,165.0,91.0,26.97,80,81
1,64,2,0,0,0,0,0,0,283.0,113.0,77.0,22.73,75,67
1,50,1,0,0,0,0,0,0,301.0,117.5,80.0,28.04,60,72
0,54,1,0,0,0,0,1,0,266.0,137.0,88.0,29.76,80,80
0,36,3,1,20,0,0,0,0,159.0,121.5,73.0,20.41,72,75
0,42,1,1,15,0,0,0,0,228.0,131.0,85.0,25.08,72,78
1,54,3,1,6,0,0,0,0,260.0,116.0,86.0,24.05,85,85
1,39,1,1,20,0,0,0,0,232.0,122.5,78.5,26.11,80,73
0,53,2,0,0,0,0,0,0,220.0,108.0,81.0,28.71,56,78
0,47,4,1,10,0,0,0,0,205.0,107.0,68.0,23.29,90,108
0,38,3,0,0,0,0,0,0,185.0,100.0,72.0,22.15,85,83
0,42,1,1,20,0,0,0,0,225.0,111.0,71.0,23.43,95,85
0,37,4,0,0,0,0,0,0,169.0,117.5,77.5,28.44,90,78
0,46,1,0,0,0,0,0,0,217.0,131.5,77.0,20.25,65,76
0,51,2,0,0,0,0,1,0,238.0,123.0,80.0,22.19,80,100
1,40,2,0,0,0,0,0,0,185.0,102.0,72.0,24.08,63,83
1,49,1,1,30,0,0,0,0,238.0,118.0,66.0,26.91,90,82
1,36,4,1,15,0,0,0,0,155.0,123.0,78.0,22.05,67,78
0,45,3,1,8,0,0,0,0,195.0,111.0,79.0,23.22,86,85
0,48,1,0,0,0,0,0,0,186.0,107.0,76.0,26.39,65,90
0,42,3,1,20,0,0,0,0,175.0,132.0,86.0,20.53,80,88
1,46,1,1,20,0,0,0,0,279.0,118.0,82.0,22.78,58,74
0,42,1,0,0,0,0,0,0,245.0,117.5,90.0,22.65,85,96
1,36,1,1,20,0,0,0,0,242.0,115.0,75.0,25.64,83,83
0,39,2,0,0,0,0,0,0,197.0,134.0,78.0,30.36,100,83
1,58,1,1,20,0,0,1,0,241.0,152.5,105.0,25.18,92,85
1,41,2,1,40,0,0,1,0,313.0,114.0,79.0,25.63,60,93
1,39,2,1,20,0,0,0,0,188.0,120.0,74.0,26.48,65,80
0,41,1,1,30,0,0,0,0,234.0,122.5,80.0,18.86,105,78
1,57,2,0,0,0,0,1,0,210.0,158.0,104.0,30.93,73,113
0,39,1,0,0,0,0,0,0,195.0,129.5,93.5,34.84,85,85
0,53,4,0,0,0,0,0,0,291.0,114.0,81.0,26.21,70,79
1,39,1,1,5,0,0,1,0,227.0,132.0,92.0,26.47,63,74
0,45,3,1,9,0,0,0,0,268.0,110.0,64.0,20.68,63,71
0,58,1,1,1,0,0,1,0,244.0,160.5,98.0,25.4,86,69
1,56,1,0,0,0,0,1,0,254.0,166.0,107.0,21.97,75,83
0,46,1,0,0,0,0,1,0,246.0,142.5,95.0,24.28,88,99
0,38,2,1,9,0,0,0,0,266.0,118.0,75.0,21.79,85,78
1,58,2,0,0,0,0,0,0,225.0,105.5,74.0,25.68,50,93
0,51,1,0,0,0,0,0,0,226.0,131.0,87.0,24.36,75,73
0,46,1,1,20,0,0,0,0,182.0,117.0,78.0,22.15,72,59
0,46,2,0,0,0,0,0,0,213.0,115.0,72.5,19.98,80,107
1,53,4,1,5,0,0,1,0,232.0,134.0,91.0,25.13,54,75
1,48,1,1,1,0,0,0,0,259.0,130.0,95.0,23.68,68,78
0,45,1,0,0,0,0,0,0,175.0,114.0,74.0,30.53,72,105
0,52,4,0,0,0,0,1,0,240.0,139.0,80.0,22.0,68,78
0,40,1,1,15,0,0,0,0,199.0,122.0,82.0,22.16,85,77
0,40,3,0,0,0,0,1,0,159.0,145.0,90.0,20.33,82,83
1,45,1,1,20,0,0,0,0,218.0,130.0,87.0,24.1,72,64
0,50,2,0,0,0,0,0,0,232.0,120.0,75.0,23.88,60,74
0,56,2,0,0,0,0,0,0,306.0,120.0,87.0,25.38,82,84
1,42,2,1,5,0,0,0,0,200.0,131.0,88.0,25.09,81,88
0,44,3,1,15,0,0,0,0,198.0,112.0,68.0,22.17,70,78
0,39,2,1,20,0,0,0,0,323.0,131.5,85.0,24.79,68,93
1,43,3,0,0,0,0,0,0,199.0,124.5,84.5,24.45,74,78
0,37,1,1,10,0,0,0,0,205.0,120.5,67.5,22.89,75,113
0,61,3,0,0,0,0,0,0,235.0,102.0,74.5,19.22,67,83
1,55,4,0,0,0,0,0,0,232.0,132.5,87.0,20.72,72,71
0,62,4,0,0,0,0,0,0,281.0,126.0,85.5,23.29,65,63
0,61,1,1,20,0,0,0,0,286.0,141.0,81.0,23.61,80,52
0,46,1,0,0,0,0,0,0,265.0,115.0,79.5,30.0,50,61
0,50,2,0,0,0,0,1,0,259.0,152.0,97.0,33.68,75,76
0,64,1,0,0,0,0,1,0,241.0,144.0,84.0,30.93,80,66
0,39,2,1,20,0,0,0,0,206.0,102.5,65.0,19.8,80,85
0,55,2,0,0,0,0,0,0,269.0,112.5,72.5,23.45,60,80
0,60,1,0,0,0,0,1,1,258.0,142.0,87.0,32.53,82,145
0,38,3,1,15,0,0,0,0,215.0,129.5,85.5,24.24,75,78
1,48,2,0,0,0,0,1,0,251.0,148.0,91.0,25.79,75,83
0,60,2,1,3,0,0,0,0,314.0,141.0,93.0,25.23,105,94
0,41,2,0,0,0,0,0,0,277.0,113.5,75.0,29.73,63,90
0,53,1,0,0,0,0,0,0,279.0,132.0,81.0,26.18,67,77
1,49,3,0,0,0,0,1,0,221.0,175.0,107.5,25.97,63,78
0,39,2,1,20,0,0,0,0,236.0,127.0,78.0,17.51,75,76
0,61,1,0,0,0,0,1,0,254.0,168.0,92.0,31.63,80,90
0,48,1,1,10,0,0,0,0,195.0,121.0,78.0,26.27,75,80
0,37,1,0,0,0,0,0,0,181.0,120.5,80.0,26.29,71,67
0,48,1,0,0,0,0,0,0,287.0,155.0,80.0,28.54,75,75
0,40,3,1,20,0,0,0,0,210.0,118.0,79.0,21.21,130,84
1,50,4,0,0,0,0,0,0,227.0,132.0,59.0,25.12,57,78
0,54,2,1,10,0,0,1,0,246.0,153.0,80.0,37.3,92,74
1,53,1,1,50,0,0,0,0,306.0,127.0,82.5,31.22,72,78
1,50,1,0,0,0,0,0,0,220.0,124.0,82.0,24.54,54,83
0,36,3,1,25,0,0,0,0,220.0,125.0,85.0,21.34,95,82
0,36,2,0,0,0,0,0,0,165.0,110.0,75.5,26.13,86,78
0,44,1,0,0,0,0,0,0,242.0,124.0,72.5,23.07,67,83
1,39,4,1,1,0,0,0,0,163.0,129.0,84.0,21.01,60,120
0,57,2,0,0,0,0,0,0,289.0,125.0,74.0,18.64,66,69
0,43,3,0,0,0,0,0,0,263.0,115.0,82.5,25.91,105,78
0,59,3,0,0,0,0,0,0,226.0,108.0,72.0,24.87,55,86
0,43,3,0,0,0,0,0,0,232.0,126.0,73.0,20.43,72,75
0,40,4,1,15,0,0,0,0,244.0,110.0,73.0,21.84,88,67
0,41,2,1,20,0,0,0,0,235.0,144.0,88.0,24.16,95,82
0,42,2,0,0,0,0,0,0,218.0,122.0,75.0,18.11,100,85
0,57,4,1,9,0,0,0,0,382.0,140.0,94.0,21.2,98,70
1,40,2,1,30,0,0,0,0,197.0,116.0,73.0,24.01,80,83
1,47,4,1,9,0,0,0,0,184.0,107.0,66.5,16.87,65,70
0,48,1,1,5,0,0,0,0,262.0,141.0,88.0,25.21,80,78
0,39,1,1,3,0,0,0,0,273.0,116.0,86.0,28.73,75,78
0,54,1,0,0,0,0,1,0,207.0,158.0,89.0,31.44,67,112
0,38,2,1,35,0,0,0,0,192.0,107.0,71.0,24.28,75,78
1,63,3,1,20,0,0,0,0,291.0,134.5,80.0,22.49,77,70
0,56,3,0,0,0,0,0,0,246.0,131.0,79.0,27.69,90,65
0,35,3,0,0,0,0,0,0,219.0,116.0,74.0,21.63,75,68
0,51,2,1,5,0,0,0,0,192.0,133.0,87.0,20.72,78,77
1,61,1,1,20,0,0,1,0,360.0,157.0,99.0,28.74,95,73
1,52,2,0,0,0,0,0,0,210.0,128.0,87.0,26.25,67,61
0,41,2,1,5,0,0,0,0,205.0,105.0,74.0,20.85,87,78
0,38,1,0,0,0,0,0,0,214.0,115.0,90.0,25.69,80,65
1,53,1,1,20,0,0,1,0,216.0,110.0,79.0,24.76,75,74
0,52,2,0,0,0,0,0,0,268.0,109.0,70.0,23.74,75,78
0,52,1,1,20,0,0,0,0,232.0,115.0,80.0,28.79,72,68
0,44,4,0,0,0,0,1,1,254.0,145.0,85.0,21.27,75,137
1,54,1,1,0,0,0,0,0,219.0,110.0,72.0,26.05,95,86
0,46,4,0,0,0,0,0,0,192.0,122.0,83.0,23.99,78,106
0,60,1,0,0,0,0,0,0,318.0,132.0,75.5,18.87,105,82
1,50,2,0,0,0,0,0,0,268.0,108.0,69.0,25.14,65,67
0,56,2,1,3,0,0,0,0,289.0,131.0,86.5,21.85,76,71
0,64,2,0,0,0,0,1,0,266.0,166.0,90.0,23.33,82,87
0,57,2,0,0,0,0,1,0,250.0,152.5,92.5,32.31,75,94
0,38,3,0,0,0,0,0,0,240.0,126.5,75.5,24.38,71,64
1,54,3,1,20,0,0,1,0,298.0,133.0,84.0,25.59,90,94
1,45,2,1,20,0,0,0,0,212.0,119.0,72.0,22.33,60,91
0,55,2,0,0,0,0,0,0,175.0,107.5,65.0,20.17,68,79
1,45,1,0,0,0,0,0,0,172.0,119.0,84.0,28.25,58,98
0,45,3,0,0,0,0,0,0,297.0,134.0,93.0,28.81,92,74
0,54,2,0,0,0,0,0,0,270.0,98.0,64.0,22.02,67,75
0,36,3,0,0,0,0,0,0,230.0,112.5,73.5,22.36,63,65
0,48,2,0,0,0,0,0,0,196.0,96.0,70.0,22.72,60,68
1,68,1,0,0,0,0,0,0,230.0,124.0,70.0,22.85,70,60
0,39,1,0,0,0,0,0,0,227.0,138.0,89.0,26.74,95,60
1,41,2,0,0,0,0,0,0,245.0,134.0,98.0,24.26,85,78
0,58,2,1,3,0,0,0,0,234.0,120.0,80.0,29.25,78,75
1,56,1,1,17,0,0,0,0,177.0,127.0,79.0,20.12,70,88
0,51,2,0,0,0,0,0,0,295.0,131.0,87.0,24.41,85,77
0,49,2,0,0,0,0,1,0,285.0,138.0,91.0,25.94,83,84
0,48,2,1,20,0,0,0,0,182.0,121.0,72.0,26.39,76,78
1,44,1,1,20,0,0,1,0,316.0,135.0,95.0,25.48,75,68
0,43,2,1,20,0,0,0,0,250.0,123.0,74.0,26.01,75,90
0,40,1,1,15,0,0,0,0,220.0,131.5,82.5,24.35,80,78
0,51,1,0,0,0,0,0,0,236.0,115.0,71.0,23.48,80,84
0,52,1,1,10,0,0,0,0,188.0,130.0,71.0,23.88,80,89
0,40,2,0,0,0,0,0,0,205.0,97.0,63.0,26.56,83,80
0,35,2,0,0,0,0,0,0,135.0,105.0,69.0,22.88,70,76
0,41,4,1,20,0,0,0,0,243.0,97.0,63.0,22.53,76,64
1,57,1,0,0,0,0,0,1,213.0,136.5,87.0,25.51,58,119
0,59,3,0,0,0,0,1,0,273.0,145.0,90.0,23.94,78,82
1,53,4,0,0,0,0,0,0,225.0,108.5,73.0,26.55,54,73
1,59,4,0,0,0,0,0,0,237.0,111.0,80.0,29.77,65,72
1,51,1,1,9,0,0,0,0,255.0,115.0,67.0,26.97,83,58
1,48,3,1,20,0,0,0,0,187.0,102.0,69.0,24.24,68,72
0,38,3,1,25,0,0,0,0,205.0,117.5,77.0,21.44,100,78
1,44,2,1,40,0,0,0,0,189.0,130.0,90.0,22.33,90,64
1,42,3,0,0,0,0,1,0,252.0,151.5,95.0,25.74,78,73
0,54,3,0,0,0,0,1,0,239.0,142.5,83.5,30.47,83,84
1,60,4,0,0,0,0,0,0,250.0,133.0,89.5,27.13,90,78
0,48,1,0,0,0,0,1,0,224.0,152.5,90.0,29.8,67,85
1,41,2,0,0,0,0,0,0,190.0,124.0,83.0,27.02,75,87
1,57,2,1,20,0,0,0,0,210.0,120.0,77.5,27.14,77,71
0,50,4,0,0,0,0,0,0,274.0,125.0,87.0,21.67,75,73
0,41,4,0,0,0,0,0,0,257.0,122.0,73.0,24.17,96,104
0,45,2,0,0,0,0,0,0,218.0,110.0,70.0,20.24,80,78
0,51,3,0,0,0,0,1,0,304.0,132.0,80.0,25.15,85,106
1,55,4,0,0,0,0,0,1,245.0,133.0,78.0,29.05,73,115
1,33,2,0,0,0,0,1,0,165.0,141.5,95.0,26.74,54,77
0,63,1,0,0,1,0,1,0,281.0,135.0,83.0,24.91,63,68
0,45,3,0,0,0,0,0,0,186.0,104.5,71.0,31.35,55,78
0,36,3,1,20,0,0,0,0,214.0,107.5,66.0,22.02,80,103
0,50,2,1,20,0,0,0,0,258.0,123.0,70.0,19.72,80,71
1,56,1,1,20,0,0,0,0,278.0,133.0,84.0,22.67,85,96
1,52,4,1,15,0,0,0,0,190.0,118.0,80.0,24.47,50,88
0,63,2,0,0,0,0,0,0,207.0,127.0,75.0,22.26,70,77
0,44,2,1,10,0,0,1,0,174.0,174.0,130.0,33.99,80,63
0,35,3,0,0,0,0,0,0,190.0,115.0,77.0,23.95,70,80
0,44,2,0,0,1,0,1,0,208.0,142.0,88.0,31.29,69,77
1,39,1,1,40,0,0,0,0,251.0,115.0,77.0,24.01,65,98
0,34,2,1,20,0,0,0,0,220.0,117.5,67.5,20.79,63,86
1,47,3,1,20,0,0,0,0,281.0,119.0,81.0,23.72,80,65
0,45,3,0,0,0,0,0,0,237.0,118.0,84.0,22.53,68,78
0,65,2,0,0,0,0,0,0,221.0,155.0,92.0,31.34,58,78
0,43,2,0,0,0,0,0,0,255.0,130.0,85.0,29.56,80,78
0,40,1,0,0,0,0,0,0,187.0,105.0,74.0,23.26,80,69
0,40,3,1,20,0,0,0,0,247.0,125.0,83.0,22.55,85,80
1,57,1,0,0,0,0,0,0,206.0,124.0,80.0,23.04,66,60
0,52,3,0,0,0,0,0,0,272.0,112.5,75.5,22.69,90,83
1,43,2,1,40,0,0,1,0,188.0,137.0,87.0,26.28,75,73
0,43,2,1,20,0,0,0,0,208.0,119.0,69.0,19.48,67,73
0,41,3,0,0,0,0,0,0,192.0,103.0,72.5,22.72,61,70
0,60,1,1,15,0,0,0,0,353.0,116.0,82.0,22.66,85,71
0,38,2,0,0,0,0,0,0,255.0,125.0,85.0,23.05,72,73
0,50,2,1,9,0,0,1,0,161.0,145.0,89.0,20.3,66,81
0,58,1,0,0,0,0,1,0,239.0,121.0,81.0,35.19,58,70
0,40,2,0,0,0,0,0,0,234.0,119.0,81.0,24.6,75,78
0,49,1,0,0,0,0,1,0,262.0,145.0,81.0,23.1,75,83
1,54,1,1,20,0,0,1,0,214.0,147.0,74.0,24.71,96,87
0,43,2,0,0,0,0,0,0,194.0,122.5,82.0,35.16,75,80
1,57,1,0,0,0,0,1,0,241.0,163.5,93.0,31.68,80,67
0,63,1,0,0,0,0,0,0,234.0,140.0,93.0,28.69,60,87
1,55,1,1,20,0,0,0,0,243.0,116.0,72.0,24.73,95,72
0,48,1,0,0,0,0,0,0,255.0,120.0,77.5,28.6,75,75
1,51,3,1,20,0,0,0,0,163.0,126.0,78.0,26.56,63,78
0,61,4,0,0,0,0,1,0,235.0,207.0,122.5,31.64,80,72
1,42,1,0,0,0,0,0,0,186.0,134.0,86.5,25.71,88,92
1,44,4,0,0,0,0,0,0,211.0,130.0,85.5,26.98,60,82
1,38,4,0,0,0,0,0,0,240.0,122.5,80.0,23.97,60,43
1,63,1,0,0,0,0,0,0,237.0,113.0,80.0,27.61,90,71
0,49,2,1,20,0,0,0,0,239.0,123.0,72.0,23.35,62,78
1,47,2,1,1,0,0,0,0,183.0,112.5,73.0,24.27,68,80
1,41,3,0,0,0,0,1,0,250.0,150.0,92.0,33.29,85,85
0,46,3,0,0,0,0,0,0,230.0,115.0,75.0,22.9,58,79
0,37,2,1,20,0,0,0,0,223.0,115.0,72.0,22.71,76,63
1,47,2,1,20,0,0,0,0,200.0,126.0,86.0,26.84,80,96
0,62,1,0,0,0,0,0,0,242.0,137.0,75.0,30.51,60,78
0,43,2,1,20,0,0,0,0,291.0,106.0,65.0,23.83,68,82
1,46,3,0,0,0,0,1,0,256.0,138.0,105.0,26.97,98,100
1,36,4,0,0,0,0,0,0,172.0,122.5,82.5,28.53,82,75
1,45,4,1,20,0,0,0,0,202.0,99.0,76.0,24.61,94,78
1,43,3,1,30,0,0,0,0,218.0,121.0,69.0,24.21,65,103
1,38,2,1,20,0,0,0,0,279.0,124.0,87.0,26.68,76,75
0,43,4,0,0,0,0,0,0,240.0,110.5,66.0,24.09,67,80
0,55,2,1,5,0,0,0,0,315.0,123.0,77.5,26.21,75,84
1,37,3,1,0,0,0,0,0,188.0,123.5,77.0,26.62,65,80
1,40,3,0,0,0,0,1,0,286.0,111.0,95.5,29.42,70,89
0,43,2,0,0,0,0,0,0,273.0,119.0,72.0,24.59,90,75
0,47,4,1,20,0,0,0,0,241.0,122.5,77.0,22.18,90,78
0,39,4,0,0,0,0,0,0,216.0,126.0,86.0,22.72,90,70
1,34,4,0,0,0,0,0,0,227.0,131.5,84.0,25.41,60,87
1,40,3,1,20,0,0,0,0,248.0,136.5,78.0,24.6,90,99
0,49,4,0,0,0,0,0,0,232.0,125.0,83.0,22.17,70,77
1,50,1,0,0,0,0,1,0,219.0,145.0,100.0,26.26,78,108
1,56,1,0,0,0,0,0,0,220.0,113.0,83.0,25.12,58,86
0,49,1,1,0,0,0,0,0,252.0,123.0,69.0,21.45,72,89
0,43,1,0,0,0,0,0,0,185.0,123.5,77.5,29.89,70,78
1,36,2,1,20,0,0,0,0,226.0,124.5,84.5,21.63,68,74
1,38,3,0,0,0,0,1,0,252.0,125.0,92.0,24.72,60,69
1,57,4,1,30,0,0,1,0,256.0,135.0,88.0,29.51,60,75
0,46,2,0,0,0,0,0,0,212.0,132.0,82.0,34.52,80,72
0,37,4,1,20,0,0,0,0,240.0,120.0,79.0,23.09,75,80
0,56,1,0,0,0,0,1,0,290.0,164.5,102.0,30.33,70,105
0,38,3,1,20,0,0,0,0,175.0,112.0,73.0,19.49,70,71
0,52,1,0,0,0,0,0,0,263.0,132.5,87.0,30.42,75,64
0,40,2,0,0,0,0,0,0,267.0,150.0,93.0,31.77,93,74
0,35,2,0,0,0,0,0,0,234.0,107.5,70.0,29.22,73,78
0,40,4,1,15,0,0,0,0,155.0,121.0,86.0,23.16,70,59
0,41,3,0,0,0,0,0,0,180.0,124.0,75.5,24.2,68,78
0,39,2,1,20,0,0,0,0,149.0,122.0,72.0,21.3,85,75
1,42,1,1,20,0,0,0,0,234.0,125.0,86.0,28.09,70,70
0,56,1,1,20,0,0,0,0,212.0,117.5,72.5,27.3,75,75
1,35,3,1,15,0,0,0,0,196.0,107.5,66.5,22.64,45,79
1,42,3,1,20,0,0,0,0,231.0,123.0,87.0,21.48,75,44
0,51,1,0,0,0,0,0,0,226.0,130.0,80.0,23.24,60,63
0,44,4,1,1,0,0,0,0,253.0,118.0,68.0,22.72,68,110
1,68,1,0,0,0,0,0,0,239.0,130.0,80.0,23.25,64,95
0,46,1,1,15,0,0,0,0,210.0,117.0,78.5,22.54,72,115
0,42,3,0,0,0,0,0,0,260.0,118.5,74.5,22.19,60,75
1,40,2,0,0,0,0,0,0,208.0,148.0,100.0,32.84,85,102
1,42,2,1,20,0,0,0,0,184.0,114.5,76.0,29.89,66,59
0,59,2,1,1,0,0,0,0,236.0,139.0,84.0,22.7,63,78
0,50,1,1,9,0,0,0,0,229.0,114.0,68.0,23.2,90,70
1,44,4,1,25,0,0,0,0,210.0,103.0,78.0,34.89,62,77
0,58,2,0,0,0,0,0,0,246.0,132.5,82.0,19.09,59,78
1,59,1,1,20,0,0,0,0,163.0,138.0,80.0,31.08,70,70
1,38,4,0,0,0,0,0,0,235.0,118.0,77.0,25.87,60,82
0,44,4,0,0,0,0,0,0,205.0,109.0,73.0,17.48,75,57
0,44,2,1,30,0,0,0,0,245.0,125.0,80.5,24.58,64,80
1,48,2,1,43,0,0,1,0,210.0,162.5,87.5,24.32,95,78
0,45,2,1,10,0,0,1,0,232.0,163.0,101.0,23.26,100,74
1,45,2,0,0,0,0,0,0,215.0,104.0,72.0,30.34,70,79
1,55,3,1,20,0,0,0,0,214.0,110.0,71.0,24.24,75,72
0,44,2,1,8,0,0,0,0,179.0,122.0,70.0,24.37,72,78
0,38,4,0,0,0,0,0,0,150.0,108.0,70.5,20.42,72,88
1,43,4,0,0,0,0,0,0,217.0,115.0,80.0,28.82,52,70
0,41,2,1,5,0,0,0,0,220.0,108.5,80.0,20.18,94,78
0,55,1,0,0,0,0,0,0,211.0,136.0,70.0,34.4,75,83
1,56,1,0,0,0,0,0,0,243.0,128.5,75.0,27.68,80,89
0,43,2,1,20,0,0,0,0,276.0,99.0,62.0,22.17,60,80
1,51,3,0,0,0,0,0,0,245.0,124.0,69.0,21.52,85,78
1,43,2,1,38,0,0,0,0,207.0,130.0,86.0,24.96,75,103
1,39,1,1,60,0,0,0,0,215.0,112.0,65.0,23.6,59,78
1,58,1,0,0,0,0,0,0,234.0,116.5,71.0,27.04,70,86
1,46,1,1,30,0,0,0,0,198.0,128.0,85.0,29.0,75,77
0,46,1,0,0,0,0,1,0,238.0,162.0,87.5,26.95,100,93
1,51,3,0,0,0,0,0,0,218.0,115.0,75.0,25.62,82,62
0,46,1,1,20,0,0,0,0,203.0,117.0,68.0,21.5,110,85
1,44,2,1,20,0,0,0,0,211.0,145.0,88.0,23.39,60,79
0,40,2,0,0,0,0,0,0,190.0,112.0,80.0,26.13,93,78
0,52,2,1,20,0,0,0,0,410.0,105.0,67.5,27.33,75,90
0,48,4,1,3,0,0,0,0,249.0,132.0,78.0,23.1,70,137
1,57,2,1,1,0,0,0,0,242.0,102.0,61.0,23.5,70,82
0,48,3,0,0,0,0,0,0,262.0,125.0,80.0,25.23,85,72
0,40,2,1,9,0,0,0,0,262.0,97.0,71.0,22.14,72,80
1,59,1,0,0,0,0,0,0,229.0,100.5,66.0,25.18,44,81
1,46,1,1,30,0,0,0,1,217.0,115.0,72.0,21.34,90,73
1,46,1,1,9,0,0,0,0,255.0,113.5,72.5,23.22,60,78
0,38,2,1,20,0,0,0,0,199.0,117.0,78.5,18.18,90,73
0,61,1,0,0,0,0,1,0,256.0,160.0,109.0,42.53,81,79
0,63,2,0,0,0,0,0,0,234.0,127.5,80.0,32.78,73,78
1,36,2,1,20,0,0,1,0,248.0,135.0,94.5,36.52,65,85
1,43,3,1,10,0,0,0,0,285.0,100.5,66.0,22.05,65,75
1,49,1,0,0,0,0,1,0,152.0,120.0,90.0,23.03,77,93
0,47,3,1,20,0,0,0,0,167.0,115.0,70.0,22.71,75,100
0,40,3,0,0,0,0,0,0,251.0,135.0,87.0,31.6,75,80
1,35,2,0,0,0,0,1,0,245.0,159.0,95.5,26.23,110,78
1,42,1,0,0,0,0,0,0,266.0,139.0,88.0,23.61,75,78
1,40,3,1,40,0,0,0,0,208.0,120.0,80.0,25.98,75,66
0,42,2,0,0,0,0,1,0,196.0,136.0,88.0,34.55,75,78
0,62,1,0,0,0,0,1,0,262.0,175.0,85.0,30.91,68,72
0,45,2,0,0,0,0,0,0,262.0,116.0,66.0,21.56,66,76
1,48,2,1,43,0,0,1,0,209.0,144.0,88.0,29.11,84,60
0,52,1,0,0,0,0,0,0,234.0,148.0,78.0,34.17,70,113
0,53,3,0,0,0,0,0,0,280.0,135.0,87.0,27.17,80,80
1,56,1,1,20,0,0,0,0,191.0,130.0,70.0,26.09,75,97
0,47,1,1,30,0,0,0,0,260.0,126.5,81.0,26.58,90,82
0,47,2,1,10,0,0,0,0,191.0,125.0,72.5,23.81,75,85
1,66,1,0,0,0,0,1,0,253.0,163.0,86.0,24.35,70,91
0,42,2,0,0,0,0,1,0,246.0,125.0,80.0,29.02,100,98
0,41,1,1,20,0,0,1,0,167.0,147.5,87.5,32.52,75,80
1,51,1,1,43,0,0,1,0,176.0,140.0,88.0,27.56,110,83
0,51,3,1,15,0,0,1,0,275.0,150.0,99.0,23.17,75,65
0,42,2,0,0,0,0,1,0,263.0,150.0,88.0,23.68,96,78
1,48,2,0,0,0,0,0,0,274.0,134.0,84.0,31.78,85,80
1,41,2,0,0,0,0,0,0,280.0,117.5,80.0,28.68,65,65
0,57,1,1,1,0,0,0,0,240.0,142.0,85.0,22.55,80,77
1,44,1,1,20,0,0,0,0,277.0,114.0,81.0,27.51,62,76
0,49,3,0,0,0,0,0,0,210.0,116.0,76.0,28.86,65,71
0,39,2,0,0,0,0,0,0,201.0,151.0,94.0,31.48,80,74
0,49,2,1,20,0,0,0,0,283.0,127.0,86.0,23.68,95,78
1,40,2,1,20,0,0,0,0,193.0,122.0,78.0,28.4,70,93
1,48,4,0,0,0,0,0,0,233.0,138.0,88.5,23.62,86,68
0,42,4,1,6,0,0,0,0,219.0,120.0,70.0,24.1,57,73
1,52,1,0,0,0,0,1,0,260.0,141.5,89.0,26.36,76,79
1,62,3,0,0,0,0,0,0,202.0,111.0,79.5,27.91,80,100
1,37,2,1,30,0,0,0,0,246.0,124.0,83.0,30.93,60,85
0,52,2,1,20,0,0,0,0,190.0,117.0,75.0,21.48,67,67
1,47,2,1,20,0,0,0,0,210.0,131.0,74.0,18.88,60,86
1,38,2,1,43,0,0,1,0,170.0,130.0,94.0,23.9,110,75
0,59,1,1,9,0,0,0,0,184.0,122.0,74.0,24.66,78,67
0,42,4,0,0,0,0,0,0,238.0,125.0,77.5,22.9,95,77
0,43,1,1,20,0,0,0,0,245.0,112.5,80.0,23.43,90,77
0,36,3,0,0,0,0,1,0,264.0,123.0,94.5,28.59,75,70
0,45,3,1,3,0,0,0,0,152.0,118.5,76.0,25.38,74,68
1,38,2,1,7,0,0,0,0,229.0,116.0,70.0,26.65,77,71
0,51,1,0,0,0,0,0,0,198.0,128.0,90.0,26.32,70,75
0,38,4,0,0,0,0,0,0,254.0,120.5,76.0,22.73,75,78
0,55,3,0,0,0,0,0,0,210.0,112.0,76.0,20.53,71,65
1,36,2,0,0,0,0,0,0,186.0,121.0,79.5,27.08,56,65
0,44,3,0,0,0,0,0,0,270.0,131.5,76.0,22.19,68,113
1,57,1,1,30,0,0,0,0,167.0,127.0,69.0,28.13,83,107
1,41,2,0,0,0,0,0,0,274.0,121.0,61.5,25.42,80,76
1,37,2,1,20,0,0,0,0,232.0,129.0,74.0,24.46,86,88
0,39,2,1,15,0,0,0,0,284.0,115.5,65.5,20.39,64,78
1,36,1,1,20,0,0,0,0,203.0,101.5,67.0,24.43,65,74
1,40,4,1,30,0,0,0,0,212.0,120.0,80.0,24.01,65,57
1,38,2,0,0,0,0,0,0,235.0,121.0,83.0,25.85,92,75
0,39,3,0,0,0,0,1,0,220.0,137.5,101.5,22.85,60,88
0,46,1,0,0,0,0,0,0,222.0,131.0,80.0,25.46,72,72
0,42,3,0,0,0,0,0,0,188.0,122.5,75.0,24.56,89,68
0,42,1,1,20,0,0,0,0,228.0,122.0,85.0,23.99,69,68
0,40,3,0,0,0,0,0,0,180.0,136.5,89.0,17.61,84,77
1,52,1,0,0,0,0,1,0,220.0,151.0,102.0,25.82,95,85
1,43,1,0,0,0,0,0,0,245.0,105.0,59.5,30.55,85,77
0,48,4,1,3,0,0,1,0,247.0,142.5,86.5,24.87,53,68
0,64,1,0,0,0,0,1,0,282.0,158.0,105.0,24.37,75,71
0,53,2,1,20,0,0,0,0,262.0,127.5,86.0,24.11,87,73
0,43,3,0,0,0,0,0,0,202.0,115.5,68.0,23.33,76,73
0,33,3,1,15,0,0,0,0,199.0,116.0,81.0,21.61,75,93
0,48,1,0,0,0,0,0,0,225.0,132.0,80.0,21.35,60,74
1,40,2,1,5,0,0,0,0,193.0,130.0,86.5,23.48,88,78
0,42,2,1,2,0,0,0,0,230.0,124.0,80.0,24.87,90,77
0,39,2,0,0,0,0,1,0,200.0,141.0,87.0,24.04,75,70
0,56,2,1,25,0,0,0,0,273.0,130.5,82.0,25.48,90,91
1,44,3,0,0,0,0,0,0,243.0,146.0,91.0,26.72,80,104
1,40,2,0,0,0,0,0,0,190.0,121.5,74.5,29.35,73,93
0,42,2,1,20,0,0,0,0,246.0,120.0,70.0,19.42,72,78
0,44,3,1,15,0,0,0,0,242.0,135.0,89.0,23.29,70,77
0,37,2,1,10,0,0,0,0,217.0,110.0,78.5,32.26,110,84
0,39,3,0,0,0,0,0,0,195.0,119.0,84.0,24.6,65,73
1,39,2,1,20,0,0,0,0,212.0,107.5,67.5,27.43,87,77
1,63,1,0,0,0,0,0,1,229.0,109.0,75.0,38.42,110,120
0,42,2,0,0,0,0,0,0,205.0,112.0,65.0,27.35,79,60
0,40,2,0,0,0,0,1,0,254.0,132.0,92.0,23.45,75,62
0,43,2,0,0,0,0,0,0,247.0,131.0,88.0,27.64,72,61
1,50,1,0,0,0,0,0,0,227.0,114.0,87.0,33.1,92,120
1,39,1,0,0,0,0,0,0,160.0,124.0,90.0,26.82,50,67
1,45,2,1,5,0,0,0,0,217.0,130.0,82.0,26.95,50,85
0,48,1,1,4,0,0,0,0,253.0,120.0,77.5,24.53,70,98
0,44,1,1,5,0,0,0,0,214.0,102.0,68.0,32.82,88,80
0,47,2,1,20,0,0,0,0,234.0,121.0,70.0,23.09,80,83
1,38,1,1,30,0,0,0,0,281.0,111.0,72.5,27.22,95,80
0,41,1,1,5,0,0,0,0,210.0,116.0,75.5,23.54,67,78
0,40,3,1,20,0,0,0,0,237.0,112.5,77.5,23.58,75,84
1,48,2,1,15,0,0,0,0,214.0,114.0,80.0,26.27,95,99
0,50,1,1,20,0,0,0,0,221.0,112.0,69.0,24.07,80,79
1,44,2,0,0,0,0,1,0,254.0,123.0,90.0,24.44,66,72
0,43,3,1,1,0,0,0,0,270.0,145.5,82.0,21.1,80,87
1,58,2,1,20,0,0,0,0,282.0,110.0,70.0,26.4,70,78
0,47,2,0,0,0,0,1,0,202.0,140.0,82.0,22.88,75,95
1,36,4,0,0,0,0,0,0,194.0,117.0,90.0,27.08,73,87
1,53,4,0,0,0,0,0,0,292.0,112.5,82.5,25.04,67,82
1,61,1,0,0,0,0,0,0,193.0,108.5,71.0,31.31,60,78
1,53,2,0,0,0,0,0,0,202.0,119.0,80.0,23.98,64,78
1,49,2,0,0,0,0,0,0,220.0,114.0,82.0,24.68,69,60
0,44,1,1,9,0,0,0,0,140.0,118.0,74.0,26.51,80,82
0,46,2,1,20,0,0,0,0,212.0,122.5,75.5,23.51,67,103
0,45,2,1,20,0,0,0,0,280.0,116.0,69.0,26.45,99,92
0,41,1,0,0,0,0,0,0,170.0,113.5,65.5,31.71,73,93
1,41,1,1,15,0,0,0,0,198.0,114.5,80.0,22.53,72,75
1,40,2,1,20,0,0,0,0,266.0,101.0,73.0,25.4,70,64
0,39,1,0,0,0,0,0,0,243.0,116.0,79.0,22.44,85,82
0,40,2,0,0,0,0,0,0,178.0,119.0,78.5,23.28,72,75
0,53,2,0,0,0,0,0,0,185.0,96.0,72.0,21.35,60,82
0,43,1,1,10,0,0,0,0,216.0,116.0,74.0,22.65,90,78
1,45,3,0,0,0,0,0,0,185.0,108.0,70.0,20.5,60,87
0,54,3,0,0,0,0,0,0,248.0,131.0,71.0,24.89,80,73
0,35,2,1,5,0,0,0,0,186.0,106.0,78.0,24.73,60,70
0,56,3,0,0,0,0,0,0,267.0,114.0,71.0,24.81,78,90
0,54,1,0,0,0,0,0,0,262.0,113.5,80.0,26.42,75,67
1,43,1,1,30,0,0,0,0,262.0,105.0,72.5,28.36,82,70
1,49,3,1,15,0,0,0,0,208.0,118.0,73.0,24.16,75,75
0,42,4,0,0,0,0,0,0,250.0,115.0,79.0,26.93,65,79
0,60,1,1,5,0,0,1,0,246.0,160.0,92.0,26.38,80,73
1,47,2,1,20,0,0,1,0,234.0,162.0,110.0,27.51,80,85
0,50,3,0,0,0,0,1,0,254.0,132.0,96.0,29.35,90,67
0,41,4,0,0,0,0,0,0,204.0,129.0,86.0,20.72,60,70
1,42,4,0,0,0,0,0,0,191.0,118.0,80.0,24.98,62,63
1,59,1,0,0,0,0,0,0,274.0,144.5,91.5,26.08,67,63
0,55,4,0,0,0,0,0,0,230.0,113.0,82.0,24.99,68,78
0,42,3,0,0,0,0,0,0,204.0,108.0,70.5,27.71,75,65
0,39,4,0,0,0,0,0,0,181.0,112.0,71.0,21.8,77,67
0,40,2,0,0,0,0,0,0,290.0,122.0,85.0,24.06,87,70
0,40,3,1,1,0,0,0,0,205.0,125.0,73.5,20.68,83,99
0,44,1,1,5,0,0,1,0,181.0,150.0,101.0,23.74,95,86
0,41,2,1,3,0,0,0,0,226.0,130.0,80.0,25.25,75,73
1,42,2,1,40,0,0,0,0,245.0,105.0,70.0,22.41,65,69
1,49,1,1,20,0,0,0,0,221.0,101.0,61.0,23.94,75,79
1,51,4,1,20,0,0,0,0,215.0,115.0,69.0,25.7,68,77
0,58,1,1,20,0,0,0,0,234.0,126.0,77.0,30.08,78,78
0,39,2,0,0,0,0,0,0,185.0,109.0,78.0,29.68,63,93
0,41,2,1,1,0,0,0,0,237.0,122.0,78.0,23.28,75,74
0,48,2,0,0,0,0,0,0,237.0,124.5,66.5,33.29,80,91
0,44,2,0,0,0,0,1,0,187.0,122.0,83.0,30.4,85,75
1,46,4,1,9,0,0,1,0,260.0,137.5,94.0,32.37,78,78
0,35,2,0,0,0,0,0,0,248.0,107.0,73.0,20.64,90,80
1,51,4,0,0,0,0,0,0,230.0,115.5,85.0,30.75,48,85
0,56,2,0,0,0,0,1,0,223.0,144.0,87.0,21.75,72,92
0,37,1,0,0,0,0,0,0,261.0,123.0,75.0,26.72,90,85
0,48,4,0,0,0,0,0,0,200.0,118.0,78.0,24.53,63,98
0,55,1,0,0,0,0,0,0,331.0,128.0,84.0,21.18,70,76
1,46,2,0,0,0,0,0,0,188.0,135.0,95.0,26.84,60,78
1,53,2,1,0,0,0,0,0,276.0,130.0,86.0,24.21,58,82
1,54,2,1,3,0,0,1,0,279.0,155.0,105.0,26.47,78,66
1,43,2,1,20,0,0,0,0,195.0,113.0,81.0,34.32,70,87
0,49,3,1,1,0,0,0,0,248.0,137.0,79.0,21.6,85,74
1,48,2,1,20,0,0,0,0,194.0,102.5,69.0,18.55,79,83
0,63,1,0,0,0,0,0,0,229.0,120.0,82.0,25.58,78,73
0,45,3,0,0,0,0,0,0,254.0,104.0,73.0,19.46,60,77
1,53,3,1,43,0,0,1,0,193.0,142.5,100.0,24.15,82,69
1,45,1,1,10,0,0,0,0,150.0,105.5,57.5,23.21,70,87
0,45,1,0,0,0,0,1,0,183.0,151.0,101.0,45.8,80,63
1,38,2,1,50,0,0,0,0,300.0,120.0,74.0,28.74,70,78
0,53,1,0,0,0,0,0,0,328.0,121.0,70.0,30.75,90,77
0,45,3,0,0,0,0,0,0,129.0,109.0,69.0,22.36,75,78
0,43,2,0,0,0,0,0,0,190.0,111.0,74.0,24.47,72,78
1,36,3,0,0,0,0,0,0,180.0,111.0,73.0,27.78,71,80
0,54,2,0,0,0,0,1,0,320.0,165.0,84.0,38.31,80,99
0,48,3,0,0,0,0,0,0,281.0,127.0,79.5,22.83,84,80
0,46,2,1,20,0,0,0,0,250.0,115.0,74.0,22.7,100,69
0,56,3,0,0,0,0,0,0,254.0,113.0,61.0,25.5,79,87
1,59,1,1,15,0,0,0,0,259.0,116.0,83.0,27.93,80,83
1,55,1,0,0,0,0,1,0,246.0,147.0,86.5,24.8,75,76
1,47,4,0,0,0,0,0,0,194.0,115.0,82.0,28.23,48,76
0,44,2,0,0,0,0,0,0,226.0,123.0,82.0,24.67,72,70
0,36,1,0,0,0,0,0,0,195.0,116.0,76.0,22.16,88,77
1,45,1,1,20,0,0,0,0,212.0,118.0,71.0,21.03,66,83
0,40,2,0,0,0,0,0,0,159.0,142.0,90.5,22.31,100,78
0,43,2,1,15,0,0,0,0,190.0,103.0,67.5,24.08,89,69
0,36,2,1,15,0,0,0,0,204.0,112.0,78.0,28.74,85,82
1,51,1,1,40,0,0,0,0,212.0,122.5,73.0,22.34,75,74
0,46,1,1,30,0,0,0,0,219.0,107.0,69.0,21.4,66,78
0,51,3,0,0,0,0,1,0,198.0,142.5,80.0,23.86,76,100
0,54,2,0,0,0,0,0,0,193.0,118.0,84.0,24.9,70,82
1,55,1,0,0,0,0,0,0,298.0,169.5,104.5,27.51,76,78
1,46,2,1,43,0,0,1,0,259.0,125.0,89.0,24.8,100,57
1,49,2,1,5,0,0,0,0,260.0,111.0,70.0,24.24,75,87
1,43,2,1,20,0,0,0,0,153.0,130.0,83.5,19.84,63,78
1,61,1,0,0,0,0,0,0,238.0,119.0,78.0,25.36,80,75
0,35,2,0,0,0,0,0,0,274.0,104.0,61.0,25.4,60,68
0,47,1,0,0,0,0,0,0,289.0,126.5,84.0,21.71,69,70
0,42,4,0,0,0,0,0,0,183.0,111.0,71.0,19.78,66,81
0,55,3,0,0,0,0,0,0,238.0,137.5,87.0,26.89,67,107
1,42,2,1,30,0,0,0,0,256.0,111.0,62.0,21.67,74,74
1,37,2,1,20,0,0,0,0,220.0,130.0,83.0,26.71,68,78
1,52,1,0,0,0,0,0,0,222.0,125.0,76.0,25.23,60,77
0,53,4,0,0,0,0,1,0,243.0,188.5,106.5,29.82,68,70
0,51,2,0,0,0,0,1,0,351.0,134.0,97.5,21.66,100,78
0,40,2,0,0,0,0,0,0,230.0,123.5,81.0,27.91,95,65
1,40,3,1,30,0,0,0,0,190.0,110.0,70.0,24.63,60,72
0,44,2,0,0,0,0,1,0,169.0,179.0,107.0,44.55,70,77
0,43,1,1,15,0,0,0,0,179.0,101.0,68.5,19.83,79,76
1,45,1,0,0,0,0,0,0,258.0,114.0,80.0,26.6,80,68
0,41,4,1,15,0,0,0,0,207.0,111.0,60.0,18.48,60,76
1,43,4,1,25,0,0,0,0,296.0,137.0,90.0,23.97,72,97
0,37,1,0,0,0,0,0,0,209.0,110.0,77.5,17.93,77,80
1,56,3,0,0,0,0,0,0,205.0,129.0,83.5,28.82,56,64
0,57,2,1,1,0,0,1,0,254.0,174.0,84.5,24.22,90,76
0,43,3,0,0,0,0,1,0,240.0,141.0,91.0,29.25,78,65
1,42,4,0,0,0,0,0,0,195.0,112.0,74.5,23.37,58,110
0,45,1,0,0,0,0,0,0,285.0,107.5,80.0,28.06,74,78
0,42,1,1,30,0,0,0,0,187.0,96.0,67.0,24.23,72,84
1,39,3,0,0,0,0,0,0,221.0,126.0,80.0,23.9,64,80
0,50,1,1,20,0,0,1,0,248.0,154.5,104.0,19.88,75,87
0,52,1,0,0,0,0,0,0,280.0,127.5,81.5,33.9,82,70
1,48,1,0,0,0,0,1,0,232.0,130.5,90.0,29.07,85,118
1,41,2,0,0,0,0,0,0,247.0,104.0,73.0,23.7,68,68
0,34,2,1,20,0,0,0,0,180.0,111.0,56.0,21.51,91,78
1,39,2,1,20,0,0,0,0,310.0,134.0,90.0,35.11,69,88
0,41,1,0,0,0,0,0,0,179.0,111.0,79.0,25.87,85,82
1,44,4,1,20,0,0,0,0,225.0,130.0,77.5,21.19,92,82
1,53,4,0,0,0,0,0,0,241.0,113.0,84.0,28.27,62,73
0,35,2,0,0,0,0,0,0,175.0,121.5,74.5,20.86,92,93
0,57,3,1,20,0,0,0,0,200.0,108.0,77.0,18.55,70,87
1,36,4,1,35,0,0,0,0,240.0,114.0,76.0,25.82,66,78
1,62,3,0,0,0,0,0,0,332.0,119.5,74.0,28.5,68,92
1,39,2,1,25,0,0,0,0,217.0,119.0,85.0,23.32,66,96
0,38,2,1,15,0,0,0,0,176.0,110.0,80.0,24.03,100,113
0,39,2,0,0,0,0,0,0,190.0,120.0,80.0,27.16,70,85
1,42,3,1,20,0,0,0,0,220.0,119.0,73.5,23.31,67,63
1,35,2,1,20,0,0,0,0,223.0,128.0,82.0,19.99,80,67
1,40,2,0,0,0,0,0,0,193.0,130.0,89.0,28.32,96,84
0,46,2,0,0,0,0,1,0,184.0,188.0,123.0,34.36,90,78
0,44,2,1,15,0,0,0,0,244.0,101.0,66.0,25.38,85,76
0,44,1,1,8,0,0,0,0,351.0,106.0,65.0,25.34,95,69
0,63,1,0,0,0,0,1,0,258.0,166.0,92.0,26.91,75,78
1,36,2,0,0,0,0,0,0,163.0,111.0,73.0,30.18,70,90
0,51,1,1,20,0,0,0,0,262.0,102.0,64.0,28.06,80,66
0,41,3,0,0,0,0,0,0,228.0,108.0,62.0,23.92,63,99
0,43,2,1,10,0,0,0,0,243.0,116.5,80.0,26.87,68,78
1,45,1,0,0,0,0,1,0,218.0,128.0,90.0,32.15,80,77
0,42,2,1,9,0,0,0,0,185.0,123.0,74.0,24.41,83,92
1,45,1,1,3,0,0,0,0,280.0,128.0,82.0,29.17,60,62
0,52,4,1,20,0,0,0,0,254.0,114.0,80.0,16.59,75,74
0,47,3,1,20,0,0,0,0,234.0,120.0,77.5,23.39,82,78
0,48,3,1,9,0,0,0,0,248.0,114.5,70.0,27.69,95,75
0,55,1,0,0,0,0,0,0,225.0,136.5,85.5,20.56,60,90
0,42,3,0,0,0,0,0,0,252.0,102.0,72.5,22.85,60,78
1,44,1,1,40,0,0,0,0,200.0,120.0,80.0,31.44,68,74
0,41,1,1,15,0,0,0,0,190.0,95.0,57.0,20.0,75,77
0,65,1,0,0,0,0,0,0,274.0,143.5,93.0,26.82,79,63
0,43,1,0,0,0,0,0,0,229.0,124.0,79.0,30.28,72,77
1,42,3,0,0,0,0,0,0,235.0,103.0,70.0,21.48,67,73
1,55,1,0,0,0,0,0,0,227.0,129.0,81.0,26.57,55,74
0,47,1,0,0,0,0,0,0,205.0,122.0,78.0,23.78,67,83
0,40,1,1,43,0,0,1,0,226.0,138.0,99.0,35.02,95,73
0,36,3,1,15,0,0,0,0,202.0,105.5,67.0,22.66,90,63
0,57,2,0,0,1,0,1,1,318.0,161.0,90.0,38.11,68,112
1,36,2,0,0,0,0,0,0,197.0,115.0,65.0,20.42,68,77
0,39,3,1,12,0,0,0,0,200.0,111.0,64.0,19.24,68,60
0,53,3,1,9,0,0,0,0,304.0,119.0,72.5,22.91,53,78
0,53,1,1,15,0,0,0,0,225.0,128.0,77.0,23.95,80,78
0,49,1,0,0,0,0,0,0,193.0,134.0,88.0,25.77,69,76
1,36,4,1,20,0,0,0,0,155.0,127.5,77.5,30.2,56,61
0,45,4,0,0,0,0,0,0,333.0,122.0,80.0,24.39,75,80
1,37,3,1,20,0,0,0,0,205.0,142.0,80.0,27.93,100,103
1,47,3,1,25,0,0,0,0,261.0,105.0,74.0,20.57,85,75
1,51,2,1,20,0,0,1,0,261.0,161.0,105.0,27.47,70,78
1,50,1,1,20,0,0,1,0,272.0,159.0,109.0,31.27,80,68
0,47,1,1,9,0,0,0,0,214.0,118.0,72.0,24.08,60,78
1,50,1,0,0,0,0,0,0,282.0,126.5,88.0,27.3,85,87
1,37,1,1,20,0,0,0,0,261.0,111.5,72.5,26.48,73,74
1,42,1,1,25,0,0,0,0,231.0,122.0,84.0,27.63,66,72
1,51,1,0,0,0,0,0,0,237.0,135.0,87.5,24.87,65,63
0,48,1,0,0,0,0,0,0,279.0,128.5,73.5,27.49,72,77
0,44,4,0,0,0,0,0,0,205.0,116.0,70.0,21.99,68,85
0,56,1,1,6,0,0,0,0,217.0,134.0,75.0,29.59,55,92
1,42,1,1,20,0,0,0,0,182.0,120.0,83.0,27.26,85,87
1,59,2,1,1,0,0,0,0,232.0,108.0,73.0,24.92,65,81
0,36,2,0,0,0,0,0,0,203.0,112.5,73.5,24.47,70,73
0,39,3,1,5,0,0,0,0,184.0,96.0,72.0,18.16,100,78
1,43,2,1,20,0,0,0,0,226.0,132.5,85.0,26.64,72,58
0,39,2,0,0,0,0,0,0,175.0,114.0,68.0,24.2,80,93
0,38,2,1,9,0,0,0,0,196.0,127.0,80.0,24.6,74,78
1,54,4,1,30,0,0,0,0,195.0,113.5,72.0,21.78,65,67
1,51,2,1,20,0,0,0,0,274.0,108.0,75.0,23.6,70,68
1,56,4,1,30,0,0,1,0,303.0,136.5,97.0,26.64,93,106
0,61,4,0,0,0,0,0,0,325.0,125.5,85.5,24.4,68,70
1,59,2,1,30,0,0,0,0,303.0,134.0,89.0,24.07,78,75
0,39,2,0,0,0,0,0,0,253.0,127.0,68.0,23.29,85,75
0,44,2,1,3,0,0,0,0,288.0,150.0,89.0,21.11,90,97
1,39,4,0,0,0,0,1,0,208.0,146.0,92.0,25.91,69,74
0,53,3,1,30,0,0,1,0,268.0,163.0,97.0,27.88,80,65
0,51,2,1,20,0,0,0,0,168.0,128.0,80.0,23.08,75,93
1,46,2,1,30,0,0,0,0,250.0,123.0,76.0,21.66,55,78
1,49,1,1,20,0,0,0,0,206.0,101.0,69.0,28.4,85,82
0,42,1,0,0,0,0,0,0,199.0,111.0,71.0,27.23,67,107
0,46,3,1,20,0,0,0,0,253.0,118.0,82.0,19.7,100,70
0,39,3,0,0,0,0,0,0,152.0,114.0,66.5,24.56,70,71
0,41,2,1,20,0,0,0,0,220.0,126.0,78.0,20.7,86,79
1,50,2,1,10,0,0,0,0,180.0,116.0,82.0,30.11,80,92
0,40,1,0,0,0,0,0,0,156.0,110.0,74.0,20.79,56,76
0,57,1,0,0,0,0,1,0,320.0,125.0,72.5,25.27,83,82
0,60,2,0,0,0,0,1,0,298.0,133.0,89.0,25.09,83,81
0,55,2,1,10,0,0,0,0,196.0,115.0,71.0,22.19,105,85
0,45,1,0,0,0,0,0,0,210.0,120.0,72.0,22.01,75,93
1,41,2,1,25,0,0,0,0,232.0,129.0,83.0,28.08,75,68
0,47,4,0,0,0,0,0,0,242.0,145.0,87.5,22.01,58,73
0,39,1,1,5,0,0,0,0,170.0,137.5,77.5,27.35,67,70
0,37,4,0,0,0,0,0,0,165.0,108.0,75.0,21.84,75,83
1,41,2,1,40,0,0,0,0,310.0,117.5,80.0,26.74,80,78
0,56,1,0,0,0,0,1,0,301.0,127.5,91.5,25.39,80,74
1,36,4,1,30,0,0,0,0,155.0,126.0,72.0,25.14,50,70
1,39,1,0,0,0,0,0,0,224.0,108.0,66.0,28.57,90,97
1,40,1,1,20,0,0,0,0,290.0,120.0,89.0,27.99,80,66
1,51,1,1,20,0,0,0,0,234.0,112.5,74.0,26.37,70,78
0,38,1,1,5,0,0,0,0,201.0,123.5,78.0,27.14,79,77
1,50,1,0,0,0,0,0,0,253.0,131.0,87.0,26.54,90,76
0,48,1,1,20,0,0,1,0,252.0,143.0,81.0,24.0,85,101
0,46,2,0,0,0,0,0,0,275.0,116.0,88.5,28.04,70,70
0,54,3,0,0,0,0,0,0,286.0,110.0,74.0,26.28,65,90
1,38,1,0,0,0,0,0,0,319.0,121.0,86.0,29.77,72,77
1,50,2,1,20,0,0,0,0,163.0,96.5,72.5,20.72,75,77
1,52,4,0,0,0,0,0,0,224.0,128.0,82.0,23.96,70,68
1,39,2,1,1,0,0,1,0,250.0,148.0,94.0,30.08,85,78
0,41,1,0,0,0,0,0,0,228.0,93.0,71.0,31.57,50,85
1,44,4,0,0,0,0,0,0,175.0,104.0,78.0,26.26,55,82
1,53,1,1,20,0,0,1,0,186.0,167.0,96.5,25.09,112,113
0,56,4,0,0,0,0,0,0,298.0,115.0,80.0,31.11,75,77
1,45,1,1,3,0,0,0,0,234.0,126.0,85.0,28.24,72,78
0,44,1,0,0,0,0,0,0,178.0,113.0,78.0,31.93,64,74
1,47,2,0,0,0,0,1,0,254.0,137.5,91.0,31.98,75,69
1,37,1,1,30,0,0,0,0,189.0,127.0,85.0,32.35,88,84
0,41,2,1,10,0,0,0,0,193.0,134.5,83.0,22.28,85,127
0,54,3,0,0,0,0,0,0,238.0,136.5,85.0,24.96,80,71
0,40,4,1,3,0,0,0,0,188.0,105.0,65.0,21.15,58,70
0,57,1,1,1,0,0,1,0,229.0,126.5,90.0,26.0,68,58
0,44,2,1,3,0,0,0,0,244.0,105.0,60.0,23.24,76,78
1,49,2,1,5,0,0,0,0,187.0,110.0,67.0,19.26,78,85
0,51,2,1,10,0,0,0,0,255.0,102.5,64.5,24.14,65,71
0,37,4,1,10,0,0,0,0,156.0,120.0,87.0,21.8,66,89
1,38,4,0,0,0,0,0,0,328.0,124.0,82.0,29.08,82,69
1,40,1,1,35,0,0,0,0,195.0,122.5,66.5,19.98,60,72
0,40,3,1,1,0,0,0,0,236.0,135.0,83.0,23.48,95,90
0,39,1,0,0,0,0,1,0,219.0,161.0,103.0,29.06,94,106
1,47,4,0,0,0,0,1,0,254.0,138.0,96.0,29.73,63,69
0,46,4,0,0,0,0,0,0,190.0,107.5,80.0,25.13,72,75
1,39,4,0,0,0,0,0,0,195.0,106.0,70.0,26.97,80,77
1,39,1,1,20,0,0,0,0,228.0,122.5,87.0,31.6,100,73
0,54,1,0,0,0,0,0,0,219.0,143.5,89.0,28.47,73,96
0,47,1,0,0,0,0,0,0,278.0,156.0,96.0,27.86,80,70
0,46,1,1,10,0,0,0,0,250.0,116.0,71.0,20.35,88,94
0,62,2,0,0,0,0,1,0,344.0,154.0,110.0,35.11,85,76
1,57,4,0,0,0,0,1,0,303.0,160.5,98.5,25.84,81,100
0,40,3,1,9,0,0,0,0,189.0,115.0,81.0,22.73,80,103
0,44,1,0,0,0,0,0,0,202.0,155.0,85.0,24.04,83,68
1,41,4,0,0,0,0,0,0,178.0,135.0,80.0,26.91,75,78
1,42,1,0,0,0,0,0,0,214.0,120.0,81.0,28.47,78,77
0,47,2,1,3,0,0,0,0,155.0,122.5,77.5,21.34,65,78
1,46,4,0,0,0,0,1,0,220.0,136.5,99.5,27.78,80,70
0,49,3,0,0,0,0,0,0,241.0,120.0,70.5,23.29,87,84
0,40,2,1,3,0,0,0,0,234.0,130.0,84.0,31.57,72,112
0,57,2,0,0,0,0,0,0,286.0,153.0,87.0,27.64,75,83
0,36,2,1,20,0,0,0,0,177.0,115.0,63.5,22.54,71,73
0,41,2,1,20,0,0,0,0,235.0,129.0,94.0,23.71,102,81
0,52,2,0,0,0,0,1,0,296.0,140.0,93.0,26.81,88,74
0,42,1,1,9,0,0,1,0,274.0,135.0,90.0,22.19,70,78
1,42,3,0,0,0,0,0,0,283.0,137.0,91.0,25.41,75,67
1,44,1,1,40,0,0,1,0,201.0,142.5,104.5,34.59,67,67
0,49,4,0,0,0,0,0,0,189.0,102.0,66.5,23.88,70,70
1,42,2,1,5,0,0,0,0,355.0,113.0,81.0,26.17,90,71
0,40,2,0,0,0,0,0,0,230.0,127.0,72.0,29.62,85,70
1,53,3,0,0,0,0,0,0,228.0,114.0,80.0,20.54,55,75
1,64,1,0,0,0,0,0,0,203.0,120.0,73.0,27.08,92,81
0,34,2,0,0,0,0,0,0,226.0,112.5,77.5,24.99,100,72
0,47,1,1,9,0,0,1,1,214.0,144.0,92.0,22.73,72,57
0,49,2,0,0,0,0,0,0,165.0,120.0,66.5,21.45,71,74
0,44,1,1,9,0,0,0,0,185.0,133.0,69.0,22.34,70,76
0,42,4,1,5,0,0,0,0,228.0,127.5,80.0,27.54,75,78
0,62,2,0,0,0,0,0,0,317.0,126.0,75.0,23.29,71,86
0,49,2,1,20,0,0,0,0,229.0,118.5,76.5,21.42,76,78
0,42,2,1,15,0,0,0,0,177.0,112.5,70.0,20.62,86,83
0,43,4,1,10,0,0,0,0,214.0,133.0,86.0,22.72,74,77
1,44,3,0,0,0,0,0,0,216.0,113.5,77.0,28.23,64,77
0,54,2,0,0,0,0,0,0,243.0,138.0,79.0,21.93,75,95
0,36,1,1,5,0,0,1,0,222.0,147.0,94.0,26.79,76,71
0,38,3,1,5,0,0,0,0,187.0,118.0,78.0,30.06,64,63
1,59,1,0,0,0,0,1,0,178.0,170.0,118.0,33.45,79,81
1,38,4,0,0,0,0,0,0,210.0,116.5,74.0,21.19,65,89
1,61,1,1,20,0,0,1,0,183.0,156.0,92.0,24.69,75,79
1,40,3,1,43,0,0,0,0,238.0,129.0,88.0,26.32,95,60
1,52,2,0,0,0,0,0,0,340.0,114.0,83.0,31.02,78,80
1,64,2,0,0,0,0,0,0,217.0,129.0,61.0,21.85,68,81
0,35,2,0,0,0,0,0,0,197.0,109.0,73.0,26.38,71,95
1,44,2,1,4,0,0,0,0,196.0,107.0,73.0,24.36,60,71
1,51,1,0,0,0,0,0,0,250.0,125.0,80.0,26.98,67,108
0,40,2,0,0,0,0,0,0,228.0,116.0,78.0,27.72,62,75
0,47,3,1,9,0,0,0,0,250.0,98.0,73.0,24.39,60,88
0,53,2,0,0,0,0,0,0,235.0,132.0,84.0,30.1,80,63
1,61,3,1,30,0,0,0,0,228.0,123.0,88.0,26.88,95,67
0,41,1,1,0,0,0,0,0,171.0,135.0,82.5,24.35,79,82
1,37,1,1,20,0,0,0,0,245.0,138.0,84.0,27.45,67,76
0,45,3,0,0,0,0,0,0,271.0,121.0,77.0,23.96,68,82
0,43,2,0,0,0,0,0,0,204.0,132.0,88.0,28.59,80,83
1,43,1,1,20,0,0,0,0,175.0,103.0,64.5,17.81,86,78
0,42,1,0,0,0,0,0,0,193.0,137.5,82.5,30.55,63,69
1,45,3,1,15,0,0,0,0,266.0,109.0,70.0,23.72,75,71
1,64,1,1,20,0,0,0,0,259.0,115.0,81.0,20.09,72,78
1,46,3,0,0,0,0,1,0,300.0,146.0,98.5,30.41,60,79
1,50,1,0,0,0,0,1,0,227.0,152.0,99.0,29.46,78,115
1,39,1,1,20,0,0,0,1,195.0,106.0,80.0,23.57,85,132
0,39,1,0,0,0,0,0,0,186.0,124.0,80.0,29.7,75,102
1,42,4,0,0,0,0,1,0,245.0,142.5,85.0,35.45,62,78
0,70,2,0,0,1,0,1,0,231.0,136.0,84.0,31.78,60,95
0,34,2,0,0,0,0,0,0,163.0,107.0,71.0,23.88,73,80
1,40,2,1,30,1,0,1,0,287.0,141.0,86.0,27.42,80,94
1,51,4,0,0,0,0,0,0,154.0,98.0,66.0,22.86,63,82
0,53,4,1,1,0,0,1,0,297.0,164.0,102.0,24.5,75,95
1,36,1,0,0,0,0,1,0,182.0,145.0,102.0,30.92,72,70
0,42,2,0,0,0,0,0,0,183.0,120.0,76.0,21.12,100,72
0,57,1,0,0,0,0,1,0,254.0,182.5,97.0,27.38,77,72
0,37,4,1,3,0,0,0,0,160.0,104.0,61.0,20.22,85,100
1,50,2,0,0,0,0,1,0,252.0,114.0,75.0,30.89,60,69
1,61,4,0,0,0,0,0,0,179.0,112.0,66.5,24.38,60,100
0,57,1,0,0,0,0,0,0,197.0,96.0,64.0,18.59,60,77
1,57,1,1,43,0,0,1,0,185.0,134.0,90.5,27.77,87,103
0,59,2,0,0,0,0,0,0,281.0,139.0,82.0,29.51,80,75
0,37,1,1,15,0,0,0,0,275.0,118.0,71.0,23.1,64,95
0,43,2,1,2,0,0,0,0,213.0,113.0,77.0,29.34,100,73
0,54,1,0,0,0,0,1,0,255.0,132.5,81.0,26.77,82,78
0,61,1,0,0,0,0,1,0,234.0,185.0,121.0,35.22,80,78
0,57,4,0,0,0,0,0,0,160.0,105.0,70.0,27.01,52,61
0,54,2,1,20,0,0,0,0,187.0,133.0,88.0,31.82,75,77
0,38,2,1,5,0,0,0,0,193.0,107.0,73.0,20.73,85,72
1,48,3,0,0,0,0,0,0,243.0,116.0,82.0,26.09,80,85
1,45,1,0,0,0,0,0,0,275.0,105.0,86.0,32.92,75,92
1,41,2,0,0,0,0,0,0,223.0,112.5,80.0,29.44,75,58
0,48,2,1,20,0,0,0,0,246.0,113.0,87.0,18.01,60,63
1,39,1,1,20,0,0,0,0,253.0,104.0,64.0,27.48,65,74
0,48,1,0,0,0,0,0,0,270.0,134.0,87.0,24.91,75,77
1,51,1,0,0,0,0,1,0,220.0,151.0,87.5,22.01,80,86
0,42,3,0,0,0,0,0,0,215.0,111.0,72.0,25.38,77,55
1,47,2,0,0,0,0,0,0,292.0,123.0,87.0,21.97,80,78
1,40,3,0,0,0,0,0,0,154.0,117.5,72.5,26.82,80,87
1,62,1,1,20,0,0,0,0,295.0,139.0,80.0,21.28,63,97
1,44,1,1,40,0,0,1,0,262.0,147.0,103.0,25.38,68,78
0,44,2,1,10,0,0,0,0,223.0,96.0,59.0,23.82,67,87
1,48,2,1,20,0,0,1,0,258.0,150.0,105.0,25.94,83,60
0,59,2,0,0,0,0,0,0,279.0,132.0,88.0,26.48,78,88
0,51,3,0,0,0,0,0,0,250.0,148.5,90.0,24.58,80,78
1,39,1,1,20,0,0,0,0,258.0,110.0,65.0,19.97,65,85
1,39,2,1,40,0,0,0,0,207.0,131.0,82.0,24.25,73,83
1,44,1,1,10,0,0,0,0,220.0,105.0,70.0,21.01,58,68
1,48,1,0,0,0,0,0,0,201.0,117.5,80.0,23.68,66,85
1,50,1,1,20,0,0,0,0,231.0,126.0,76.0,20.17,100,78
1,50,1,1,20,0,0,0,0,265.0,110.0,65.0,24.45,69,70
1,40,2,1,10,0,0,0,0,195.0,110.0,70.0,24.75,79,78
1,64,2,1,40,0,0,0,0,206.0,126.0,82.0,24.35,95,97
0,54,1,0,0,0,0,0,0,197.0,138.0,80.0,31.82,72,73
0,53,4,0,0,0,0,0,0,232.0,116.0,71.5,21.31,73,83
1,39,4,0,0,0,0,1,0,320.0,123.0,90.0,24.44,85,69
1,46,4,1,45,0,0,0,0,209.0,112.5,65.0,27.48,75,78
0,48,1,0,0,0,0,0,0,205.0,112.0,71.0,17.11,73,75
1,41,2,1,10,0,0,0,0,210.0,121.5,82.5,23.27,78,89
0,36,2,1,15,0,0,0,0,257.0,103.0,72.5,27.86,80,65
0,59,1,0,0,0,0,0,0,339.0,110.0,69.0,26.89,75,73
0,36,2,1,20,0,0,0,0,150.0,117.5,77.5,23.71,50,74
0,49,1,0,0,0,0,0,0,224.0,140.0,88.0,23.79,80,86
0,46,2,0,0,0,0,0,0,253.0,118.0,79.0,26.61,85,83
0,63,1,0,0,0,0,1,0,235.0,131.5,91.0,24.69,80,68
0,55,1,0,0,0,0,1,0,268.0,140.0,88.0,26.99,85,117
0,42,3,0,0,0,0,1,0,230.0,142.5,79.0,25.15,82,99
1,40,1,1,20,0,0,0,0,201.0,121.5,76.5,29.38,74,94
1,38,1,0,0,0,0,0,0,184.0,102.0,73.0,25.69,86,78
0,52,1,1,20,1,0,1,0,161.0,180.0,114.0,32.52,105,104
0,40,3,1,5,0,0,0,0,143.0,125.5,80.0,21.99,71,95
0,49,1,1,0,0,0,0,0,280.0,120.0,80.0,22.33,90,75
0,42,2,0,0,0,0,0,0,233.0,127.0,82.0,30.22,70,78
0,60,3,0,0,0,0,1,0,285.0,156.0,100.0,23.02,80,85
1,45,2,1,5,0,0,1,0,238.0,141.0,87.0,26.46,54,68
1,45,3,1,30,0,0,0,0,250.0,126.0,89.5,28.68,75,92
0,67,2,0,0,0,0,0,0,261.0,135.0,80.0,21.8,72,93
1,37,4,0,0,0,0,0,0,166.0,128.5,83.0,26.81,58,108
1,43,4,0,0,0,0,0,0,262.0,121.0,79.0,24.01,85,87
0,35,2,0,0,0,0,0,0,216.0,130.0,68.0,25.94,75,90
1,40,2,0,0,0,0,0,0,192.0,128.0,81.0,25.41,75,76
1,41,2,1,30,0,0,0,0,193.0,100.0,60.0,29.69,60,69
0,39,1,0,0,0,0,0,0,275.0,131.0,80.0,25.79,94,84
0,59,4,0,0,0,0,1,0,240.0,195.0,118.0,23.82,80,73
1,60,1,0,0,0,0,0,0,245.0,119.0,82.0,28.56,70,89
1,66,1,0,0,0,0,1,0,276.0,159.0,82.0,31.42,90,65
0,52,3,0,0,0,0,0,0,275.0,137.0,85.0,25.89,70,78
0,35,3,1,5,0,0,0,0,154.0,125.0,75.0,23.1,110,75
0,62,4,1,3,0,0,1,0,298.0,137.0,85.0,26.73,76,87
1,50,1,1,30,0,0,0,0,196.0,131.0,80.0,20.42,108,78
0,36,2,1,5,0,0,0,0,228.0,111.0,68.0,23.86,88,68
1,53,1,0,0,0,0,0,0,157.0,123.0,83.0,19.94,75,88
1,37,2,1,20,0,0,0,0,184.0,113.0,81.0,22.16,85,63
0,42,2,0,0,0,0,0,0,234.0,124.0,80.5,20.06,75,78
0,50,3,1,15,0,0,0,0,150.0,121.0,84.0,28.69,75,88
0,55,3,0,0,0,0,0,0,260.0,136.5,87.5,25.41,75,60
0,39,3,0,0,0,0,0,0,181.0,103.0,62.0,20.68,70,69
0,44,1,0,0,0,0,0,0,206.0,121.0,81.0,24.12,64,77
1,42,1,0,0,0,0,0,0,242.0,121.0,80.0,27.83,72,78
0,49,1,0,0,0,0,0,0,257.0,115.0,75.0,25.61,72,74
0,40,1,1,50,0,0,0,0,220.0,124.0,79.0,20.7,90,57
0,40,2,1,9,0,0,0,0,207.0,124.0,78.0,22.9,46,66
1,61,1,0,0,0,0,0,0,295.0,131.5,85.0,27.33,80,83
0,45,2,1,15,0,0,0,0,222.0,95.0,58.0,21.68,75,77
0,51,1,0,0,1,0,1,0,227.0,160.0,90.0,23.48,88,57
0,39,2,0,0,0,0,0,0,242.0,113.0,85.0,25.54,85,104
0,39,3,0,0,0,0,0,0,194.0,115.0,70.0,25.73,70,54
1,66,1,0,0,0,0,0,0,233.0,108.0,66.0,25.16,75,72
1,39,2,1,20,0,0,0,0,222.0,97.5,57.5,23.22,73,64
0,48,3,1,5,0,0,0,0,192.0,135.0,82.5,32.67,67,69
0,41,1,0,0,0,0,0,0,225.0,110.0,60.0,25.54,75,58
0,50,1,1,3,0,0,1,0,238.0,158.0,74.0,35.68,69,98
0,39,1,1,20,0,0,0,0,160.0,128.5,74.5,20.56,60,83
1,46,2,1,30,0,0,0,0,216.0,107.0,73.0,31.46,100,78
0,46,2,0,0,0,0,0,0,229.0,125.0,80.0,27.27,66,80
1,52,3,0,0,0,0,1,0,232.0,154.0,92.0,26.51,90,74
1,43,4,0,0,0,0,1,0,260.0,129.0,90.0,25.29,70,62
1,46,1,0,0,0,0,0,0,222.0,120.5,73.5,27.23,77,60
0,42,3,1,15,0,0,0,0,212.0,115.0,72.0,23.72,73,100
0,39,4,0,0,0,0,0,0,260.0,100.0,74.5,20.51,96,66
0,55,1,0,0,0,0,0,0,266.0,107.0,70.0,24.51,72,77
1,36,2,0,0,0,0,1,0,183.0,140.0,85.0,24.39,67,84
1,60,1,0,0,0,0,0,0,264.0,137.0,80.0,29.99,65,58
0,44,1,0,0,0,0,0,0,195.0,118.0,86.0,23.09,70,75
0,51,3,0,0,0,0,0,0,260.0,107.5,70.0,23.53,80,67
1,39,2,0,0,0,0,0,0,258.0,105.0,69.0,24.1,52,79
0,37,1,1,5,0,0,0,0,279.0,110.0,72.5,24.89,67,70
0,46,1,0,0,0,0,0,0,254.0,136.0,87.0,31.24,88,80
0,40,2,0,0,0,0,0,0,233.0,108.5,75.0,28.3,60,73
0,40,2,0,0,0,0,0,0,157.0,131.0,85.0,27.38,95,78
0,44,3,0,0,0,0,0,0,244.0,132.5,87.0,24.17,58,86
0,47,1,1,40,0,0,0,0,221.0,144.0,91.0,35.78,85,66
0,51,2,1,18,0,0,1,0,176.0,146.0,94.0,27.42,80,85
0,41,2,0,0,0,0,0,0,187.0,108.0,64.0,23.63,72,70
1,40,4,1,19,1,0,1,0,233.0,122.0,87.0,24.91,65,69
1,36,2,1,20,0,0,0,0,226.0,124.0,76.0,25.84,75,70
1,46,4,1,20,0,0,0,0,233.0,108.0,74.0,23.97,85,82
0,48,2,0,0,0,0,0,0,271.0,110.0,74.0,21.79,56,67
1,42,1,1,35,0,0,0,0,218.0,116.0,86.0,17.81,85,69
0,40,2,0,0,0,0,0,0,195.0,109.5,72.0,22.36,70,85
1,52,1,0,0,0,0,0,0,266.0,107.0,75.0,25.64,82,98
0,42,4,1,7,0,0,0,0,273.0,111.0,73.0,19.27,60,89
1,45,1,1,20,0,0,0,0,246.0,111.0,72.0,21.79,75,118
0,51,2,0,0,0,0,0,0,285.0,136.5,86.5,24.81,70,83
0,40,2,1,20,0,0,0,0,250.0,104.0,74.0,18.75,90,78
0,39,2,0,0,0,0,1,0,226.0,146.0,86.0,24.41,85,85
1,39,1,1,30,0,0,1,0,220.0,135.0,85.0,27.17,70,81
0,48,2,0,0,0,0,0,0,231.0,115.0,69.0,25.48,90,77
0,49,2,1,1,0,0,0,0,240.0,110.0,71.0,22.02,73,84
1,41,1,0,0,0,0,0,0,255.0,120.5,85.5,30.85,100,79
1,44,4,1,4,0,0,1,0,220.0,135.0,91.0,27.23,70,88
1,43,1,1,25,0,0,0,0,201.0,121.0,82.0,23.84,70,91
1,47,2,1,15,0,0,0,0,253.0,137.0,87.0,24.5,80,81
0,45,1,0,0,0,0,0,0,219.0,123.5,80.5,24.45,65,83
0,46,3,0,0,0,0,0,0,197.0,105.5,67.0,23.14,60,69
0,53,1,0,0,0,0,0,0,246.0,115.0,61.0,25.96,80,60
1,37,2,0,0,0,0,0,0,212.0,114.5,77.0,31.22,87,68
1,50,4,1,20,0,0,1,0,250.0,148.0,108.0,24.0,80,86
0,57,2,0,0,0,0,0,0,199.0,117.0,83.0,24.76,95,82
0,53,1,0,0,0,0,1,0,174.0,165.0,93.0,27.45,108,78
0,45,1,1,5,0,0,1,0,268.0,130.0,94.0,34.27,85,93
0,52,1,0,0,0,0,1,0,215.0,180.0,108.0,37.02,60,89
0,39,4,1,15,0,0,0,0,229.0,113.5,72.5,22.33,84,82
0,43,2,1,15,1,0,1,0,172.0,149.0,82.0,22.35,60,64
0,52,2,0,0,0,0,1,0,225.0,157.5,80.5,24.36,79,78
1,44,2,0,0,0,0,0,0,286.0,112.5,72.5,24.72,85,76
0,44,1,1,7,0,0,0,0,189.0,107.5,78.0,26.95,60,78
1,56,2,0,0,0,0,0,0,257.0,153.5,102.0,28.09,72,75
0,41,1,1,5,0,0,0,0,240.0,107.0,68.5,23.47,65,83
0,40,3,1,10,0,0,1,0,187.0,144.0,90.0,22.17,90,93
0,41,1,1,15,0,0,0,0,249.0,107.5,75.0,23.69,83,78
1,64,1,1,20,0,0,0,0,214.0,116.0,77.0,22.48,72,71
1,40,2,1,30,0,0,1,0,282.0,130.0,80.0,23.9,66,68
0,56,4,1,3,0,0,0,0,266.0,114.0,72.0,22.64,65,83
1,42,4,0,0,0,0,0,0,225.0,110.0,73.0,27.67,65,65
0,37,3,1,40,0,0,0,0,224.0,109.0,72.0,22.81,77,93
0,50,1,0,0,0,0,0,1,258.0,127.0,80.0,24.1,75,124
0,53,2,1,10,0,0,0,0,276.0,130.0,86.0,27.09,75,56
1,53,3,1,15,0,0,1,0,233.0,130.0,94.0,30.63,75,75
1,44,2,1,30,0,0,0,0,217.0,126.0,85.0,28.49,65,68
0,37,2,0,0,0,0,0,0,159.0,112.0,69.0,26.98,86,78
0,38,1,1,20,0,0,0,0,214.0,101.0,70.0,21.83,75,77
0,63,2,1,3,0,0,1,0,246.0,163.0,82.0,24.38,64,108
0,47,2,1,20,0,0,0,0,237.0,130.0,78.0,19.66,80,75
1,53,2,1,20,0,0,0,0,211.0,112.5,70.0,22.74,63,78
1,38,3,1,20,0,0,0,0,250.0,118.0,80.0,31.22,95,78
0,57,3,1,20,0,0,0,0,267.0,102.0,62.0,20.34,60,78
1,37,4,0,0,0,0,0,0,253.0,122.0,81.0,27.98,75,93
1,47,3,1,15,0,0,1,0,220.0,127.0,93.0,30.7,82,57
1,67,1,0,0,0,0,1,0,234.0,130.0,83.0,27.78,75,74
1,40,1,1,20,0,0,0,0,297.0,105.0,73.0,27.15,67,88
0,34,2,0,0,0,0,0,0,189.0,108.0,66.0,20.81,78,88
1,48,1,1,35,0,0,0,0,188.0,120.0,82.5,31.67,80,68
1,48,2,1,20,0,0,0,1,172.0,131.0,79.0,35.12,75,108
1,47,1,0,0,0,0,0,0,219.0,116.0,82.0,24.05,58,87
1,59,2,0,0,0,0,1,0,242.0,144.0,87.5,28.7,72,78
0,38,3,1,20,0,0,0,0,167.0,105.0,70.0,19.76,80,80
0,51,3,0,0,0,0,0,0,257.0,128.0,77.0,24.94,68,88
0,50,4,1,9,0,0,0,0,256.0,136.5,81.0,23.07,75,78
1,37,3,1,20,0,0,0,0,292.0,130.0,85.0,28.07,91,81
1,57,1,1,20,0,0,0,0,198.0,128.0,85.0,28.18,85,99
0,49,1,1,15,0,0,0,0,233.0,112.5,80.0,27.87,96,80
1,45,1,1,20,0,0,0,0,255.0,130.0,82.5,28.56,82,94
0,45,4,1,20,0,0,0,0,192.0,132.0,79.0,24.53,68,112
0,39,1,1,15,0,0,0,0,255.0,142.0,85.5,24.89,100,108
0,36,1,1,3,0,0,0,0,135.0,108.0,74.0,22.53,73,75
0,61,1,1,9,0,0,0,0,259.0,134.5,87.0,22.91,70,91
0,40,2,0,0,0,0,0,0,185.0,111.0,79.0,22.9,75,81
1,56,4,0,0,0,0,0,0,258.0,111.0,68.5,24.04,60,70
0,45,1,0,0,0,0,0,0,195.0,129.5,83.0,25.74,77,74
0,58,1,0,0,0,0,0,0,218.0,138.5,87.5,22.91,73,78
0,41,1,0,0,0,0,1,0,235.0,158.0,93.0,22.18,78,70
1,43,2,0,0,0,0,1,0,245.0,144.5,95.0,27.15,70,45
0,37,1,1,20,0,0,0,0,200.0,112.5,68.0,25.87,65,67
0,64,2,0,0,0,0,1,0,279.0,172.0,87.0,24.01,80,70
0,45,4,0,0,0,0,0,0,201.0,128.5,73.0,24.56,85,82
1,38,2,0,0,0,0,0,0,220.0,122.0,80.5,21.66,73,77
0,62,1,0,0,0,0,1,1,212.0,190.0,99.0,29.64,100,202
1,44,1,1,20,0,0,0,0,197.0,118.0,81.0,17.44,70,75
0,59,1,0,0,0,0,0,0,281.0,130.5,86.0,25.11,80,83
0,45,1,0,0,0,0,0,0,244.0,119.0,73.0,26.51,80,80
1,40,3,1,70,0,0,1,0,210.0,132.0,86.0,31.57,98,80
0,63,1,0,0,0,0,0,0,362.0,151.5,82.5,25.15,102,78
0,40,4,1,10,0,0,0,0,200.0,116.0,69.0,23.9,75,78
1,62,1,0,0,1,0,1,0,208.0,140.0,97.5,27.27,70,121
0,41,2,0,0,0,0,0,0,168.0,102.0,64.0,23.64,60,75
1,38,2,1,20,0,0,0,0,200.0,123.0,85.0,25.63,90,84
0,56,1,0,0,0,0,0,0,254.0,106.0,65.0,24.08,75,78
1,35,3,1,15,0,0,0,0,215.0,133.0,86.0,28.7,86,84
1,41,4,1,43,0,0,0,0,252.0,124.0,86.0,28.56,100,70
0,54,2,0,0,0,1,0,0,321.0,150.0,93.0,22.5,75,131
0,38,3,0,0,0,0,0,0,174.0,101.0,68.0,27.47,85,78
0,42,3,0,0,0,0,0,0,190.0,121.0,85.5,22.19,87,85
0,48,2,0,0,0,0,0,0,240.0,119.0,80.0,31.67,60,79
0,45,1,0,0,0,0,0,0,282.0,115.0,71.0,22.54,60,96
0,53,1,0,0,0,0,0,0,265.0,137.0,76.0,25.46,85,84
1,45,1,1,1,0,0,1,0,277.0,140.0,84.0,28.74,69,74
0,39,2,1,15,0,0,0,0,216.0,116.0,72.0,24.25,76,71
0,37,1,0,0,0,0,0,0,192.0,112.0,67.0,24.61,80,58
0,44,1,0,0,0,0,0,0,192.0,112.0,62.0,30.47,75,82
1,46,2,1,20,0,0,0,0,214.0,110.0,73.0,18.1,60,60
0,47,1,0,0,0,0,1,0,190.0,160.0,96.0,28.02,94,64
0,53,1,1,40,0,0,0,0,183.0,129.0,80.0,26.51,78,80
1,57,1,0,0,0,0,0,0,242.0,130.0,74.0,28.9,60,53
1,37,2,0,0,0,0,0,0,178.0,127.0,81.0,33.07,82,78
1,41,2,0,0,0,0,0,0,246.0,111.5,67.0,18.76,65,60
0,36,3,0,0,0,0,0,0,295.0,114.5,72.0,24.11,85,78
1,45,3,0,0,0,0,0,0,347.0,157.0,98.0,26.63,88,80
0,43,2,1,15,0,0,0,0,230.0,118.0,70.5,26.24,100,67
0,43,3,1,1,0,0,0,0,185.0,125.0,84.0,23.18,75,55
0,42,1,1,15,0,0,0,0,214.0,110.0,67.0,22.54,80,75
0,39,3,1,8,0,0,0,0,192.0,109.0,61.0,23.36,64,84
1,48,4,1,25,0,0,1,0,216.0,144.0,79.0,25.09,67,85
1,41,2,0,0,0,0,0,0,245.0,139.0,84.0,28.76,95,68
1,43,2,1,45,0,0,1,0,201.0,126.0,82.0,29.48,76,92
1,43,2,1,9,0,0,0,0,229.0,131.0,87.0,23.31,80,74
1,37,3,0,0,0,0,0,0,197.0,104.0,65.0,22.9,57,97
1,38,2,1,15,0,0,0,0,150.0,123.0,76.0,20.39,60,82
1,52,3,0,0,0,0,0,0,205.0,122.0,73.0,22.73,70,85
0,45,2,1,7,0,0,0,0,199.0,124.0,78.0,21.94,85,78
0,38,2,1,10,0,0,0,0,226.0,117.5,72.0,20.71,72,73
1,65,4,0,0,0,0,0,0,205.0,106.0,73.0,23.14,66,87
1,47,1,1,20,0,0,0,0,234.0,120.0,73.0,24.45,80,78
0,38,2,1,5,0,0,0,0,190.0,121.0,79.0,25.59,90,84
0,41,3,1,11,0,0,0,0,201.0,108.0,71.0,20.47,76,75
0,53,2,0,0,1,0,1,0,250.0,144.0,98.0,28.78,90,78
0,38,2,0,0,0,0,0,0,251.0,126.0,76.0,29.19,60,66
0,56,1,1,10,0,0,0,0,225.0,120.0,70.0,18.46,57,78
0,62,3,0,0,0,0,1,0,294.0,139.0,78.0,21.11,85,79
0,55,1,0,0,0,0,0,0,278.0,125.0,80.0,26.27,64,78
0,48,3,0,0,0,0,0,0,231.0,131.0,80.0,21.14,70,85
1,36,4,1,40,0,0,0,0,200.0,103.0,67.5,30.82,67,72
1,62,1,1,20,0,0,0,0,168.0,129.5,87.0,20.56,65,80
0,47,1,0,0,0,0,0,0,210.0,113.0,65.0,21.33,66,62
0,58,2,0,0,0,0,1,0,270.0,145.0,95.0,23.17,77,120
0,48,3,1,20,0,0,0,0,253.0,105.0,59.0,19.42,62,83
1,37,4,0,0,0,0,1,0,230.0,123.0,92.0,28.61,71,80
0,39,2,1,20,0,0,0,0,209.0,115.0,75.0,22.54,90,78
0,43,1,0,0,0,0,0,0,145.0,112.0,83.0,22.36,90,70
0,65,1,1,9,0,0,1,1,271.0,144.5,88.0,32.41,82,116
0,59,1,1,1,0,0,1,0,259.0,141.0,86.0,25.97,70,86
1,62,1,1,3,0,0,0,0,234.0,117.0,80.0,26.97,78,67
1,59,2,0,0,0,0,1,0,237.0,153.5,85.0,28.45,51,78
1,39,2,1,30,0,0,1,0,186.0,162.0,109.0,29.72,90,129
1,46,4,1,20,0,0,0,0,200.0,110.0,72.0,28.61,70,75
0,36,2,0,0,0,0,0,0,213.0,126.0,80.0,19.53,95,79
0,62,2,0,0,0,0,1,0,246.0,171.0,101.0,23.88,75,78
0,43,2,1,20,0,0,0,0,195.0,104.0,57.0,20.86,75,78
0,60,2,1,20,0,0,0,0,282.0,124.0,68.0,21.07,80,78
1,53,2,1,20,0,0,0,0,239.0,122.0,82.0,29.4,70,84
1,41,3,1,30,0,0,0,0,210.0,132.5,85.0,28.62,68,70
0,42,2,1,10,0,0,0,0,359.0,115.0,71.0,24.46,75,68
1,42,1,1,20,0,0,0,0,143.0,119.0,73.0,22.04,60,70
1,48,4,1,5,0,0,0,0,150.0,123.0,72.5,25.1,78,78
0,50,3,1,9,0,0,0,1,210.0,134.0,80.0,18.26,64,78
1,38,2,0,0,0,1,0,0,224.0,127.5,81.0,20.39,80,90
0,38,4,1,3,0,0,0,0,177.0,126.0,80.0,23.84,90,79
0,47,1,0,0,0,0,0,0,230.0,123.0,71.0,26.98,83,73
1,45,2,1,10,0,0,1,0,232.0,136.0,85.0,30.29,70,66
0,39,1,1,1,0,0,0,0,175.0,105.5,64.5,25.83,72,72
0,59,4,0,0,1,0,1,0,282.0,135.0,87.0,28.96,72,78
0,36,1,0,0,0,0,0,0,200.0,112.0,76.0,26.03,75,62
0,45,2,1,30,0,0,0,0,203.0,131.0,85.0,23.47,94,70
1,43,2,0,0,0,0,0,0,200.0,141.0,89.0,26.59,80,105
1,53,3,1,20,0,0,1,0,204.0,152.0,74.0,24.8,78,89
1,39,1,1,30,0,0,0,0,196.0,121.0,83.0,25.38,90,68
0,66,2,0,0,0,0,1,0,238.0,140.0,80.0,26.69,69,83
0,50,2,1,20,0,0,0,0,275.0,123.0,83.0,24.29,90,64
0,40,1,1,3,0,0,0,0,173.0,125.0,75.0,25.67,65,102
0,40,2,1,9,0,0,0,0,193.0,105.0,60.0,22.54,75,85
1,42,1,1,30,0,0,0,0,232.0,111.5,70.0,28.3,90,80
0,64,4,1,6,0,0,1,0,239.0,143.0,84.0,20.06,55,73
1,49,4,1,40,0,0,0,0,222.0,118.5,82.0,28.47,88,87
0,49,3,0,0,0,0,0,0,203.0,128.0,72.0,24.87,75,82
1,38,2,0,0,0,0,0,0,150.0,109.0,75.0,21.43,64,67
0,45,2,0,0,0,0,0,0,260.0,98.0,74.0,19.16,73,76
1,40,2,1,20,0,0,0,0,186.0,131.0,81.0,22.14,86,87
1,39,2,1,30,0,0,0,0,199.0,124.0,86.0,23.39,76,72
1,47,1,0,0,0,0,0,0,197.0,115.0,81.0,22.41,50,66
0,45,1,1,2,0,0,0,0,291.0,125.0,82.0,21.26,75,72
1,42,2,1,20,0,0,1,0,220.0,131.0,90.0,24.21,62,79
1,42,4,0,0,0,0,0,0,253.0,116.0,72.0,21.96,60,88
1,43,1,1,43,0,0,0,0,215.0,122.0,76.0,26.84,85,74
0,63,1,0,0,0,0,1,0,252.0,154.0,87.0,28.6,72,45
1,43,2,0,0,0,0,1,0,285.0,129.0,95.0,26.64,60,74
1,47,1,1,15,0,0,0,0,206.0,125.0,72.0,21.14,80,74
0,36,3,0,0,0,0,0,0,188.0,112.0,78.0,22.54,63,73
0,38,2,0,0,0,0,0,0,159.0,132.0,85.0,28.21,69,76
0,51,2,0,0,0,0,0,0,234.0,114.0,85.0,28.68,72,84
0,47,2,1,11,0,0,0,0,229.0,127.0,76.5,23.48,65,64
1,39,4,0,0,0,0,0,0,220.0,107.0,76.5,22.45,66,78
0,40,3,0,0,0,0,0,0,240.0,108.0,72.0,17.64,78,78
0,54,1,1,5,0,0,1,0,209.0,139.0,75.0,25.82,72,95
1,52,4,0,0,0,0,0,0,225.0,132.0,88.0,23.35,72,69
0,51,1,0,0,0,0,1,0,285.0,151.5,79.0,26.91,84,76
0,67,1,1,6,0,0,0,0,234.0,120.0,67.0,32.77,86,78
0,53,2,1,10,0,0,1,0,261.0,136.0,99.0,21.02,85,94
0,38,2,1,1,0,0,0,0,200.0,124.0,84.0,20.67,80,75
0,37,4,1,40,0,0,0,0,205.0,110.0,78.0,24.43,80,75
1,42,1,1,20,0,0,0,0,410.0,116.0,83.0,21.68,90,83
1,51,4,0,0,0,0,0,0,199.0,113.0,68.0,22.46,58,68
0,39,3,1,20,0,0,0,0,269.0,97.0,64.0,23.09,82,67
1,36,4,0,0,0,0,0,0,219.0,121.0,66.0,20.86,74,76
1,37,2,0,0,0,0,0,0,218.0,130.0,89.0,22.7,77,88
1,41,1,1,30,0,0,0,0,198.0,106.0,71.0,21.51,85,84
1,35,2,1,20,0,0,1,0,225.0,132.0,91.0,26.09,73,83
1,48,3,0,0,0,0,0,0,175.0,131.0,52.0,24.95,75,77
0,42,1,1,9,0,0,0,0,200.0,119.0,75.0,22.91,57,69
1,61,1,0,0,0,0,1,0,285.0,182.5,110.0,28.88,75,78
1,62,1,1,30,0,0,0,0,373.0,138.5,85.0,23.35,80,67
1,39,1,1,40,0,0,0,0,209.0,134.0,82.0,28.34,70,75
0,39,2,1,20,0,0,0,0,185.0,111.0,67.0,23.87,70,87
0,37,1,1,9,0,0,0,0,205.0,111.0,60.5,21.8,65,82
0,58,1,0,0,0,0,0,0,234.0,137.5,89.5,24.25,58,72
0,53,2,1,30,0,0,0,0,250.0,149.5,95.0,28.02,68,78
0,50,2,1,20,0,0,0,0,202.0,138.0,72.0,25.03,110,98
1,46,2,0,0,0,0,0,0,270.0,138.0,97.0,33.79,90,65
0,57,3,1,5,0,0,0,0,272.0,112.5,70.0,23.08,73,58
1,45,3,1,20,0,0,0,0,207.0,111.0,72.0,21.49,67,87
0,43,1,0,0,0,0,0,0,249.0,155.0,93.5,21.99,85,115
1,36,2,1,25,0,0,0,0,215.0,110.0,67.0,23.1,63,84
0,32,2,1,15,0,0,0,0,242.0,111.0,70.0,29.84,80,88
0,49,2,0,0,0,0,0,0,290.0,137.5,92.0,24.46,80,74
0,40,2,1,20,0,0,0,0,261.0,112.0,67.0,21.83,75,61
1,45,2,1,20,0,0,0,0,229.0,117.0,78.0,22.79,85,86
0,57,1,0,0,0,0,1,0,277.0,148.0,89.5,31.82,86,89
1,41,3,0,0,0,0,1,0,230.0,150.0,101.0,28.54,75,65
1,37,1,1,15,0,0,0,0,231.0,135.0,79.0,28.46,73,67
0,46,2,1,20,0,0,0,0,188.0,97.0,65.0,21.17,68,60
1,41,2,1,20,0,0,1,0,293.0,132.0,86.0,24.62,65,75
0,42,1,1,20,0,0,0,0,248.0,106.0,70.0,20.77,68,78
0,50,2,1,10,0,0,1,0,298.0,156.0,90.0,24.24,75,100
0,44,1,0,0,0,0,0,0,160.0,107.0,69.0,18.63,125,78
0,41,4,0,0,0,0,0,0,159.0,119.0,76.0,27.49,55,70
0,51,2,1,6,0,0,0,0,190.0,131.5,89.0,23.66,92,100
0,42,3,1,15,0,0,0,0,216.0,120.0,70.0,21.93,88,88
0,54,3,0,0,0,0,0,0,241.0,103.0,66.0,22.73,85,66
1,52,1,0,0,0,0,0,0,206.0,110.0,78.0,33.03,65,62
0,38,2,1,10,0,0,0,0,186.0,166.0,96.0,33.14,75,75
0,42,1,1,20,0,0,0,0,173.0,100.0,63.0,23.25,65,99
0,47,3,1,0,0,0,0,0,321.0,132.0,88.0,28.14,90,74
1,38,2,1,20,0,0,0,0,225.0,125.0,79.0,26.23,70,74
0,38,1,1,15,0,0,0,0,199.0,112.0,68.5,23.88,85,67
0,48,4,0,0,0,0,0,0,240.0,123.0,80.0,24.57,66,74
0,39,4,0,0,0,0,0,0,241.0,105.0,75.0,26.12,68,87
0,49,3,0,0,0,0,0,0,278.0,131.0,93.0,31.4,80,66
1,37,4,0,0,0,0,1,0,195.0,141.0,84.0,25.66,83,117
1,40,4,1,30,0,0,0,0,205.0,131.0,81.0,23.74,66,87
1,40,1,0,0,0,0,0,0,137.0,127.0,82.0,27.04,60,71
1,47,2,1,20,0,0,0,0,119.0,117.0,78.5,26.4,75,78
1,58,4,1,5,0,0,0,0,243.0,106.0,70.5,23.72,60,80
0,46,2,0,0,0,0,0,0,232.0,90.0,60.0,19.2,60,82
0,47,1,0,0,0,1,0,0,220.0,124.0,75.5,24.71,65,68
1,36,2,1,30,0,0,0,0,310.0,126.0,87.0,28.09,78,78
1,50,4,0,0,0,0,0,0,259.0,132.5,92.0,30.41,68,75
0,50,1,0,0,0,0,0,0,280.0,126.0,76.0,21.82,65,74
1,64,1,1,30,0,0,0,0,185.0,114.0,73.0,34.53,75,97
1,45,1,1,20,0,0,0,0,234.0,126.0,80.0,23.14,72,88
0,41,4,1,5,0,0,0,0,209.0,122.5,90.0,20.79,90,78
0,43,3,1,10,0,0,0,0,186.0,111.0,82.0,23.22,75,82
0,54,2,0,0,0,0,0,0,253.0,127.0,68.5,22.54,70,76
1,49,1,1,20,0,0,1,0,270.0,160.5,106.5,30.33,75,65
1,59,2,1,15,0,0,0,0,212.0,106.0,66.0,26.46,85,117
0,54,1,1,20,0,0,0,0,231.0,120.0,79.0,27.49,85,78
0,40,2,0,0,0,0,0,0,202.0,139.0,85.0,22.01,85,64
0,38,2,0,0,0,0,0,0,167.0,102.5,60.0,22.58,60,57
0,37,2,1,5,0,0,0,0,185.0,100.0,68.0,18.38,70,72
1,45,3,1,35,0,0,0,0,161.0,122.0,82.0,26.09,65,91
0,47,2,1,20,0,0,1,0,308.0,138.0,94.0,24.33,70,90
0,42,1,1,9,0,0,0,0,231.0,110.0,80.0,19.12,78,70
0,58,2,1,10,0,0,0,0,226.0,125.0,75.0,24.0,75,73
0,39,3,1,20,0,0,0,0,190.0,85.0,70.0,22.43,88,60
0,54,2,0,0,0,0,0,0,279.0,127.0,70.0,23.48,92,79
1,50,3,0,0,0,0,0,0,232.0,127.5,85.0,25.09,75,79
1,60,1,1,30,0,0,0,0,288.0,122.5,68.5,22.13,80,88
1,58,1,0,0,0,0,0,0,220.0,143.0,104.0,29.85,75,87
1,44,1,1,40,0,0,0,0,158.0,150.5,87.0,21.44,75,98
0,55,1,0,0,0,0,1,0,212.0,161.0,85.0,28.26,66,63
1,62,1,1,43,0,0,0,0,217.0,107.5,75.0,26.21,80,66
1,49,3,1,20,0,0,1,0,193.0,172.0,105.0,19.7,90,77
0,61,2,1,15,0,0,1,0,235.0,154.0,94.0,22.91,70,66
0,66,1,0,0,0,0,1,0,232.0,175.0,94.0,29.84,95,67
1,56,3,0,0,0,0,1,0,239.0,177.5,98.0,29.44,82,105
0,40,2,1,30,0,0,0,0,202.0,104.0,76.0,19.93,70,62
0,47,2,0,0,0,0,0,0,187.0,127.5,90.0,24.63,110,72
0,43,2,1,15,0,0,0,0,300.0,120.0,78.0,28.18,75,106
1,50,4,1,20,0,0,1,0,261.0,180.0,100.0,25.9,92,66
0,56,1,1,9,0,0,1,0,320.0,142.0,84.0,27.9,74,95
0,63,1,0,0,0,0,1,0,320.0,155.0,81.0,31.71,64,80
1,38,2,1,20,0,0,1,0,253.0,133.0,92.0,28.82,80,63
1,55,4,0,0,0,0,0,0,275.0,115.0,78.0,28.52,73,79
1,53,1,1,11,1,0,1,0,228.0,132.5,55.0,19.97,90,83
1,60,4,1,30,0,0,0,0,243.0,126.0,79.0,28.57,80,65
0,64,1,0,0,0,0,1,0,253.0,295.0,135.0,38.82,92,70
1,50,4,0,0,0,0,0,0,220.0,114.0,78.0,26.26,79,83
0,67,1,0,0,1,0,1,0,263.0,201.0,93.0,30.04,75,78
1,63,1,1,30,0,0,1,0,225.0,146.0,82.0,27.17,70,85
1,57,1,1,20,0,0,0,0,260.0,123.0,73.0,27.51,65,83
1,67,3,0,0,1,0,1,0,223.0,214.0,94.0,25.86,80,87
0,56,1,0,0,0,0,1,1,273.0,136.0,80.0,27.73,90,210
1,51,3,0,0,0,0,1,0,268.0,206.0,116.0,26.35,98,70
0,47,1,1,1,0,0,1,1,160.0,197.0,109.0,34.91,82,320
0,50,1,0,0,0,0,1,0,234.0,143.0,90.0,29.36,70,86
0,66,1,0,0,0,0,1,0,275.0,132.5,85.0,34.36,70,78
0,66,2,0,0,0,0,1,0,292.0,143.0,95.0,31.11,90,77
0,63,1,0,0,0,0,0,0,222.0,146.0,78.0,16.92,65,74
1,67,1,1,15,0,1,1,0,285.0,155.0,90.0,30.42,70,77
1,54,3,1,43,0,0,0,0,288.0,145.0,92.5,26.2,72,98
0,64,1,0,0,0,0,0,0,280.0,127.0,77.0,30.39,56,78
0,57,1,1,1,0,0,1,0,254.0,146.5,81.0,41.61,72,85
0,51,1,1,20,0,0,0,0,264.0,139.5,89.0,29.38,70,76
0,59,2,1,20,0,0,1,0,206.0,167.0,89.5,25.83,72,75
1,44,4,1,35,0,0,1,0,198.0,143.5,90.0,27.99,50,78
1,54,3,1,25,0,0,0,0,208.0,137.5,82.5,25.58,75,63
0,49,1,0,0,1,0,1,0,184.0,121.0,82.0,21.14,60,78
0,58,1,1,20,0,0,1,0,260.0,180.0,100.0,25.56,100,78
1,65,4,1,6,0,0,0,0,236.0,118.5,77.5,24.3,52,65
1,60,1,0,0,0,0,1,0,220.0,167.5,110.0,30.41,90,84
0,55,1,1,20,0,0,1,0,233.0,128.0,94.0,36.62,80,95
0,45,3,1,10,0,0,0,0,210.0,121.0,82.0,23.08,85,71
0,51,2,0,0,0,0,0,0,284.0,132.0,78.0,21.94,68,94
0,66,2,0,0,0,0,0,0,305.0,138.0,86.0,20.74,75,62
1,68,1,0,0,0,0,1,1,164.0,142.0,85.0,30.28,70,120
0,53,3,0,0,1,0,1,1,311.0,206.0,92.0,21.51,76,215
1,52,1,0,0,0,0,0,1,219.0,125.0,82.0,24.06,73,173
0,65,2,0,0,0,0,1,0,220.0,185.5,97.5,38.38,72,95
1,50,2,0,0,0,0,0,0,200.0,126.0,88.0,26.73,80,76
0,53,4,0,0,0,0,1,0,263.0,173.0,89.0,23.03,65,82
1,38,3,0,0,0,0,0,0,305.0,130.0,95.0,23.1,65,78
1,49,2,1,50,0,0,0,0,252.0,156.0,91.0,25.35,70,114
0,57,3,1,1,0,0,0,0,289.0,142.0,83.0,35.17,68,72
1,61,1,0,0,0,0,1,0,206.0,143.0,96.0,27.04,70,87
1,51,1,1,30,0,0,0,0,241.0,126.5,78.5,29.91,85,70
1,68,1,0,0,0,0,1,0,176.0,168.0,97.0,23.14,60,79
0,65,1,0,0,0,1,1,0,290.0,144.0,64.0,21.41,58,145
1,51,1,1,15,0,0,0,0,212.0,146.0,89.0,24.49,100,132
1,51,2,0,0,0,0,1,0,275.0,159.0,99.0,28.57,60,88
1,42,1,1,20,0,0,0,0,234.0,103.0,71.0,21.88,68,82
0,60,1,0,0,0,0,1,0,170.0,146.0,89.0,32.41,68,81
0,47,3,0,0,0,0,0,0,230.0,137.0,79.0,27.13,75,76
1,62,4,1,40,0,0,1,0,203.0,148.0,96.0,30.84,70,95
1,52,2,0,0,0,1,0,0,202.0,136.0,94.0,29.93,83,67
1,45,4,1,20,0,0,1,0,271.0,164.0,98.0,26.05,94,81
1,54,1,1,20,0,0,0,0,245.0,128.0,74.0,24.85,72,75
1,56,1,0,0,1,1,1,0,208.0,167.0,92.0,24.66,60,75
0,55,3,1,3,0,0,0,0,222.0,103.0,61.0,23.18,68,75
0,52,3,1,20,0,0,1,0,287.0,139.0,88.0,26.55,110,78
0,64,1,0,0,0,0,1,0,173.0,144.0,82.0,22.54,60,77
1,63,4,1,25,0,0,1,0,203.0,192.5,125.0,26.18,80,83
0,62,1,0,0,0,0,0,0,266.0,124.0,69.0,22.9,66,82
0,60,2,0,0,0,0,1,0,334.0,132.0,94.0,25.38,80,98
0,47,2,1,20,0,0,0,0,304.0,110.0,72.0,20.88,85,75
0,64,1,0,0,0,0,0,0,305.0,126.5,67.0,25.77,67,66
1,62,2,0,0,0,0,0,0,214.0,110.0,62.5,23.8,77,95
0,61,3,1,30,0,0,1,0,225.0,150.0,95.0,28.58,65,103
1,59,1,0,0,0,0,0,0,252.0,146.0,92.0,27.88,68,80
1,62,4,1,40,0,0,0,0,260.0,127.5,75.0,25.35,65,103
1,55,1,1,20,0,0,1,0,259.0,217.0,112.0,29.6,63,77
0,58,3,0,0,0,0,1,0,241.0,143.5,85.5,23.96,96,78
0,65,1,0,0,1,0,1,0,230.0,159.0,87.0,22.91,70,65
1,62,1,1,6,0,0,1,0,237.0,163.0,94.0,25.62,85,84
1,46,1,1,15,0,0,1,0,405.0,181.5,102.5,26.33,98,97
1,60,3,1,10,0,0,1,0,250.0,157.0,94.0,29.89,63,68
0,48,1,1,25,0,0,0,1,304.0,102.0,66.5,28.9,100,66
1,61,1,0,0,0,0,0,0,257.0,124.5,80.0,23.84,64,76
0,53,1,1,9,0,0,0,0,278.0,131.0,87.0,33.38,63,74
0,52,1,0,0,0,0,0,0,234.0,129.0,80.0,28.06,90,78
0,59,1,0,0,0,0,1,0,209.0,150.0,85.0,20.77,90,88
1,56,1,1,20,0,0,0,0,300.0,165.0,112.0,23.68,86,78
0,44,2,1,9,0,0,1,0,234.0,147.5,96.0,30.57,78,78
0,59,2,0,0,1,0,1,0,201.0,148.5,90.0,25.85,65,83
0,52,4,0,0,1,0,1,0,264.0,181.0,112.5,24.8,74,77
0,53,1,0,0,0,0,0,0,265.0,132.0,80.0,26.25,67,76
1,48,1,1,30,0,0,1,0,215.0,133.0,90.0,27.24,75,50
0,53,3,1,9,0,0,0,0,210.0,132.0,84.5,27.08,110,84
1,63,1,1,43,0,0,1,0,253.0,172.0,82.0,24.19,66,137
1,35,3,1,40,0,0,0,0,175.0,112.0,62.5,21.03,73,69
0,63,1,0,0,0,0,0,0,246.0,116.0,69.0,23.44,65,78
1,47,2,1,18,0,0,1,0,439.0,145.0,74.0,22.42,100,90
1,64,1,1,30,0,0,1,0,253.0,178.0,106.0,24.68,100,76
0,45,1,0,0,0,0,0,0,211.0,127.5,80.0,27.05,72,68
0,61,2,0,0,0,0,1,0,183.0,150.0,86.0,25.05,66,70
1,64,1,1,5,0,0,0,0,180.0,121.0,79.0,20.45,77,92
1,50,1,1,35,0,0,0,0,293.0,150.0,85.0,26.09,67,68
0,51,1,1,25,0,0,0,0,327.0,117.0,70.0,18.52,90,76
1,44,4,1,25,0,0,0,1,241.0,111.0,78.0,27.78,85,167
1,38,3,0,0,0,0,0,0,244.0,118.5,88.0,28.68,77,65
1,59,3,1,20,0,0,0,0,238.0,112.5,75.5,26.42,58,67
0,65,1,0,0,0,0,1,0,225.0,145.0,91.0,29.8,80,83
1,52,2,1,20,0,0,0,1,258.0,132.0,80.0,27.52,90,268
1,61,2,0,0,0,0,0,0,246.0,124.0,70.0,25.63,55,78
0,46,2,1,15,0,0,0,0,232.0,115.0,70.0,25.18,75,59
1,39,4,1,15,0,0,0,0,232.0,115.0,72.5,30.22,90,105
0,55,3,0,0,0,0,1,0,262.0,122.5,84.0,28.68,66,76
1,42,2,1,30,0,0,1,0,270.0,129.5,100.0,30.13,82,88
0,49,1,0,0,0,0,0,0,225.0,115.5,72.5,21.83,69,78
0,43,2,1,15,0,0,0,0,199.0,137.0,81.0,21.85,70,72
1,48,2,1,20,0,0,1,0,230.0,140.5,89.0,23.34,66,80
1,61,1,0,0,0,0,1,0,243.0,142.0,89.0,27.3,65,67
1,62,1,1,23,0,0,1,0,286.0,164.0,88.0,19.53,85,126
0,40,2,1,20,0,0,0,1,234.0,114.0,65.0,21.19,61,78
1,51,1,1,30,0,0,1,0,230.0,171.0,112.0,25.08,95,88
1,55,1,1,30,0,0,0,0,175.0,150.0,88.0,22.72,56,78
0,57,1,1,20,0,0,0,0,252.0,139.0,82.0,26.36,84,70
0,53,1,0,0,0,0,1,0,303.0,128.0,91.0,27.35,60,77
0,63,4,0,0,0,0,1,0,210.0,148.0,85.5,24.01,76,88
1,52,1,1,30,1,0,1,0,238.0,184.0,102.0,28.88,90,94
0,68,3,1,20,0,0,1,0,258.0,158.0,94.0,31.64,80,84
0,65,2,0,0,0,0,1,0,240.0,155.0,84.0,29.93,92,91
1,44,1,1,30,0,0,0,0,334.0,131.0,74.0,28.82,80,77
1,66,1,1,30,0,0,0,1,234.0,114.5,62.5,28.62,75,216
0,48,2,0,0,0,0,1,0,224.0,192.5,115.0,23.03,67,85
0,48,1,1,20,0,0,0,0,234.0,117.5,67.5,28.62,75,68
1,61,2,1,5,0,0,0,0,175.0,134.0,82.5,18.59,72,75
1,56,1,1,20,0,0,1,0,217.0,200.0,120.0,33.71,68,72
0,40,2,1,20,0,0,0,0,271.0,138.5,88.0,27.24,80,78
1,61,4,1,15,0,0,0,0,217.0,131.0,83.0,26.46,62,81
0,66,1,0,0,0,0,0,0,304.0,161.0,90.0,23.48,80,57
0,62,3,1,20,1,0,1,1,358.0,215.0,110.0,37.62,110,368
1,45,3,1,40,0,0,0,0,278.0,135.0,84.0,23.79,75,79
1,56,2,1,30,0,0,0,0,197.0,113.5,74.0,21.03,90,81
0,49,3,0,0,1,0,1,0,300.0,131.0,88.0,26.85,70,73
1,62,1,1,20,0,0,1,0,270.0,145.5,87.5,23.88,81,67
1,52,3,1,20,0,0,0,0,205.0,136.5,92.5,31.05,70,78
1,57,3,0,0,0,0,0,0,213.0,141.0,90.0,30.77,60,77
0,67,2,0,0,0,0,0,0,249.0,128.0,68.0,25.81,70,87
0,50,1,1,15,0,0,0,0,168.0,120.0,80.0,25.26,96,60
0,49,1,1,5,0,0,0,0,350.0,135.0,86.5,25.56,75,83
0,67,2,0,0,1,0,1,1,303.0,204.0,96.0,27.86,75,394
1,63,1,1,20,0,0,1,0,228.0,141.0,82.0,25.84,82,81
1,60,1,1,40,0,0,1,0,230.0,149.0,95.0,26.68,67,92
0,63,1,1,20,0,0,0,0,238.0,136.0,66.0,20.2,60,92
0,62,1,0,0,0,0,1,0,309.0,146.0,82.5,28.55,64,71
1,62,1,0,0,0,0,0,0,252.0,156.5,93.0,28.65,88,97
1,41,1,1,20,0,0,1,0,260.0,151.0,85.0,33.08,95,91
0,58,3,1,3,0,0,0,0,290.0,155.0,82.5,29.5,85,113
0,58,1,0,0,0,1,1,1,267.0,157.0,94.0,33.32,92,205
0,56,1,0,0,0,0,1,0,206.0,158.0,70.0,28.34,60,88
1,52,1,1,25,0,0,0,0,271.0,121.0,73.0,21.85,70,86
1,43,4,1,40,0,0,0,0,226.0,103.5,60.0,26.11,90,67
0,45,2,1,20,0,0,0,0,285.0,116.0,87.0,23.85,65,55
1,50,1,1,10,0,0,1,0,202.0,189.0,121.0,33.81,65,72
0,53,2,0,0,0,0,1,0,219.0,184.0,109.0,22.73,80,73
1,58,1,0,0,0,0,0,0,200.0,128.0,83.0,29.63,68,80
0,60,3,0,0,0,0,1,0,232.0,152.5,85.0,23.03,85,123
0,65,3,0,0,0,0,0,0,217.0,140.0,82.0,20.5,58,78
1,40,2,1,20,0,0,0,0,283.0,146.0,95.0,23.27,80,64
1,57,1,1,3,0,0,1,0,225.0,177.5,120.0,25.48,72,96
0,63,3,0,0,0,0,1,0,241.0,153.0,89.0,32.57,65,75
0,68,1,0,0,0,0,1,0,258.0,139.0,74.0,26.58,85,75
0,64,2,1,3,0,0,0,0,221.0,148.0,85.0,25.4,90,80
1,51,1,1,15,0,0,0,0,339.0,137.5,81.0,24.22,80,85
1,52,3,1,15,0,0,0,0,225.0,131.0,74.0,24.54,65,77
1,64,2,0,0,0,0,0,0,210.0,120.0,68.0,24.77,80,77
0,55,3,1,35,0,0,0,0,275.0,144.5,88.5,27.05,72,79
1,60,4,1,12,0,0,0,0,233.0,135.0,75.0,22.17,75,60
1,66,1,0,0,0,0,0,0,270.0,120.0,76.0,19.09,64,98
0,46,4,1,10,0,0,0,0,229.0,97.5,72.0,18.99,80,78
0,62,2,0,0,1,0,1,0,298.0,248.0,130.0,37.1,96,77
0,63,3,0,0,0,0,1,0,380.0,175.0,78.0,20.15,68,95
0,57,1,1,43,0,0,1,0,283.0,207.5,118.0,38.61,100,83
1,56,3,1,20,0,0,0,0,340.0,134.0,89.5,21.91,50,72
0,49,1,0,0,0,0,0,0,211.0,103.5,66.5,24.17,75,87
1,47,1,0,0,0,0,0,0,259.0,139.0,79.0,29.34,70,71
0,64,1,0,0,0,0,1,0,372.0,169.0,85.0,26.01,75,79
1,51,1,1,7,0,0,1,0,133.0,138.0,78.0,16.98,80,65
1,52,3,1,20,0,0,0,0,265.0,106.0,79.0,26.48,80,163
0,64,2,1,15,0,0,1,0,259.0,195.0,110.0,20.09,75,63
1,65,1,0,0,0,0,0,0,167.0,150.0,77.0,34.69,75,78
0,62,1,0,0,1,0,1,0,186.0,176.5,92.0,22.53,79,60
1,39,2,1,30,0,0,1,0,292.0,153.0,100.0,28.09,110,69
1,63,4,1,43,0,0,0,0,217.0,110.0,68.0,21.99,72,68
1,62,3,0,0,0,0,0,1,346.0,102.5,66.5,17.17,80,394
0,58,2,0,0,0,0,1,0,312.0,161.0,100.5,21.51,75,64
1,63,4,1,20,0,0,1,0,248.0,135.0,80.0,23.06,78,118
1,49,4,0,0,1,0,1,0,215.0,183.0,114.5,29.25,85,90
0,62,2,0,0,0,0,1,0,276.0,185.0,95.0,26.21,80,110
1,51,1,1,20,0,0,1,0,246.0,128.0,69.0,27.57,80,72
1,49,2,1,2,0,0,0,0,262.0,115.0,83.0,22.86,65,57
1,57,1,0,0,1,0,1,0,321.0,192.5,113.0,25.94,63,90
1,51,1,1,20,0,0,0,0,243.0,130.0,86.5,29.86,85,74
0,61,4,0,0,0,0,0,0,261.0,124.0,76.5,23.06,55,83
1,54,1,1,20,0,0,1,0,299.0,146.5,92.0,26.38,100,71
1,61,1,0,0,1,0,1,1,270.0,177.5,95.0,28.15,62,123
1,50,2,1,30,0,0,0,0,249.0,133.0,88.0,28.5,75,75
0,51,1,0,0,0,0,1,0,177.0,141.0,92.0,29.64,72,130
0,58,1,1,15,0,0,1,0,275.0,140.0,78.0,19.18,78,74
0,56,3,0,0,0,0,0,0,220.0,122.0,74.0,25.66,71,93
1,51,1,1,40,0,0,1,0,227.0,162.5,104.0,34.97,90,65
0,46,1,1,7,1,0,1,0,280.0,202.0,124.0,28.06,66,63
0,41,3,1,30,0,0,1,0,187.0,154.0,100.0,20.5,66,78
0,61,1,0,0,1,0,1,1,265.0,200.0,125.0,29.5,68,256
1,60,2,1,20,0,0,0,0,305.0,112.5,75.0,22.7,75,98
0,46,2,1,20,0,0,0,0,291.0,124.0,81.0,22.02,78,78
0,55,1,0,0,0,0,0,0,232.0,119.0,81.0,30.0,60,100
1,40,1,1,43,0,0,1,0,290.0,138.0,90.0,27.54,85,73
1,64,4,0,0,0,0,0,0,273.0,123.0,73.5,22.3,75,84
1,50,1,1,20,0,0,1,0,233.0,158.0,88.0,28.26,68,94
1,58,1,0,0,0,0,0,0,233.0,125.5,84.0,26.05,67,76
1,43,2,0,0,0,0,1,0,214.0,132.0,84.0,26.77,65,102
0,58,1,0,0,0,0,1,0,281.0,150.0,101.0,36.91,72,97
1,47,4,1,20,0,0,0,0,294.0,102.0,68.0,24.18,62,66
0,59,2,0,0,0,0,1,0,250.0,120.5,80.5,27.59,80,75
1,44,2,1,40,0,0,1,0,312.0,157.0,97.0,29.91,85,74
0,57,3,1,20,1,0,1,0,262.0,140.0,93.0,22.0,108,78
0,66,1,0,0,0,0,1,0,278.0,187.0,88.0,40.52,90,84
1,51,4,1,30,0,0,0,0,342.0,110.0,70.0,28.86,72,87
1,56,1,0,0,0,0,1,0,215.0,138.0,97.0,30.76,68,69
1,46,3,1,20,0,0,0,0,270.0,120.5,78.0,22.54,83,83
0,49,1,1,0,0,0,1,0,214.0,172.0,111.0,40.51,80,70
1,53,2,0,0,0,0,1,0,198.0,142.5,82.0,23.84,57,78
0,46,3,1,20,0,0,0,0,267.0,119.0,65.0,29.15,83,75
1,60,1,1,10,0,0,1,0,217.0,167.0,109.0,24.86,95,72
0,43,1,0,0,0,0,1,1,231.0,155.5,99.5,34.95,68,274
0,42,1,0,0,0,0,0,0,170.0,113.0,79.0,21.31,70,65
0,38,2,1,10,0,0,0,0,309.0,113.0,68.0,21.35,60,75
1,47,4,1,43,0,0,0,0,227.0,126.0,84.0,19.14,68,74
0,56,3,1,5,0,0,0,0,230.0,123.0,78.5,24.71,76,87
0,63,2,0,0,0,0,1,0,250.0,190.0,88.0,24.16,94,118
1,56,1,0,0,0,0,0,0,260.0,126.5,76.0,25.14,58,70
0,60,1,0,0,0,0,1,0,212.0,146.0,80.0,28.53,95,72
0,61,1,0,0,0,0,0,0,271.0,133.0,83.0,25.31,90,60
0,55,1,1,5,0,0,1,0,280.0,144.0,79.0,19.5,79,75
1,58,4,0,0,0,0,1,0,320.0,139.0,81.5,23.65,80,82
1,63,3,1,20,0,0,1,0,269.0,180.0,101.0,24.42,72,84
1,54,3,1,30,0,0,1,0,267.0,141.5,91.0,25.36,92,87
0,59,2,1,15,0,0,1,0,167.0,156.0,104.0,15.96,72,45
1,48,1,1,35,0,0,0,0,263.0,132.0,91.0,40.08,90,91
0,57,1,0,0,0,0,0,0,194.0,199.5,107.0,26.84,60,69
1,48,2,0,0,0,0,0,0,193.0,141.0,95.0,27.89,75,84
1,67,1,1,40,0,0,1,0,216.0,148.0,70.0,32.63,90,103
0,67,4,0,0,0,0,0,0,281.0,101.0,59.0,23.1,63,85
0,67,1,0,0,0,0,0,0,223.0,111.0,73.0,27.89,90,63
0,61,1,1,20,0,0,1,0,245.0,140.0,73.0,30.74,90,91
0,50,3,0,0,0,0,1,0,243.0,157.0,98.0,23.82,70,78
1,44,2,1,20,0,0,0,0,246.0,142.0,92.0,23.85,76,65
0,44,3,1,10,0,0,0,0,250.0,136.5,83.5,21.33,70,95
0,45,2,0,0,0,0,0,0,262.0,133.0,83.0,22.19,76,92
1,60,2,1,20,0,0,0,0,212.0,138.5,87.5,19.54,64,73
1,57,4,0,0,0,0,1,0,310.0,147.5,90.0,32.09,67,73
1,51,4,1,10,0,0,0,0,185.0,125.0,85.0,29.43,56,72
1,43,1,1,30,0,0,0,0,252.0,112.0,78.0,24.25,90,65
0,51,2,0,0,1,0,1,0,358.0,134.0,87.0,29.36,75,87
0,65,2,0,0,0,0,1,0,270.0,165.0,98.0,21.66,62,92
0,64,1,0,0,0,0,1,0,255.0,153.0,75.0,23.39,60,74
1,64,1,1,20,0,0,0,0,232.0,113.5,70.0,21.03,80,58
1,36,2,1,20,0,0,0,0,242.0,118.5,84.5,24.04,78,103
1,48,4,0,0,0,0,1,0,293.0,149.0,100.0,31.61,87,76
0,55,1,0,0,0,0,1,0,325.0,155.0,90.0,26.27,68,72
0,64,1,0,0,0,0,1,0,194.0,176.0,97.0,33.19,68,89
1,50,4,1,9,0,0,0,0,296.0,119.0,90.0,23.55,75,69
0,67,1,0,0,0,0,1,0,248.0,215.0,105.0,22.91,90,97
0,62,2,1,6,0,0,1,0,244.0,168.0,102.0,26.39,76,105
1,58,1,0,0,0,0,1,1,287.0,145.0,72.5,26.27,88,206
1,58,1,1,40,0,0,1,0,231.0,171.0,95.0,26.11,85,77
0,64,1,0,0,0,0,1,0,232.0,164.0,102.0,33.37,68,73
0,51,2,1,20,0,0,0,0,326.0,112.0,83.0,20.82,104,70
1,51,1,1,30,0,0,0,0,240.0,127.0,80.0,28.85,70,67
1,55,2,1,15,0,0,1,0,222.0,155.0,92.5,28.35,67,68
0,62,4,0,0,1,0,1,0,274.0,167.0,94.0,28.18,100,80
1,68,1,1,15,0,0,0,0,157.0,106.0,48.0,26.73,65,65
0,47,2,0,0,0,0,0,0,195.0,126.0,75.0,25.4,60,78
0,42,3,0,0,0,0,0,0,464.0,128.0,87.0,22.9,72,72
1,42,2,0,0,0,0,0,0,227.0,144.0,78.0,23.75,62,97
1,66,3,0,0,0,0,1,0,182.0,151.0,88.0,25.22,85,80
0,45,1,0,0,0,0,1,0,172.0,137.0,92.5,30.35,90,83
1,63,1,0,0,0,0,1,0,219.0,145.5,80.0,26.6,72,78
1,51,1,1,20,0,0,1,0,239.0,168.0,102.0,30.38,82,68
1,41,2,1,20,0,0,0,0,264.0,126.5,82.0,23.96,75,78
1,44,1,1,15,0,0,1,0,232.0,141.0,104.0,27.38,75,78
0,60,4,0,0,0,0,0,0,247.0,131.0,81.0,22.19,95,94
0,53,4,0,0,0,0,1,0,310.0,146.0,91.0,29.3,75,72
1,48,1,1,15,0,0,0,0,170.0,132.0,91.0,27.61,78,57
0,57,1,0,0,0,0,1,0,285.0,197.0,72.0,23.41,68,78
0,49,1,1,9,0,0,0,0,235.0,109.0,70.0,28.66,74,73
0,49,1,0,0,0,0,1,0,205.0,137.0,95.0,25.29,100,74
0,61,2,0,0,1,0,1,0,209.0,133.0,93.0,25.4,80,78
0,44,1,0,0,0,0,0,0,229.0,119.0,75.5,25.09,70,88
0,52,4,0,0,0,0,1,0,240.0,177.0,103.5,24.39,86,75
0,49,3,1,10,0,0,0,0,260.0,123.0,80.0,23.1,63,65
0,61,3,0,0,0,0,1,0,272.0,182.0,121.0,32.8,85,65
0,55,4,0,0,0,0,1,0,260.0,172.5,100.5,32.27,58,72
0,48,1,0,0,0,0,0,0,227.0,100.0,76.0,29.45,75,67
0,59,1,1,30,0,0,0,0,316.0,110.0,70.0,19.83,80,74
0,46,3,0,0,0,0,1,0,237.0,196.0,120.0,31.64,58,60
1,51,1,1,15,0,0,0,0,220.0,125.0,82.0,24.1,60,73
0,52,2,0,0,0,0,1,0,215.0,159.0,64.0,24.56,58,124
0,62,3,0,0,0,0,1,0,312.0,204.0,118.0,24.83,67,86
0,57,1,0,0,0,0,1,0,207.0,175.0,80.0,20.86,83,75
1,51,2,0,0,0,0,1,0,227.0,158.0,105.0,27.22,60,96
1,48,1,1,10,0,0,0,0,308.0,117.0,76.0,30.85,65,54
1,50,1,0,0,0,0,1,0,208.0,166.5,106.5,29.13,85,84
1,47,4,0,0,0,0,1,0,270.0,152.5,108.0,26.09,90,88
1,59,2,0,0,0,0,0,0,299.0,120.5,78.0,25.45,60,100
1,38,1,0,0,0,0,0,0,203.0,116.0,81.0,30.19,62,80
0,64,1,0,0,0,0,1,0,229.0,145.0,85.0,29.67,70,74
1,37,2,1,20,0,0,0,0,211.0,116.5,77.5,24.5,68,78
1,59,4,0,0,0,0,0,0,210.0,134.0,84.0,25.64,58,77
1,68,1,0,0,0,0,1,1,184.0,157.0,97.0,33.16,110,148
0,47,1,0,0,1,0,1,0,277.0,138.5,99.0,39.64,85,81
1,56,3,0,0,0,0,0,1,214.0,115.0,80.0,25.09,70,292
0,65,1,0,0,0,0,1,0,295.0,210.0,135.0,24.73,72,93
1,57,1,0,0,0,0,0,0,178.0,123.0,79.0,26.36,74,78
1,47,1,1,20,0,0,1,0,286.0,148.0,98.0,29.98,80,93
1,63,2,1,10,0,0,0,0,271.0,131.0,73.5,30.12,72,107
0,49,1,1,20,0,0,0,0,323.0,123.5,78.0,22.86,92,63
1,66,4,1,20,0,0,1,0,273.0,145.0,88.0,25.41,69,74
0,46,1,1,40,0,0,0,0,253.0,118.0,74.0,26.42,75,64
0,48,1,1,2,0,0,0,0,234.0,129.0,90.0,16.61,80,78
0,70,1,0,0,0,1,1,0,107.0,143.0,93.0,25.4,68,62
0,47,2,1,30,0,0,0,0,198.0,143.0,87.0,20.86,85,79
1,43,2,0,0,0,0,0,0,206.0,107.5,73.5,24.17,60,71
1,48,2,1,17,0,0,1,0,250.0,177.0,124.0,26.4,75,69
0,59,1,0,0,0,0,0,0,250.0,127.5,80.0,29.16,92,108
0,60,1,1,15,0,1,1,0,254.0,177.0,101.0,23.27,92,79
0,39,3,1,30,0,0,1,0,235.0,196.0,116.0,29.7,73,87
0,53,1,0,0,0,0,0,0,237.0,126.0,84.0,27.04,66,88
0,63,4,0,0,0,0,1,0,263.0,150.0,96.5,24.85,72,75
1,60,1,0,0,0,0,0,0,252.0,128.0,82.0,21.18,75,70
1,69,1,1,1,0,0,0,0,245.0,123.0,77.0,26.58,70,81
1,59,3,1,30,0,0,1,0,239.0,168.0,100.0,27.87,65,96
0,58,1,1,20,1,0,1,0,156.0,170.0,98.0,28.88,72,78
1,42,3,1,30,0,0,0,0,240.0,133.5,97.5,28.94,86,73
1,43,4,1,40,0,0,0,0,263.0,114.0,81.0,25.68,70,74
0,63,1,0,0,0,0,1,0,361.0,167.0,100.0,27.31,85,103
0,40,3,1,10,0,0,0,0,210.0,103.0,71.0,24.4,73,68
1,49,2,1,17,0,0,0,0,211.0,128.0,89.0,31.07,75,76
1,67,3,0,0,0,0,0,0,250.0,120.0,83.0,22.36,65,78
1,53,2,0,0,0,0,0,1,234.0,113.0,68.0,24.8,76,108
1,59,1,1,43,0,0,0,0,207.0,132.5,66.0,26.84,65,76
1,63,1,1,20,0,1,1,0,213.0,163.0,94.0,25.4,76,69
0,41,1,1,5,0,0,0,0,192.0,123.0,72.0,19.16,62,90
0,55,1,0,0,0,0,1,0,180.0,165.0,88.0,22.57,68,77
0,54,2,0,0,0,0,0,0,240.0,125.0,87.0,28.76,76,76
1,54,2,1,40,0,0,0,0,230.0,145.0,90.0,25.72,75,85
0,52,2,1,5,0,1,1,0,205.0,159.0,110.0,28.18,75,83
1,55,1,1,40,0,0,0,1,205.0,127.0,76.0,22.24,90,325
0,61,3,0,0,0,0,1,0,189.0,133.0,83.0,22.82,87,78
1,58,1,1,15,0,0,0,0,264.0,156.0,86.0,26.05,92,103
0,63,3,0,0,0,0,1,0,306.0,177.0,96.0,32.51,90,126
0,65,2,0,0,1,0,1,0,279.0,152.0,102.0,30.43,95,78
1,58,1,1,20,0,0,0,0,200.0,136.0,88.0,26.25,75,73
0,52,1,0,0,1,0,1,0,234.0,148.0,92.0,25.09,70,78
0,46,2,0,0,0,0,0,0,242.0,129.0,85.0,27.4,80,78
1,65,4,1,25,0,0,0,0,215.0,147.5,95.0,29.08,82,88
1,53,3,1,30,1,0,1,0,190.0,141.0,115.0,21.01,115,86
0,66,1,0,0,0,0,1,0,214.0,212.0,104.0,25.32,57,84
0,55,1,0,0,0,0,1,0,232.0,170.0,92.0,26.09,96,74
0,47,1,1,25,0,0,1,1,258.0,195.0,90.0,25.4,86,78
1,57,1,1,20,0,0,1,0,158.0,154.0,100.0,24.07,92,70
1,49,3,0,0,0,0,1,0,267.0,160.5,109.0,28.33,70,75
1,52,1,0,0,0,0,1,1,258.0,177.0,111.0,30.38,80,270
1,52,1,1,20,0,0,0,0,225.0,126.0,75.0,22.18,85,100
1,54,1,0,0,0,0,1,0,267.0,148.0,92.5,26.58,75,98
1,50,4,0,0,0,0,1,0,259.0,171.0,120.0,29.38,72,85
0,60,1,0,0,0,0,1,0,352.0,197.5,105.0,36.29,75,95
0,47,2,1,20,0,0,1,1,211.0,159.5,82.5,34.08,86,250
0,59,1,0,0,0,0,1,0,246.0,189.0,111.0,19.88,90,85
1,52,1,1,3,0,0,1,0,199.0,134.0,98.0,27.78,75,89
1,58,1,1,30,0,0,1,0,279.0,180.0,109.5,26.04,75,82
1,49,4,1,0,0,0,0,0,256.0,127.5,81.5,28.21,93,85
1,55,1,0,0,0,0,1,0,165.0,166.0,101.0,24.8,65,90
0,66,1,0,0,0,0,1,0,312.0,150.0,74.0,25.59,72,90
1,56,4,0,0,1,0,1,0,287.0,149.0,98.0,21.68,90,75
0,61,1,0,0,0,0,1,0,300.0,150.5,89.0,25.4,68,72
1,45,2,1,20,0,0,0,0,194.0,133.0,83.0,20.41,55,76
0,52,2,0,0,0,0,1,0,260.0,171.0,118.0,28.33,69,80
1,68,1,0,0,0,0,1,0,276.0,127.0,66.5,25.78,75,104
1,42,1,1,20,0,0,0,0,225.0,110.0,80.0,22.51,65,77
0,63,1,0,0,0,0,1,0,293.0,193.0,63.0,30.0,70,76
1,54,1,1,30,0,0,1,0,177.0,162.5,99.5,22.97,65,93
0,61,2,0,0,0,0,1,0,273.0,210.0,120.0,25.11,88,83
0,52,1,0,0,0,0,0,0,279.0,135.0,86.0,27.02,100,72
0,63,2,1,40,0,0,0,0,179.0,116.0,69.0,22.15,95,75
0,55,1,0,0,0,0,0,0,195.0,133.5,81.5,23.46,90,78
0,63,1,0,0,0,0,0,0,316.0,92.5,66.5,23.1,62,76
1,53,2,1,20,0,0,1,0,266.0,163.0,105.0,28.04,90,79
1,53,1,0,0,0,0,0,0,235.0,130.0,80.0,28.15,84,78
0,53,3,0,0,0,0,0,0,218.0,125.0,80.0,24.96,72,78
0,40,1,1,9,0,0,0,0,239.0,118.0,78.0,23.48,85,75
1,43,4,1,30,0,0,1,0,234.0,152.0,87.0,26.77,77,78
0,55,3,1,1,0,0,0,0,273.0,122.0,84.0,27.15,75,97
0,60,3,0,0,0,0,1,0,325.0,182.0,106.0,27.61,80,77
1,49,2,1,20,0,0,0,0,278.0,135.0,76.0,29.03,82,75
0,58,1,0,0,0,0,1,0,200.0,158.0,101.0,23.06,85,77
1,47,2,0,0,0,0,0,0,234.0,142.0,96.0,28.21,75,78
0,57,1,0,0,0,0,1,0,233.0,184.0,106.0,38.88,66,40
1,48,1,0,0,0,0,1,0,259.0,147.5,87.5,25.1,65,73
1,43,1,1,20,0,0,0,0,180.0,131.0,92.0,27.18,65,85
1,65,1,1,20,1,0,1,0,246.0,179.0,96.0,19.34,95,76
0,63,1,0,0,0,1,1,0,273.0,152.0,70.0,19.69,80,79
0,60,3,0,0,0,0,0,0,328.0,127.0,70.0,22.36,75,63
1,62,1,1,10,0,0,0,0,157.0,134.0,84.0,25.95,105,76
1,55,4,0,0,0,0,1,0,239.0,159.0,102.0,32.35,75,71
0,46,1,1,15,0,0,0,0,244.0,98.0,57.0,24.01,84,95
0,44,2,1,10,0,0,0,0,221.0,110.0,76.0,22.16,64,83
0,63,1,0,0,0,0,1,0,275.0,148.0,75.0,28.87,70,83
0,57,1,0,0,1,0,1,0,432.0,153.0,85.0,26.13,98,75
0,50,1,0,0,0,0,0,0,189.0,144.0,88.0,39.08,60,87
1,45,1,1,20,0,0,0,0,241.0,129.0,80.0,27.11,65,65
0,65,1,0,0,0,0,1,0,223.0,158.0,90.0,27.26,85,93
0,35,2,1,20,0,0,0,0,168.0,83.5,55.0,16.71,79,63
1,52,4,1,20,0,0,1,0,225.0,156.0,98.0,30.93,80,100
1,66,2,0,0,0,0,1,0,124.0,138.0,91.0,32.33,75,96
0,61,3,0,0,0,0,0,0,257.0,141.0,80.0,33.9,85,60
0,52,3,1,9,0,0,0,0,249.0,112.0,75.0,22.54,72,71
0,44,3,0,0,0,0,0,0,180.0,110.0,70.0,23.98,92,67
0,51,3,1,10,0,0,0,0,234.0,98.0,68.0,18.8,79,78
1,50,3,0,0,0,0,1,1,232.0,148.5,94.0,25.78,80,88
0,53,2,1,10,0,0,0,0,300.0,127.0,89.0,25.46,75,70
1,65,2,0,0,0,0,0,1,238.0,122.0,81.0,23.95,67,150
0,46,2,1,20,0,0,0,0,291.0,112.0,78.0,23.38,80,89
1,62,1,1,20,0,0,1,1,194.0,151.5,88.0,21.61,75,105
0,57,4,0,0,0,0,1,0,328.0,181.0,112.5,27.05,85,94
0,67,2,1,20,0,0,1,0,239.0,154.0,90.0,28.56,72,90
1,51,4,0,0,0,0,1,0,200.0,115.0,76.0,31.04,78,78
1,59,3,1,40,0,0,1,0,243.0,162.0,91.0,33.0,85,81
1,46,1,1,20,0,0,1,0,208.0,164.0,107.0,20.63,63,70
1,65,1,0,0,0,0,1,1,240.0,235.0,100.0,25.4,68,297
0,59,1,0,0,0,0,1,0,258.0,138.5,85.0,34.55,65,103
1,54,1,1,30,0,0,0,0,333.0,127.0,74.0,27.97,90,62
1,60,1,1,20,0,0,0,0,260.0,127.5,72.5,25.06,65,75
0,56,2,0,0,0,0,0,0,220.0,126.5,74.5,28.3,82,80
1,57,2,1,20,0,0,0,0,205.0,127.0,75.0,20.55,80,65
1,51,2,1,5,0,0,1,0,290.0,168.0,103.0,29.11,80,64
1,50,2,1,9,0,0,0,0,206.0,140.0,92.0,28.21,85,78
0,53,2,0,0,0,0,0,0,370.0,123.0,83.0,24.64,63,74
1,41,2,1,20,0,0,1,0,236.0,127.0,84.0,31.12,80,83
1,60,4,0,0,0,0,0,0,232.0,165.0,77.0,29.23,69,57
1,58,3,0,0,0,0,0,0,266.0,138.0,83.0,30.64,95,100
1,54,1,0,0,0,0,1,0,230.0,126.0,93.0,25.36,80,84
1,52,2,0,0,0,0,0,0,219.0,136.0,76.0,24.49,52,73
1,59,2,0,0,0,0,0,0,237.0,131.5,84.0,24.17,90,94
1,56,1,1,40,0,0,0,0,296.0,111.5,74.0,23.38,80,71
1,52,1,1,25,0,0,1,0,206.0,173.0,117.0,29.63,75,77
0,59,2,1,35,0,0,1,0,345.0,182.5,103.0,31.52,83,76
1,57,1,0,0,0,0,0,1,300.0,121.0,74.0,28.09,80,155
1,45,1,1,20,0,0,0,0,264.0,118.5,81.0,26.35,75,90
1,51,3,1,20,0,0,1,0,260.0,123.0,72.0,26.83,65,65
1,38,4,1,10,0,0,0,0,168.0,113.0,69.5,23.68,58,78
1,48,1,1,20,0,0,0,0,170.0,122.0,70.0,23.62,90,73
0,63,1,0,0,0,0,0,0,245.71008995128605,155.71376124391077,88.28256746346455,29.320923738529487,90,93
0,63,2,0,16,0,0,1,0,270.36756987982307,181.0636654620846,99.02462128470003,26.866430562794577,74,84
0,61,2,0,0,0,0,1,0,313.44032417746035,202.1595857732451,117.19981990141092,25.007639981886776,66,86
0,63,3,0,0,0,0,1,0,263.5019585919589,148.32680469347042,97.08561835728536,25.604611083244837,73,75
1,51,1,1,20,0,0,1,0,238.8676206288504,167.93932612155643,102.02206322852493,30.430635109464717,82,67
1,48,1,1,16,0,0,0,0,221.25227257765556,121.24318226703332,81.49909096893778,23.701777320305535,61,74
0,56,2,0,4,0,0,0,0,218.79338195055502,121.39669097527751,73.758676390111,26.67355916153378,70,93
0,48,2,0,0,0,0,0,0,231.60810588572429,134.58784117141357,80.28648470857944,27.686404636460605,71,76
0,57,2,0,3,0,0,0,0,227.12529315782905,150.91572027629445,85.97494136843419,23.38585359947848,88,125
0,56,1,0,0,0,0,1,0,458.54897758855293,154.0271925852714,86.42226665652962,26.468183404997042,94,85
0,64,1,0,0,0,0,1,0,315.7625524328143,152.35159527050894,77.2922333787125,28.46835261110293,68,85
0,56,2,0,0,0,0,1,0,270.51025106744225,208.00820085395378,118.0082008539538,25.727457735274324,92,76
0,44,1,0,0,0,0,0,0,228.50114377235442,118.56350080081013,75.12585782926583,24.683432174468866,69,86
0,40,2,1,20,0,0,0,0,275.62451059656837,141.3903191228552,90.69763118133153,25.710057744301974,80,72
0,49,1,1,9,0,0,0,0,234.6433651799118,105.07701697902962,69.28673035982357,25.143580673930195,75,74
1,38,3,1,16,0,0,0,0,234.19600223852726,115.76860078348454,75.1352026862327,28.862870616590158,87,104
0,65,1,1,16,0,0,1,0,238.56558180461758,155.9548818792209,90.86883639076484,27.92140525278784,74,88
0,46,2,1,20,0,0,0,0,291.0,122.34612521008917,80.58653130252229,22.20743914285656,78,79
0,64,1,0,1,0,0,0,0,223.65216801800196,146.01087398649852,88.97825202700295,28.317384819802164,83,81
0,46,1,0,14,0,0,0,0,243.9812011647509,98.02819825287366,57.020678718774015,24.01148510798468,83,95
0,56,2,0,0,0,0,0,0,220.0,122.80267662938299,74.08918629215367,26.130903622571353,72,90
0,54,1,1,20,0,0,1,0,258.3022868717451,216.38950101277698,112.11628552137581,29.602907138034396,63,77
0,50,2,0,16,0,0,1,0,194.1681958249841,169.6636083500318,104.33245952858051,20.260733995992364,89,77
0,59,1,1,10,0,0,0,0,158.99451207918057,131.46153008104292,83.27472288029799,25.8248896968514,103,73
0,48,2,0,0,0,0,1,0,220.51093764724646,188.81710084987125,114.8061632026248,25.441329759347454,73,86
0,64,1,0,0,0,0,1,0,234.42559837155213,156.58603725188067,87.80465424937312,26.79648002447213,67,69
1,44,3,1,21,0,0,1,0,273.640488117185,162.61688717671262,98.25147505877952,26.306504559955115,96,79
1,51,1,1,20,0,0,0,0,261.9595611500047,120.79549370624471,76.9191223000094,26.94172726649864,69,86
0,60,1,0,4,0,0,1,0,235.61702382806143,164.936166640714,93.44680953122457,25.749999760162225,88,81
0,53,3,1,35,0,0,0,0,275.31241207376087,143.51069509975727,88.03138188935871,26.710512213179864,72,79
0,64,1,0,0,0,0,1,0,290.04034737979873,210.0,131.6184186680446,24.815666727076202,75,90
0,53,2,1,30,0,0,0,0,271.73237785076543,143.01471720489337,88.64852827951066,27.742141782519685,71,78
0,63,1,0,0,0,0,0,0,246.21121584187412,116.21121584187411,69.7392554465594,23.38297172269399,65,78
1,65,1,0,0,0,0,0,0,250.83917194692503,123.72989649336563,78.45979298673126,25.246722405452115,67,78
0,56,1,0,0,0,0,1,0,317.17210662731776,158.61287386431488,96.32252926255106,23.40378673431019,72,67
1,39,3,1,15,0,0,0,0,231.8394703211237,115.25226092394846,72.55733202817011,30.035620197404942,89,104
0,50,1,0,6,0,0,1,1,242.8609238012283,171.36310992598925,101.81992187946821,31.571799615647986,81,263
1,53,1,0,0,0,0,0,0,231.81754674475422,127.45403739580338,88.27437846363901,26.37419108357286,81,81
0,52,3,1,30,0,0,0,0,338.1260068601197,110.0,70.0,27.51453238257233,73,85
1,50,2,0,0,0,0,0,0,200.0,122.64957213160858,84.34498777993664,28.04275855570609,79,76
1,49,3,1,21,0,0,0,0,258.90220501152817,107.27037395593163,78.74592520881367,26.810297228542225,81,164
0,41,1,0,0,0,0,0,0,169.9639383808923,112.46809111816128,78.56726057070749,21.22705827605227,70,64
1,49,3,0,0,0,0,1,0,269.7279459331333,161.65413097171026,106.6917380565795,27.217837427261028,70,74
0,45,1,0,1,0,0,0,0,210.82513066766612,126.36334933982975,80.34973866466777,26.35576875063448,74,68
0,61,1,0,0,0,0,0,0,203.59406846162693,205.49629278851683,105.56088973075596,26.110850796916353,58,76
0,57,2,0,0,0,0,0,0,260.3734625961442,125.56634350963957,76.18673129807209,24.36319780002012,56,74
0,64,1,0,0,0,0,1,0,311.75524648534963,149.69405810668707,75.95802811720284,26.38544892261366,71,87
1,49,1,1,33,0,0,0,0,264.05797757404986,134.5126967383684,91.0,36.18664252749655,90,89
0,56,3,0,0,0,0,1,0,313.53786398715533,149.26893199357767,90.0,30.717308772983742,67,72
1,43,1,1,20,0,0,0,0,264.0,121.47137601498437,81.37142200187304,25.46230141552342,75,85
0,65,1,0,0,0,0,0,0,304.50033781517897,161.0,90.65669338242238,23.356791813012183,79,57
0,61,1,0,0,0,0,1,0,222.38359701016577,168.98974813135362,106.8218706531123,30.296779142017126,90,80
1,56,1,1,22,0,0,0,0,255.5651819554612,119.73223933560301,72.29976557191493,25.785089192150444,64,83
0,60,1,1,20,0,0,1,0,207.86468918970382,165.93446332016924,90.69872876480959,25.715454806918192,73,73
0,56,2,1,15,0,0,1,0,225.89276563639453,154.7005564895081,92.94916526573783,26.72102730292414,67,67
1,50,2,1,13,0,0,0,0,260.72489347105954,120.10042611576183,75.98691409082747,25.391086459946813,65,62
0,58,2,0,0,0,0,1,0,272.4808319205661,162.0230016953207,98.49616638411322,25.088509714222347,61,90
1,53,1,1,30,0,0,0,0,179.09980673880676,148.84135896511984,88.35650493380928,23.65939050058746,54,78
1,57,1,1,20,0,0,1,0,211.42955635524933,163.31408872895014,98.08315347635177,23.90179676290785,71,69
1,50,1,1,30,0,0,0,0,248.92013788639173,132.94675859092783,87.92901145457043,28.503105748862545,74,74
0,62,1,0,3,0,0,1,0,296.20829381613055,151.63751185516082,89.25278041225796,26.66895766953497,68,73
0,56,2,1,16,0,0,1,0,217.83978218696979,158.12016335977265,91.71995916005683,27.694765694447742,68,69
0,57,1,0,0,0,0,1,0,200.24843623534704,158.04968724706941,101.44718522362467,23.31439870499537,84,77
1,65,1,0,0,0,0,0,0,270.6088091027247,120.6088091027247,75.49265908106274,19.741425739915435,66,95
1,38,2,0,0,0,0,0,0,243.75576058040662,118.58141313986447,87.88805693268635,28.657000787988288,76,64
0,56,1,1,19,0,0,1,0,259.0,213.36352955865615,111.66941177805965,28.02805300467364,64,74
0,59,1,0,0,0,0,0,0,251.40050391888903,125.75188969583391,81.55037793916678,23.10138493996062,76,71
0,63,1,0,0,0,0,1,0,368.86960722653384,170.3135188322248,90.88782321138184,24.344400645158817,77,99
0,55,1,0,0,0,0,1,0,279.18602376512047,152.72096435231933,100.39534125504015,34.388573033517424,68,94
0,52,1,0,0,0,0,0,1,222.37838770196714,127.25225846797811,82.84459692549179,24.71174729417116,74,175
0,58,1,0,0,0,0,1,0,202.4342207368781,175.326127090223,82.60901672178395,21.223088160448267,82,71
0,56,2,1,30,0,0,0,0,195.9895501385082,113.64034025854052,73.71931948291895,21.092872435826155,90,80
1,44,1,0,12,0,0,0,0,232.29454396024857,141.1472719801243,102.82182415900569,27.50223574350316,75,78
1,55,1,1,21,0,0,1,0,214.51904537081694,193.91038409200522,119.3233760102228,32.789791373903014,69,73
0,53,2,0,0,0,0,0,0,277.1460558121001,125.76914164736372,81.73851501158177,25.186277201723502,72,95
1,43,2,1,20,0,0,1,0,265.92093905026377,157.99747342303903,91.99747342303903,29.295981679695046,94,85
0,51,1,1,32,0,0,0,0,300.15275199397547,106.56860700715416,70.10679500564802,26.245398875843055,90,68
0,56,3,0,2,0,0,0,0,224.35180399255356,122.43518039925536,75.9583117966491,25.24657862070741,73,90
1,49,3,0,0,0,0,1,0,259.50117364627306,170.3422095892666,119.31088623637451,29.314220958926658,71,84
0,60,1,0,2,0,0,1,0,320.0,151.17824709963233,81.88194297700792,30.589932419199933,66,84
0,39,2,1,6,0,0,0,0,183.14809550296096,119.31170645956706,71.07792661489177,20.827108680275686,60,85
0,59,1,0,0,0,0,1,0,211.65110580551942,145.55142174995353,80.74763041674413,28.36851182998327,95,72
1,55,3,0,1,0,0,1,0,288.1530400368755,148.75978332565094,97.42347998156225,22.13160734777624,90,74
0,47,1,0,1,0,0,0,0,234.72487846393284,129.0,89.54695096004198,17.587679828229405,80,78
0,49,1,0,3,0,0,0,0,351.75829549255917,134.7802130634301,86.60989346828495,26.39519035896561,75,83
1,50,1,1,30,0,0,0,0,248.94376636949104,132.95431017521148,87.93322256377061,28.5099111773772,75,74
0,47,3,0,0,0,0,1,0,292.083515982758,148.39855736368494,99.94271974892237,32.069960416153314,86,76
0,53,2,0,2,0,0,0,0,219.52253927504663,103.11261185113425,62.238730362476694,23.402971465245805,69,77
0,49,3,0,8,0,0,0,0,260.2626988162898,122.93432529592755,80.52539763257963,23.83292969744858,63,66
0,55,1,0,1,0,0,0,0,340.3813764752597,133.19650808911118,91.00872977722203,25.45179048534667,78,92
0,43,2,0,0,0,0,0,0,461.5239378588093,129.93442354780527,86.84524611617557,23.149927522376437,74,72
1,47,4,1,20,0,0,1,0,266.27939565803,171.55296694715196,98.944120868394,25.97919093487045,93,73
0,47,1,0,0,0,0,1,0,276.90618161497486,138.68763677005032,99.1206236378895,39.458394411844154,85,81
0,44,1,0,14,0,0,0,0,181.13098275831504,128.17254310421237,89.17254310421238,25.472216034944278,63,83
1,49,3,0,0,0,0,1,0,258.59864582464337,171.26756945023777,120.17837963349184,29.247107173048573,72,84
0,61,1,0,0,0,0,1,0,272.09280943466246,210.18143811306751,119.45568566079747,25.030167230250296,88,83
0,60,1,1,20,0,0,1,0,207.93003897166886,165.8971205876178,90.74073933892998,25.711440463168913,73,73
1,48,1,1,17,0,0,1,0,246.9682642745316,174.51948895188949,117.9365285490632,27.496937107942202,76,68
0,54,1,0,3,0,0,0,0,292.98022756357756,166.50988621821122,100.23264583382085,27.911522772647032,80,62
0,56,2,1,1,0,0,0,0,288.72318118059223,141.72318118059223,83.10066138887555,35.12495402847819,67,72
0,58,1,0,7,0,0,1,1,229.23499427719005,206.97386441130513,93.50387585692503,28.622077574965182,74,279
1,48,2,1,9,0,0,0,0,302.8533574536675,117.85777375772207,82.00441630405454,27.719125784314418,69,60
0,56,1,1,7,0,0,1,0,278.4478943628602,144.23281584557097,80.31928979156882,20.179822269067227,79,73
0,59,1,0,0,0,0,1,0,302.68139020095515,149.69558293971346,89.26813902009552,27.193850044438985,67,72
1,68,1,0,0,0,0,0,0,245.78190902201723,122.53085458678966,77.93829082642068,25.92006878541745,69,80
0,49,1,1,20,0,0,0,0,323.44073112978907,121.81053066914198,78.73455188298175,22.560302831743446,93,64
0,50,1,1,14,0,0,0,0,339.5115064508407,137.38374853389985,81.25575322542036,24.282310785829686,79,84
0,49,2,0,3,0,0,0,0,184.3803005598006,122.52120223920234,83.14090167940175,24.292691640746845,58,75
0,60,1,1,35,0,0,1,0,266.1402145759958,190.9212109997292,111.25608583039832,30.781439634787382,100,79
0,54,1,1,6,0,0,0,0,281.80512492251864,134.80512492251864,85.61631820999322,33.99919760102804,64,73
0,53,3,1,20,0,0,1,0,279.120261972566,139.31518952109735,89.57594760548679,25.115887679007017,109,78
0,61,1,1,18,0,0,0,0,286.9125690952735,161.9467195356346,86.74521749399892,21.804578469969236,85,123
0,54,2,1,3,0,0,0,0,223.1235199399131,103.51854766457528,61.77782149686292,23.653606866978755,68,74
0,43,3,1,33,0,0,1,0,195.39537259757475,145.98623524776954,92.36784309311385,26.216485523257724,53,78
1,63,1,1,18,0,0,1,0,196.6755126816191,160.462967483424,91.21061521794292,21.898955369614864,75,107
0,55,1,0,0,0,0,0,0,234.8067176650943,125.72583970813679,84.0,26.49716262211084,66,81
1,58,1,0,13,0,0,0,0,262.5856273713847,156.05893219285898,86.82505070002559,26.356447402866642,91,102
0,64,1,0,0,0,0,0,0,247.18034353969077,120.7213741587631,68.60655215343641,24.372471396355714,66,81
0,65,1,0,0,0,0,0,0,249.86065812338913,125.93442050386608,68.51639487403348,25.753196563856317,70,88
0,62,1,0,0,0,0,1,0,288.4470856987469,257.9774882701977,131.06143492236146,37.465133613292345,95,75
1,41,2,1,27,0,0,0,0,263.6244254464717,121.8053180808966,81.62442544647173,24.60598823206863,73,76
0,53,1,0,0,0,0,1,0,204.04415094963926,162.2969103839917,103.78035377787698,26.128499533038784,85,80
0,46,1,1,20,0,0,0,0,291.1022457980912,123.74438550477196,80.85685588267229,22.047810857080812,78,77
0,43,1,0,17,0,0,0,0,180.57986028951927,129.55034927620184,90.55034927620183,26.304410962825905,64,83
0,51,2,0,6,0,0,0,0,208.6257786377556,133.3742213622444,87.3858648607133,26.588028752316493,107,81
1,49,1,1,29,0,0,0,0,213.66166508974646,133.86035815659156,88.56606973901408,26.92262343556845,75,52
0,52,1,1,26,0,0,0,0,172.77828869035875,120.14780753976083,69.6913012566268,23.166212847241404,91,73
0,53,3,0,0,0,0,0,0,218.10592802452254,124.84110796321617,79.68221592643233,24.997074808582894,71,78
0,55,1,0,19,0,0,1,0,217.6528764442345,199.8694247111531,120.0,33.64242728802173,67,71
0,48,1,1,22,0,0,0,0,283.986830113418,147.35944594517846,96.26135327977009,29.44376474839225,78,90
0,67,1,1,15,0,0,0,0,157.24238676327255,105.50420889330616,48.154246122082526,26.509207693819008,65,64
0,51,1,0,0,0,0,1,0,302.1600241189893,128.83997588101067,90.16002411898934,27.21000401983156,62,75
0,63,1,0,0,0,0,1,0,367.40211072742466,168.16402013225903,91.26984900805726,26.55338691403163,79,89
0,41,1,1,20,0,0,0,0,264.0,127.65492318613833,82.62188171561296,24.4415141283746,74,77
0,59,3,0,0,0,0,0,0,260.68375410557707,124.79061473605739,76.34187705278852,23.717791460399752,55,78
0,55,1,0,2,0,0,1,0,202.2744723586965,158.4548944717393,105.0940502456537,25.389059695305217,80,79
0,50,3,0,0,0,0,0,0,220.19483177998893,114.17534860199004,78.00974158899945,26.229801074101715,78,83
1,48,1,1,16,0,0,0,0,170.0,129.7259050413862,86.22440058691105,26.702636111513097,80,60
0,57,1,0,0,0,0,1,0,318.53635397877525,151.36419911306106,86.9701659275509,27.19106955802453,66,71
0,50,1,0,13,0,0,1,0,198.13818705093135,138.82981678641832,104.14908393209154,23.33209603853241,106,79
0,52,2,0,0,0,0,0,0,367.5003998614402,125.29130012701313,83.83320004618659,25.62317605450018,65,76
0,61,1,0,0,0,0,0,0,271.3534840298398,120.90232268655988,79.60929074623954,22.726360426836326,68,97
0,61,1,0,0,0,0,0,0,194.0,185.09684621974418,100.87099839138051,30.731916021473374,64,81
1,46,1,1,33,0,0,0,0,264.5830293611296,131.43463237102515,93.03532346430947,37.82983683668009,88,90
1,41,2,1,20,0,0,0,0,264.9184876314686,125.58151236853136,81.38767491235424,23.742624593885754,76,78
1,59,2,0,2,0,0,0,0,299.8457577651306,119.37232297982584,77.57712111743469,25.062361024315134,62,99
1,47,1,1,36,0,0,0,0,299.3804296243971,152.35068459846207,89.02974502593499,27.372802166589306,73,70
0,56,1,1,20,0,0,0,0,250.48736682770286,136.62300501496162,80.27127637451754,26.033703415690187,81,71
0,57,3,0,0,0,0,1,0,310.975625102393,148.23171882679475,89.1219374078463,32.05292624610907,66,73
0,66,1,0,0,0,0,0,0,271.518144007553,117.37775125968118,73.65377744287262,19.643432497298868,63,96
0,42,2,1,15,0,0,0,0,237.52194717386126,107.17724150369652,65.36748490042919,27.36239233752679,87,100
1,51,1,1,30,0,0,0,0,240.25071628730421,126.87464185634789,79.62392556904366,29.11575926454248,73,67
0,46,2,0,0,0,0,0,0,215.74352535883813,129.09412440193645,81.09412440193645,26.447447808614946,66,99
0,63,1,0,0,0,0,1,0,231.98241811115267,144.36091040475299,85.85211946032933,29.16511921975487,68,72
0,48,1,0,1,0,0,0,0,224.5522562919139,114.88435240138158,72.89177574457536,21.866938855917102,68,78
1,56,1,0,9,0,0,0,0,265.06792012138453,153.15221300964117,88.31382692966655,26.23866588811127,85,101
0,63,1,0,0,0,0,0,0,221.93418545392058,145.98903090898676,78.04387636405295,17.132361602016246,65,74
0,49,1,0,3,0,0,0,0,351.648082269056,134.793989716368,86.603005141816,26.342839077801575,75,83
0,53,1,1,20,0,0,0,0,247.4753033728322,134.4753033728322,84.2623483135839,28.119604243898593,84,72
0,48,2,1,22,0,0,0,0,200.71821977249508,141.98066758531434,88.69888735780943,23.357364415979855,85,78
1,54,4,0,0,0,0,1,0,287.76718579986516,149.0,98.25572859995505,22.949692498776805,89,75
1,50,2,0,4,0,0,0,0,202.73091344549292,132.37213137281677,89.82060896366194,27.40362531655492,82,76
0,66,1,0,0,0,0,0,0,248.27527505360734,125.10110021442934,68.24157498213089,25.23746729234979,68,84
0,66,1,0,0,0,0,1,0,266.68838479525755,197.55750752442628,91.77053840158082,32.6169515102866,78,79
0,51,1,0,19,0,0,1,0,239.01794567856848,168.16151110711644,102.02691851785274,30.272505385374732,82,68
1,51,1,1,31,0,0,1,0,229.62123865162215,169.9268428462628,110.9899697376591,26.328649911818946,94,85
1,64,1,0,6,0,0,0,0,272.7018531680263,129.63851746557896,71.1174055647632,28.642791450153183,73,105
1,58,1,0,0,0,0,0,0,217.7373226419978,143.0,102.70704150971302,29.395848330286704,74,87
0,61,1,0,0,0,0,0,0,281.7445066553444,110.67858651947714,64.95605324275516,26.77786287740131,59,80
0,59,3,0,0,0,0,0,0,232.05336204580038,166.01387887020746,78.54749932821139,29.744943741973792,68,56
1,51,2,1,17,0,0,1,0,226.4814580669993,146.8773572535638,90.5393620956878,25.543486885541693,66,74
0,61,1,0,4,0,0,0,0,244.0058360559948,126.99124591600784,69.0029180279974,24.276461223006454,56,81
0,49,1,0,0,0,0,1,0,211.34788443269585,169.56889406330453,109.01091332452188,35.47982080734644,82,76
0,67,2,1,20,0,0,1,0,249.49775868087178,156.2100544591309,92.2100544591309,30.261741933530793,76,86
1,49,1,1,14,0,0,0,0,170.4707595506285,132.1883038202514,90.19970876393157,26.760749770666205,77,58
1,51,2,0,13,0,0,1,0,296.9380208443454,147.35915798152277,94.74930554087283,28.177358497345608,95,72
0,60,1,0,0,0,0,1,0,191.93104887241674,176.07635365197024,88.61082921576185,22.058340399193526,80,64
0,53,3,0,0,0,0,1,0,260.0,171.91390745157958,107.33774639823824,30.730530239482366,62,75
0,50,3,1,17,0,0,0,0,260.0,123.0,73.61324649420537,26.077823822076745,64,65
0,48,2,0,0,0,0,1,0,214.62806733208313,148.95781796624465,71.43865335833729,25.38197119609627,60,115
0,58,1,0,0,0,0,0,0,224.80678727692674,106.03133498845149,74.35509045769504,28.594647038001426,83,64
0,66,2,0,1,1,0,1,1,308.13743845864127,205.02748769172825,97.30771160765414,28.771661806478885,78,391
0,57,1,0,11,0,0,1,0,206.88214431650158,167.0,90.60268039562696,25.31394557484658,66,75
0,63,1,0,0,0,0,1,0,174.8672329577304,145.12033977463824,82.74689318309217,23.008675472390333,61,75
0,41,1,1,20,0,0,0,0,270.34174726896015,138.59403610443425,88.09403610443427,27.441237263489327,79,77
1,42,3,0,3,0,0,0,0,301.7899612327241,126.07661928444058,93.21664512929118,23.260501938363795,68,74
0,44,1,0,2,0,0,0,0,227.05985507831534,116.81733696310475,75.62125905760529,24.379421922432993,68,86
0,44,1,1,5,0,0,0,0,196.34134985649962,112.87018366816754,78.51202478474943,22.14106023479641,62,86
0,40,2,0,6,0,0,0,0,208.75060359245794,104.40557095848482,71.78087275471378,24.328159706566332,68,68
0,53,1,1,27,0,0,0,0,173.21592808094817,119.85604794603454,69.64267465767243,23.094731746778464,91,73
0,41,2,0,0,0,0,0,0,243.21663674965234,119.77296528181498,87.80415918741308,28.695667265006954,76,67
1,50,2,0,0,0,0,1,0,275.5152103478823,159.72129448703527,98.89695793042354,27.99914693454638,61,86
0,58,2,1,20,0,0,0,0,268.681714709264,142.36104787788355,88.47980947674844,27.314843622691328,69,74
0,54,1,0,0,0,0,0,0,234.47602940320218,125.55239705967978,90.3143823580787,26.88184999708874,78,80
0,63,2,0,0,0,0,1,0,210.77536921260167,154.4898091363186,90.30615769684958,27.50928145575719,96,134
1,41,2,1,28,0,0,0,0,269.0037941195028,129.0018970597514,97.01138235850848,29.105568286222073,80,86
0,60,1,1,20,0,0,1,0,208.70568802952576,165.45389255455672,91.2393708761237,25.663793449614843,73,72
0,63,1,0,0,0,0,1,1,249.07751841585025,222.29147421780962,109.07751841585026,26.888713020199443,68,282
0,55,1,0,0,0,0,0,0,196.7478322036015,134.78517073794225,81.34577951144693,23.98126525130938,90,77
1,54,1,1,36,0,0,0,1,213.94927295391736,127.84427103338842,76.67541682671074,23.13155021125818,90,315
0,64,1,0,0,0,0,0,0,277.9905631468451,129.2103805384704,80.21509896504786,31.985492861405,61,78
0,52,1,0,0,0,0,1,0,215.13353440714553,159.45067862411614,64.3672196196502,24.717904436449583,58,122
1,59,1,0,2,0,0,0,0,251.46527046940167,148.94101241829082,92.53472953059834,28.417403178251327,66,76
1,64,3,1,24,0,0,0,0,214.64075501489793,150.2841486345409,94.82037750744897,28.41898922741222,80,84
1,48,1,1,16,0,0,0,0,170.0,128.8683800518272,84.42359810883707,26.360483640679043,81,62
0,48,1,0,11,0,0,0,0,170.416880731407,117.98593272382752,77.98593272382752,25.002199388649924,95,61
0,63,1,0,0,0,0,0,0,280.0644882457932,126.58082640234406,76.67755877103389,30.314226311192964,56,78
1,52,2,0,17,0,0,0,1,251.70245318730414,129.5668569132766,80.0,27.17220366466248,87,271
1,52,2,0,0,0,0,0,0,217.94120410656606,135.76471202368134,76.94115190527461,24.625290586383223,52,73
0,63,2,0,0,0,0,1,0,181.47946066417109,154.64377535080243,88.0,24.530285380026683,80,79
0,54,1,0,0,0,0,0,0,197.2376678270838,134.29916708110136,85.49583540550681,25.528244405890327,87,74
0,56,1,0,0,0,0,0,0,220.03475203176376,126.3204478358872,74.48262398411812,28.295250555658953,82,79
0,63,1,0,0,0,0,0,0,218.02928203368023,142.83052559262063,80.97071796631977,23.63931020272469,65,78
0,53,2,0,0,1,0,1,1,305.3680406754887,205.26539660984636,96.04031864584505,22.48824684788794,75,220
1,53,2,0,0,0,0,0,0,216.5266699322465,135.4503710960548,78.19851561578088,24.8060366197685,53,74
0,58,1,1,33,0,0,0,0,176.09289921452407,117.93806719031728,69.32301119838621,22.624826461627734,93,74
0,54,3,1,3,0,0,0,0,222.03506211502005,102.98539078540831,61.02045290042837,23.167202328017677,68,75
1,55,2,0,0,0,0,0,1,214.88957185440103,115.34369821647313,80.0,25.139128627413513,70,291
0,63,1,0,0,0,0,1,0,367.53345365760896,169.75092785583536,92.43494839645277,24.847919569027354,79,100
0,56,1,0,0,0,0,0,0,205.87017355104828,155.40347102096564,70.12982644895172,28.959272161499694,60,87
0,58,1,0,6,0,0,1,0,221.69708503487456,167.9394170069749,103.67663696047549,25.245160972859715,95,72
0,59,1,0,9,0,0,1,0,218.39545729690042,167.27909145938008,107.41848173017954,24.974427498345833,95,72
1,61,1,1,10,0,0,0,0,157.02936415910239,134.58728318204786,84.46982654563828,25.8947953808875,104,75
1,62,4,1,23,0,0,0,0,250.12449864534216,133.67218834666116,79.11479223110743,23.465425158152797,75,115
0,55,3,0,0,0,0,0,0,219.58049410463263,122.62925884305105,75.25851768610208,25.513172936621423,71,89
1,58,1,1,16,0,0,0,0,157.62097287378091,146.41945747561806,93.93556598049445,24.782570997291902,96,72
0,50,2,0,8,0,0,0,0,206.07962783007147,139.8142017298332,92.02654261002382,28.135415265833046,84,78
0,55,1,0,0,0,0,1,0,202.69472401488883,160.8631442658194,102.85262276023607,25.104621846296894,85,79
0,57,1,0,14,0,0,1,0,296.9245715310168,145.4622857655084,92.88946934384994,27.78239666547008,97,72
0,64,1,0,0,0,0,0,0,167.49075200226335,149.50924799773665,77.40896000188613,33.69622719541672,73,77
0,54,1,0,0,0,0,0,0,196.10748445318958,133.88761955861636,82.99510401180594,23.662669654933694,91,77
0,57,2,0,0,0,0,0,0,247.59582410114632,117.73519771631827,80.13937361517195,27.063485478151044,82,76
0,49,2,1,2,0,0,0,0,261.97613113330556,115.09547546677781,82.96419669995832,22.862864264003335,64,57
0,59,2,1,30,0,0,0,0,225.0,148.3713841777817,94.11166409697184,28.65896319138028,66,103
1,62,1,1,5,0,0,0,0,176.74166040646787,129.47168294318354,81.28083771547249,19.23789767120605,73,80
0,46,1,0,10,0,0,1,0,232.62812158998545,143.19842556494913,100.23127046008722,26.660800779466644,73,78
0,58,1,1,20,0,0,0,0,244.49135603764336,137.45678018821684,76.43334674590727,30.51619665656308,88,86
0,51,1,0,0,0,0,1,0,235.62670405615685,149.62670405615685,93.08446937077123,24.860453983186755,70,78
0,44,1,0,0,0,0,0,0,227.91839722556526,118.39910956975848,75.80044521512076,25.230608360676516,71,87
0,59,2,0,5,0,0,0,0,302.37282543727156,132.22021596199738,87.57630473763707,23.22005278721567,75,66
1,46,1,1,21,0,0,0,0,265.7103795855053,119.11084985196617,79.04528047370827,25.250470266460905,73,89
0,51,2,0,0,0,0,0,0,359.35531850093406,132.75762470747708,86.5482271663553,28.82690805629926,73,85
0,63,1,0,0,0,0,1,0,254.74358935663662,287.58974523429436,133.69230798252252,37.62476949602559,91,71
0,45,1,0,7,0,0,0,0,310.96645786852304,107.24108767075404,67.57861617103079,21.841614467130753,60,75
0,53,1,0,0,0,0,0,0,234.89940636076136,123.05916890506593,82.73964381645682,28.283551434429267,63,93
1,41,2,1,20,0,0,0,0,236.37856050288852,127.61516081719384,85.27764169724875,30.91368452592576,80,82
0,54,2,0,0,0,0,1,1,299.5455372319776,193.24389373561144,92.52065739854648,24.58448193841692,80,212
0,52,1,0,0,0,0,1,0,276.1475625074875,157.27865623876872,99.38252083582917,30.165111885407654,62,89
0,61,1,0,1,0,0,0,0,215.4760032306587,146.7724451623686,81.93111290592151,27.32112332089314,93,75
0,56,3,0,0,0,0,1,0,266.3384290928239,177.20944000162024,120.56449454560185,31.310571345958294,79,73
1,66,2,1,17,0,0,1,0,278.07300323077664,149.22750269231386,88.84550053846277,27.527978848849248,69,75
0,40,1,0,0,0,0,0,0,200.90455298670813,118.61930876661484,79.4284147400311,28.935351100791497,61,79
0,56,3,1,20,0,0,1,0,266.8451029749052,139.8061958810038,92.03097940501895,22.881808741432753,108,78
1,56,2,0,0,0,0,0,0,213.31252534718655,140.53121197922016,91.09383871515293,30.768437373264067,61,75
0,54,1,0,0,0,0,1,0,324.5332660012396,154.71995960074378,90.03111559991736,26.364280267749592,68,72
1,41,2,1,22,0,0,0,0,237.0428210593409,128.69458422142898,87.51952107527556,30.551662522659207,81,80
1,48,1,0,0,0,0,0,0,193.63806235753464,140.2555939162096,95.31903117876732,27.878302190111864,75,84
1,61,1,0,7,0,0,1,0,275.03871341780746,173.24858555372492,92.79556287970922,25.43539314615622,69,123
0,46,2,1,20,0,0,0,0,290.9503772563835,124.04198847536782,80.98091432937827,22.046758110211673,78,77
0,61,1,0,0,0,0,1,0,179.8166948240162,148.09001689440973,84.72667792960648,24.250990400828066,64,72
0,45,1,1,15,0,0,0,0,233.50418810324098,117.3398481605971,71.67132011471222,25.502564782139455,73,60
0,44,2,1,26,0,0,1,0,243.2732221674002,203.23906939647517,114.62112963876663,29.665528240969167,69,83
0,61,1,0,0,0,0,0,0,270.8926540231819,133.04954429699296,82.92568355451056,25.320486876196842,89,60
0,47,1,0,0,0,0,0,0,259.46246807170877,138.4604539163398,79.07707801195146,29.101828943069986,69,71
0,53,4,0,0,0,0,1,0,239.65961990733334,170.87315833199986,102.98942986099999,27.099425537626733,82,73
0,51,2,0,0,0,0,1,0,259.86638651425136,171.0,118.26722697149732,28.47029416003609,69,80
1,41,1,1,22,0,0,0,0,179.78447013120868,129.706820787252,89.84470131208668,25.531196503746312,63,81
0,64,1,0,0,0,0,0,0,247.4415112797214,117.4415112797214,74.04528947902486,23.050791954475226,65,78
1,50,2,0,8,0,0,0,0,205.72597837349207,139.72597837349207,92.13701081325397,28.327829299398406,84,77
0,53,3,0,0,1,0,1,0,284.6315529125889,146.51313055821834,98.23684470874112,25.933730968990346,88,76
1,60,3,1,16,0,0,0,0,237.5184974661217,113.94450760163494,75.98150253387831,25.909607314088987,56,66
0,39,3,0,0,0,0,0,0,304.518039221734,130.0963921556532,94.32525491042756,23.46147058369952,65,77
0,61,1,0,1,0,0,1,0,276.16381573550643,147.06894741159485,75.93105258840515,26.689009311660925,72,81
0,63,1,0,0,0,0,0,0,219.3852079393201,145.98150992415012,80.96301984830025,26.36887523640794,75,78
0,64,1,0,0,0,0,1,0,270.6500327908608,164.1135916488262,98.17728167023476,22.561181823693364,62,92
1,62,4,1,22,0,0,0,0,249.21383134183702,134.24135541135186,79.49423694090123,23.291639481067232,76,116
1,40,2,0,0,0,0,0,0,239.80922257070497,119.89692580976501,86.07922701157311,28.285368458741385,75,62
1,44,2,1,38,0,0,0,0,276.9938137931068,134.30824698276092,86.01237241378638,24.58740256896285,75,80
0,53,2,0,8,0,0,0,0,210.002260794679,131.99943480133027,84.50037679911317,27.081258509037966,109,84
0,46,2,1,20,0,0,0,0,291.0,121.9710271557281,80.49275678893203,22.249950255684148,78,79
1,54,2,1,41,0,0,0,0,220.50783448683842,105.94096245029404,69.15360918860262,26.171024061257352,83,66
0,60,3,0,0,0,0,0,0,273.0,122.62049709662529,77.48478048543454,24.140589081367384,75,88
1,51,2,1,20,0,0,1,0,267.13365191461753,163.2267303829235,103.41288731953543,27.58880653798221,90,79
0,56,1,0,0,0,0,0,0,220.1448358196016,139.81611939867201,76.7632238797344,21.601197615205294,56,73
0,61,2,1,15,0,0,1,0,257.8403615919977,192.6807231839954,111.80388196800357,20.903035372721607,75,63
0,57,3,0,0,0,0,1,0,308.02354329159266,148.0929370125222,89.80235432915926,30.76775046207548,67,72
1,59,2,0,9,0,0,0,0,301.87442037862013,116.66743949517318,76.56278981068995,24.132557326465783,67,99
1,51,3,1,20,0,0,0,0,264.56799786531485,106.09000044472607,78.98199991105479,26.50340011562878,80,163
0,44,1,0,5,0,0,0,0,224.37155233263397,113.79299637421323,75.78927797921038,23.394831041827196,66,85
0,58,2,1,35,0,0,1,0,344.10322446900216,181.80703708968346,102.83694990345494,31.47624822409374,83,75
1,58,2,1,30,0,0,0,0,239.43883566081163,167.59492092848157,99.69619069636119,27.78493339498113,65,96
0,57,1,0,0,0,0,0,0,253.74509208115427,146.43627302028855,82.40199355365156,39.86005713712401,71,84
0,43,2,0,0,0,0,0,0,242.58462334733875,125.93072742647149,85.87693502100814,27.774158942296808,79,74
1,59,1,1,10,0,0,1,0,217.3539078024029,167.10889470843165,109.08167103132374,24.86598920896374,95,72
1,50,3,0,3,0,0,1,0,213.26039051666572,187.69694560500255,117.19639469916814,28.59590683426631,86,96
1,44,2,1,26,0,0,0,0,240.9020538746214,132.4476038129417,94.19246912638825,29.216629854883895,85,73
0,58,2,0,0,0,0,1,0,323.0735309140092,181.5183827285023,103.75245273301074,27.34671589158126,77,78
0,50,1,1,14,0,0,0,0,167.7997856258669,120.25481829435121,80.07280522695748,25.272558901650168,96,60
1,56,2,1,16,0,0,0,0,240.45613396704235,130.6505885192253,74.37865550274647,23.83520325263946,73,69
0,65,2,0,0,0,0,1,0,286.2694024887812,146.96733673853606,98.08570635219472,30.81024566864394,92,77
0,56,2,0,0,0,0,0,0,220.0,124.82707149708477,74.31411905523164,27.318548611623065,77,84
0,57,1,0,0,0,0,1,1,262.445623741368,191.60704943592353,119.89124748273606,29.821121586799446,72,261
1,49,1,0,0,0,0,1,0,209.52910228018314,170.10431251757456,108.24754546306646,29.156213181945997,85,85
0,49,1,0,15,0,0,1,0,430.9434358237177,147.88593343628023,75.32271949162843,22.85168754317692,96,88
1,47,3,1,42,0,0,0,0,227.2050228065968,127.29847777511294,84.41004561319356,19.589683355802272,68,74
1,68,1,0,0,0,0,0,0,246.316578918766,122.2100526487404,78.5798947025192,25.468807392561494,68,80
0,50,2,0,2,0,0,0,0,229.5671707799194,121.26868311967755,77.20151233975815,24.874475103630633,73,87
0,62,1,0,0,0,0,0,0,290.29702931785886,141.5808577648824,91.31023018869423,29.168613422359122,87,80
1,50,1,1,12,0,0,1,0,202.70186076765188,186.1925569293925,120.29813923234813,33.076555497803795,66,72
0,56,1,0,1,0,0,0,0,195.70754007873288,199.5371204364942,107.96513134884903,27.350034797430215,60,69
0,61,2,0,15,1,0,1,1,336.9493110262418,211.6047275848777,113.39527241512229,35.78202586594713,100,342
0,53,1,0,0,0,0,0,0,285.4604922941803,136.38147688254088,80.92098458836058,23.64147352272004,76,91
0,56,2,0,0,0,0,1,0,272.99404148191746,161.40715022169906,98.5988082963835,25.797765328009927,60,89
0,54,4,0,0,0,0,1,0,260.1934738137475,172.53224563562458,99.75835038063457,31.674100653657696,58,72
0,55,1,0,0,0,0,0,0,260.613802714189,127.1751829856079,76.4910421713512,25.276264202549957,59,70
0,59,1,0,0,0,0,0,0,250.24547647434764,121.42053677880365,80.68410735576073,26.80324789971581,79,74
0,47,1,0,1,0,0,0,0,236.6432640310062,129.0,88.34795998062113,20.175102361819597,80,78
0,61,3,0,6,0,0,1,0,237.44649349359304,146.5428977413826,83.29797078325218,23.040212175300486,82,121
0,54,1,0,0,0,0,1,0,266.90125522515154,147.89576940432664,92.4177126876263,26.667443983949113,74,98
0,47,1,0,3,0,0,1,0,234.0,144.68220722783087,92.24294297044118,29.812326832372303,72,83
0,58,1,0,0,0,0,1,0,316.49893567091107,150.21815131488748,86.01512609573956,27.481401666895174,65,71
0,61,2,0,5,0,0,1,0,243.19076091775963,169.53755425625673,101.35260873420769,26.883635840166633,76,105
0,58,1,0,0,0,0,1,0,240.43238695478416,143.7117420301439,89.85587101507195,26.66950835223033,66,70
1,59,1,1,37,0,0,0,0,208.41634813207287,110.07509556037814,74.57081740660364,23.986834166206872,84,72
0,56,3,1,20,0,0,1,0,228.7488734568367,155.46444664902333,95.85778659609332,30.295369279092647,77,97
0,45,2,1,20,0,0,0,0,266.3674825397662,118.89458042329437,68.3734264545803,28.55965037044845,81,78
0,53,3,1,25,0,0,1,0,275.5330130872956,140.43337336408806,89.72004803690565,25.86771427869409,99,83
1,55,3,0,0,0,0,0,0,203.4117492985993,116.70587464929964,73.27060056112056,28.90083318977824,78,77
0,61,2,1,27,0,0,1,0,239.0,164.4676985022483,97.47692750160593,28.044092002389192,66,94
0,61,1,0,0,0,0,0,0,205.22022530137733,142.4045060275463,70.77977469862269,32.0595253124302,60,85
0,61,1,0,0,0,0,1,0,271.57460550544306,179.4682568818038,95.0,27.640877553240085,66,119
0,51,1,0,2,0,0,0,0,360.5047951504032,128.69712290975806,84.66166084867945,25.07677942308145,68,78
0,62,1,0,9,0,0,0,0,270.57560619190633,131.2448425815925,73.87542529177519,30.264620351527313,71,106
0,57,1,0,0,0,0,0,0,218.02827259480432,145.10317589887538,104.78869096207826,29.630481015554885,75,86
0,63,1,1,20,0,0,0,0,237.15907038430328,136.6468689351513,67.0349902962421,20.650867647800467,60,91
0,59,2,1,19,0,0,0,0,304.7791224186038,112.83131637209436,75.13252654883775,22.942081829210277,75,98
1,63,1,1,29,0,0,1,0,253.32684545760455,177.6228706258409,105.97485804172273,24.764476979811636,99,76
0,51,4,0,0,0,0,1,0,268.19434224577793,170.86115319291497,91.74994589482363,23.03,66,78
0,54,1,0,0,0,0,0,0,195.9042777008296,134.0343459141266,82.36317416897371,23.850483552630962,89,78
0,43,2,0,1,0,0,0,0,178.92811895322168,107.6329293550312,68.6601486915271,23.330618732493466,90,66
0,57,1,1,29,0,0,0,0,317.51276152298715,110.96266642371911,70.0,19.649843854989708,81,74
0,61,1,0,0,0,0,1,0,242.3183686004203,145.74897269768832,89.0,29.096098737892493,65,69
0,66,1,0,0,0,0,1,1,292.616045453154,209.10956493574963,96.65929870138704,27.454531298646966,73,378
0,63,1,0,0,0,0,1,0,184.2941808844291,175.05005375176472,92.85290955778545,22.634054966049828,75,63
0,49,1,0,4,0,0,0,0,351.03783359657115,134.3772998420573,86.31837912060004,25.512259654557724,74,82
0,53,2,1,20,0,0,0,0,334.4236010805955,137.0072150105631,90.65704665258254,26.818229918955335,69,112
1,44,3,1,11,0,0,0,0,165.67682490295897,111.52161584733751,64.95924867396523,24.324153095088654,59,75
1,56,1,0,0,0,0,0,0,216.80197219411158,139.80197219411158,99.52276107175622,30.432041060671693,70,75
0,46,2,1,20,0,0,0,0,292.7120147001365,122.15629186139147,79.81475905375166,21.869869480141876,78,77
1,60,4,0,11,0,0,0,0,215.3607088722916,131.70255334044646,83.23418444681549,26.267968753611303,61,80
0,58,1,0,0,0,0,1,1,282.73500670308874,147.55899597814675,77.0848677941796,27.77341013716122,88,205
1,62,3,1,24,0,0,1,0,203.05846758705044,193.0115913866913,125.14616896762608,26.1598286824676,80,84
0,49,1,0,0,0,0,0,0,189.1014051407892,129.0760538555919,87.76725703791146,24.322669498159577,104,73
1,51,1,0,4,0,0,0,0,217.09901864674273,130.70294405977182,83.90098135325728,24.176774568842944,80,161
0,47,1,1,19,0,0,0,0,233.96768062571087,117.4596007821386,67.5403992178614,28.564410676222707,75,67
1,49,2,1,6,0,0,0,0,261.46208210834703,117.15167156661177,80.04145159590882,23.92776701493109,65,59
0,53,4,0,0,0,0,1,0,239.59302809036575,169.67450562658325,102.88954213554861,27.62949640068874,81,73
0,51,2,0,8,0,0,0,0,206.32555995312947,139.24036010936456,92.1085199843765,27.905058843902054,84,78
0,41,2,1,29,0,0,0,0,270.0029210326214,129.52628929359227,99.96494760854365,30.121558215724264,81,87
1,56,1,1,20,0,0,0,0,260.1590638599543,122.82105315755143,73.31812771990856,27.46387148061326,65,83
0,50,1,0,1,0,0,0,0,354.83257341656974,134.39592832292877,86.80203583853562,27.855472372870633,75,85
1,60,1,0,4,0,0,0,0,175.27785950586147,132.9811818118413,82.17583057649496,19.309656120181177,72,75
0,42,2,1,27,0,0,1,0,290.80571669799036,149.656006754373,97.13372007517687,27.722160742981032,110,71
0,56,2,0,0,0,0,0,0,244.6964177468071,122.88661201393681,83.94732846457539,28.21051912362357,77,75
0,57,1,0,0,0,0,0,0,204.34208987181708,140.36918372927727,80.67569795248673,26.24614092059486,92,74
1,55,2,1,27,0,0,0,1,237.31079942266857,112.84460028866572,69.8310558644804,28.22270406927977,79,192
1,53,1,1,23,0,0,0,0,266.8477166530272,121.75496060854051,73.0,23.986538522169646,68,84
0,48,2,1,20,0,0,0,0,201.75795010392548,141.59076871102795,89.34871881495341,24.312616657981525,85,78
0,53,1,1,20,0,0,1,0,293.63038230413053,143.14398894008156,90.21012743471017,26.456069584024817,104,74
0,40,2,0,5,0,0,0,0,207.6285578978437,101.57713473870622,65.78282737525613,24.87428842043126,66,69
0,49,1,1,20,0,0,0,0,227.86301161906562,120.56849419046719,68.93196395555135,25.58014508864384,75,70
0,50,2,1,21,0,0,1,0,287.72932001174746,141.04209603289294,89.75036802819395,26.774630563618224,110,76
1,60,1,0,0,0,0,0,0,246.69295594891133,124.12374213373417,70.296981120962,25.605746541788104,55,77
0,59,1,0,0,0,0,1,0,211.49995121441904,146.66673171410795,80.83341464263493,27.23654047463058,94,74
0,62,2,0,16,0,0,1,0,270.09252771171793,180.78037693694137,100.06354767567035,24.699374943425017,73,88
0,61,3,0,0,0,0,0,0,262.4245401076548,124.0,74.3631898385178,23.014414716555045,58,82
1,42,2,1,30,0,0,0,0,184.257039100317,116.6285195501585,66.89709357265058,21.25216893840761,77,66
0,60,2,1,12,0,0,1,0,243.42192267193846,155.6843845343877,94.0,26.8290013500087,66,67
0,45,2,1,20,0,0,0,0,286.96658850918715,112.94086231904218,82.84831314727153,23.922108245336865,64,57
1,59,2,0,12,0,0,0,0,302.6192189174821,115.67437477669053,76.19039054125895,23.79119132948737,69,98
1,54,1,1,29,0,0,0,0,175.22193886085427,149.15663232875377,88.17755108868342,22.91796946388201,56,78
1,60,2,1,18,0,0,0,0,213.38911036390869,136.416334454137,86.2498006724822,21.462528743649603,63,75
0,63,1,0,0,0,0,1,0,174.83317824549283,145.0999069472957,82.73327129819712,23.000127739618698,61,75
0,56,2,0,2,0,0,0,0,322.30875396474204,124.15437698237102,71.70737381057738,24.775933941967,72,60
0,54,1,0,0,0,0,0,0,281.3633133062728,136.45434665001403,87.63613998126577,27.763534724819667,98,72
0,54,1,0,0,0,0,1,0,208.721196252231,141.7843951814399,87.02600803093354,27.012382265318358,97,72
0,62,1,0,0,0,0,0,0,266.48054929055536,123.51945070944464,69.84096125847188,22.44227680074602,65,83
0,58,3,0,0,0,0,0,0,273.0,122.42522044573559,79.53518531977636,25.087680838182415,75,91
1,61,2,0,0,0,0,0,1,343.3891963703029,103.37521258040982,66.90052101137398,17.47706610872006,80,390
0,56,3,0,0,0,0,1,0,287.2242678401178,148.73087859185858,97.86543929592929,22.102969146462254,90,75
0,59,1,0,0,0,0,0,0,209.84687966632262,149.85885338894622,85.0,21.096754404589483,90,87
1,62,4,1,36,0,0,0,0,258.0175527279458,128.73902954503387,75.82601969668926,24.971682978916323,67,105
0,50,1,0,0,0,0,0,0,230.83038294117537,119.0,78.8557020588215,28.08572674705702,63,95
0,48,2,0,0,0,0,1,0,235.91944123539392,192.75832370618173,116.2180443238787,33.59581136393702,60,54
0,63,2,0,0,0,0,0,0,217.2354828878103,139.5290342243794,81.29355133656908,20.969788361181557,57,77
0,48,2,1,13,0,0,0,0,208.35471502371254,122.97434197154496,79.69660103319755,22.247485801998543,83,69
0,47,2,0,0,0,0,0,0,179.48365349161767,113.3562523044852,72.32355928772053,24.594452344974982,87,69
1,53,1,1,47,0,0,0,0,252.3253921470838,161.20627435334055,88.07147067624595,24.97254510938281,68,121
1,52,1,0,14,0,0,1,0,239.0,165.3294512300632,102.0,30.964553452975057,79,68
0,56,1,0,0,0,0,1,0,218.3105753789124,168.7670684658157,110.28157077018126,33.253864778830774,87,80
0,57,1,0,0,0,0,1,0,200.36773497931966,158.39071841552715,101.25281779828228,23.339018915558803,85,77
1,58,3,0,0,0,0,0,0,210.00631152952764,134.0147269022312,84.0126230590553,25.650792715492283,58,77
1,47,4,1,10,0,0,0,0,180.1987261204371,121.61086549677913,80.62236793333972,27.806039717206666,56,73
0,42,2,1,11,0,0,0,0,219.2958755686525,111.10768088037587,76.25561866470213,22.558765116935316,64,82
1,50,2,0,8,0,0,0,0,205.75664757473191,139.43217767437446,91.83776504982127,28.149973068433873,84,77
0,63,1,0,0,0,0,0,0,221.61479318186468,145.93579886364412,78.25680454542353,18.16293399984993,65,74
0,63,2,0,0,0,0,1,0,377.94644617351963,173.45983463013974,79.79685959817031,21.65422817789687,69,90
1,47,2,1,27,0,0,0,0,228.99587630593416,135.6467354786818,87.32646050989028,21.934226828307832,66,77
1,51,1,1,7,0,0,0,0,291.99645120976595,167.40106463707022,104.79680608878934,28.025926993097098,81,66
0,60,2,0,0,0,0,1,0,271.6866774347032,162.97598707835613,98.33733548694065,23.990988214759852,61,90
0,37,2,1,19,0,0,0,0,210.90771520792674,115.25415530701103,76.90014885152382,24.490771520792673,68,77
0,52,3,0,0,0,0,1,0,241.38528607544148,157.80735696227927,99.61471392455853,27.26337744412106,72,75
1,64,2,0,0,0,0,0,0,253.152914402945,122.02687354475036,81.64875097016643,23.02661618805123,64,77
0,49,3,1,10,0,0,0,0,294.90353394881697,118.70096380422281,89.70096380422281,23.57990361957772,74,67
0,55,1,1,20,0,0,1,0,263.57456162213475,169.87207540395156,102.97880135177896,27.03748547048236,94,78
0,60,1,1,20,0,0,0,0,240.24756767960935,133.4313512233036,68.5686487766964,21.69302710145478,63,86
0,48,3,0,0,0,0,0,0,222.2513431200718,115.25074617781767,77.37462691109117,25.967325394390667,76,84
0,40,2,0,5,0,0,0,0,207.936623369583,101.76197402174981,66.46057141308263,24.812675326083394,67,69
0,58,2,0,0,0,0,1,0,343.5063082001215,191.66058688758355,107.65427868746202,33.01992865704678,78,94
1,46,1,1,33,0,0,0,0,252.8890490086293,134.59097459443927,85.17160072099685,27.930784645100616,75,67
0,60,1,0,0,0,0,0,0,213.00764842075893,146.22392187127977,80.55980467819941,28.179562271447168,94,72
0,51,2,0,8,0,0,1,0,239.5986924023191,173.38823162087186,102.89803860347864,26.793832510108608,84,72
0,66,1,0,0,0,0,1,0,270.4676958505702,194.03015053946783,90.51076804980994,35.25743016759838,82,80
0,61,1,1,20,0,0,1,0,242.6391874512592,140.13887132639653,74.24984193756865,30.059530500657065,88,89
1,51,1,1,37,0,0,1,0,228.38885128014445,163.1365568367329,103.76852478664259,34.43876438534474,89,65
0,61,2,1,15,0,0,1,0,259.30864313056617,192.6851765207538,108.4567843471692,20.98660829429469,77,63
1,50,2,0,0,0,0,0,0,200.0,124.10966670540196,85.93781822407486,27.47066695451978,79,76
1,53,1,1,40,0,0,1,0,232.79396651738185,162.31893854633182,99.29240220462724,34.25661787254736,88,70
0,55,1,0,11,0,0,1,0,219.40981250274578,156.55411249835254,90.55735937705934,28.326688312524713,66,66
0,63,1,0,0,0,0,1,0,224.29991522926417,145.2350042385368,82.64995761463209,28.22707397538411,70,75
1,52,2,0,16,0,0,0,0,270.98437936090784,108.56473401181763,78.14508866272746,26.75528145060176,80,161
0,53,1,1,20,0,0,0,0,244.90389549406996,127.90826388070315,73.94321097376861,24.882937635214205,72,74
1,53,1,1,23,0,0,0,0,243.0,128.77952949470384,84.21161780256969,29.466398262041988,83,71
0,61,1,0,0,0,0,0,0,308.2599415954972,161.0,95.59117334409004,22.430989382108823,77,60
1,40,1,1,25,0,0,0,0,185.73279607512063,128.59082457339767,82.4488530716747,19.924990703073743,57,72
0,59,1,0,1,0,0,0,0,334.4219619027227,132.46415809299498,92.90289905292094,25.28210483856833,80,96
0,64,1,1,26,0,0,1,0,230.59116247752567,149.19494998715751,85.19494998715753,27.72512256026862,70,86
0,64,1,0,0,0,0,1,0,228.64053854712853,145.0,85.5391921793072,29.681682497218326,70,74
0,48,1,1,19,0,0,0,0,169.61604525981312,121.6160452598131,71.91977370093447,23.934842886953255,91,70
1,43,1,1,18,0,0,0,0,233.7284109200935,139.37961476241236,102.59566612742404,27.71704012941823,77,76
0,61,1,0,0,0,0,0,0,258.6494911769731,124.40836160127927,77.983955228144,23.667719810405032,64,77
0,67,3,1,20,0,0,1,0,259.01076832178285,157.12400078778822,93.59569267128687,31.220194223686196,79,83
1,65,2,0,0,0,0,0,0,250.2963175262521,121.18527010500841,82.85184123687395,22.18517265951126,66,76
1,60,4,0,0,0,0,0,0,235.23118291336098,159.7493277657884,84.27016155506223,27.670954244303324,66,62
0,55,3,0,0,0,0,0,0,273.1552292894629,121.45669748687992,83.53431213161136,27.256332063282073,74,95
0,49,1,1,20,0,0,0,0,239.48958757761298,122.30338913041136,68.18619844720162,28.139661086958863,77,69
0,51,1,1,24,0,0,0,0,326.8617424949183,116.30871247459147,71.79734756606216,18.83799226168792,91,75
0,52,1,1,26,0,0,0,0,268.50685902751525,141.5485722852342,88.79514277147658,28.42536531508086,70,77
0,62,2,0,0,0,0,1,0,301.16790751499923,238.0437192385738,127.28465070142921,34.32355534221138,89,79
0,54,2,0,0,0,0,0,0,283.92608303890097,143.62064531807667,93.38912455835143,23.731839571533616,93,73
0,46,2,0,0,0,0,0,0,224.94888974936262,116.74938319409034,76.62530840295483,25.61664433258286,74,85
0,60,2,0,0,0,0,1,0,245.3719298920258,184.74082942275658,92.20733646179474,26.38147365182762,88,112
0,59,2,1,24,0,0,1,0,240.20324487123693,168.0,100.48129794849477,27.51383951811387,67,98
0,44,1,0,9,0,0,0,0,221.39549447056254,110.54380489702349,75.65394233825778,22.12737170617859,64,82
1,44,1,0,13,0,0,0,0,232.22069593396486,141.11034796698243,103.11721626414052,27.47158881259542,75,78
0,58,2,0,2,0,0,0,0,289.8892126728553,154.93845148491963,82.7277295057974,29.59121489934912,84,112
0,60,2,1,6,0,0,0,0,271.7401046693485,127.6695289879317,77.38554951407968,29.020944566017462,73,103
0,51,3,1,29,0,0,0,0,341.58869535041015,110.1919421698086,70.0,28.57647399488272,72,86
0,49,1,1,22,0,0,0,0,324.8967496045067,120.4177818926766,74.2065007909866,20.802026679110224,91,69
0,67,3,1,20,0,0,1,0,260.484425205424,155.84683148863255,93.00622991783041,30.608135398013907,78,82
0,62,1,0,1,0,0,0,0,217.81166459086052,147.2914810201912,83.22870255047806,26.508832203400733,91,77
0,52,2,0,19,0,0,0,0,286.6417723959627,138.82088619798134,87.91044309899067,26.571045871737194,109,77
1,51,1,1,37,0,0,1,0,227.71427953960276,164.52379202887448,105.90474543894068,32.61525845110959,91,70
0,55,3,0,4,0,0,0,0,229.35973320792255,123.1067111320129,78.58003334900968,24.723338891501616,75,86
1,52,2,0,13,0,0,1,0,239.0,164.94208055563993,102.0,31.049344589487703,79,69
0,53,1,1,20,0,0,1,0,293.206872580572,142.87929536285748,90.06895752685733,26.462069305108564,104,74
0,54,2,0,7,0,0,0,0,358.63269165823556,127.16801305864696,85.4629168073823,23.605574940899437,58,73
1,55,4,0,0,0,0,0,0,274.9865792193919,115.05368312243247,77.96980324363173,28.478261372308747,73,79
0,52,2,0,0,0,0,1,1,290.54865134655887,194.80963941604165,99.3316155550072,24.93270684067968,77,236
0,62,3,0,0,0,0,0,0,239.12548233335212,155.49935688886384,86.50064311113616,31.874345665932896,65,71
0,63,3,0,0,0,0,1,0,210.91133923153643,147.7468502134621,84.94307046961663,24.27226317885326,75,86
0,53,2,1,15,0,0,0,0,226.9871866339808,131.76430255153107,72.77711591755028,23.876585385271028,64,79
1,50,1,1,32,0,0,0,0,264.87565862045903,136.45468922359018,91.0,33.177576276710774,90,89
0,44,1,0,7,0,0,1,0,234.0,146.78775512785103,95.05034017046806,30.378485267711056,76,79
0,60,1,0,0,0,0,1,0,213.54287974420538,150.74723101518714,75.8022151878503,27.33041455731405,66,82
0,53,1,1,20,0,0,1,0,293.7162613380553,143.19766333628456,90.23875377935175,26.45485296437755,104,74
1,44,1,1,30,0,0,0,0,251.05266733322688,113.47362859275817,78.10525918519701,24.70471968005109,88,65
0,49,1,0,0,0,0,0,0,171.47712880642527,137.90384493693537,89.99168320233646,29.275155781757793,72,128
1,56,1,0,0,0,0,0,0,299.02088397738066,120.58037884744887,74.13987371751705,28.04496066295951,80,155
0,52,2,0,0,0,0,1,0,260.9139469870191,173.2848674675477,116.74332289284877,27.523441783955658,70,79
0,52,3,0,0,0,0,1,0,263.88726058995184,181.31567034813486,112.44363029497592,24.693799475734632,74,76
0,59,1,0,0,0,0,1,1,266.0638254130485,177.12775361945668,108.51070609774783,31.531906538922687,80,228
1,46,1,1,20,0,0,1,0,207.72842190587212,165.22210142357542,108.35789047063938,21.852101423575434,64,70
1,60,1,0,0,0,0,0,0,247.3902308385517,124.24825550688423,70.59581321652216,25.58134192065069,55,77
0,61,1,0,0,0,0,1,0,270.0,174.88919911617825,95.62659221211722,26.794472181119747,62,116
0,47,2,0,0,0,0,0,0,230.37181334987332,136.44227997519002,79.29745067989866,27.258647419056167,74,76
0,65,1,0,0,0,0,1,0,232.95944618642014,156.2424506729847,86.48490134596936,28.824218901043636,89,91
0,57,1,0,0,0,0,1,0,219.60456573200707,174.0246654218831,109.60456573200709,27.373064821814417,86,79
0,47,1,1,18,0,0,0,0,233.37358747785964,116.71698434732457,68.28301565267543,27.5425704619186,75,65
0,66,1,0,0,0,0,1,0,256.8235051954673,136.2793557645181,74.95590202868283,26.728532469072253,84,75
0,52,1,1,15,0,0,1,0,205.5121488028076,166.1700832393063,113.58504161965315,28.92261576407101,75,79
0,66,1,0,0,0,0,1,0,251.25119456277847,214.3497610874443,106.95071673766708,23.196105121524504,89,95
0,61,1,1,13,0,0,1,0,262.4549150359711,196.1516383453237,112.30327669064741,21.40122251603285,73,63
0,50,1,0,0,0,0,0,0,203.88880904117408,136.6296030137247,94.62960301372469,27.00864201631742,93,71
1,51,1,1,32,0,0,1,0,231.49764281338156,164.5614196227999,103.2503928644364,33.249651623881554,87,66
1,54,1,0,0,0,0,0,0,225.79205142786526,127.57798071455053,89.58104178514051,29.77834600074149,87,88
0,52,2,1,10,0,0,0,0,299.9537217575339,126.98457391917796,88.95886378447457,25.442311427324068,75,70
0,62,1,0,0,0,0,1,0,246.9092377575634,200.82009084832413,108.27228672730982,21.257495202708544,90,90
1,50,1,1,19,0,0,0,0,225.6174119265291,125.02978125831142,74.77949574052532,22.88914169847056,85,100
0,51,1,0,0,0,0,1,0,237.53810392580763,151.53810392580763,94.35873595053842,24.590734223802702,70,78
0,43,2,0,0,0,0,0,0,178.4841570713012,110.45475287860964,71.36425863582892,23.575269938037422,88,66
1,36,1,1,20,0,0,0,0,242.68062818408953,118.5,84.39171824344031,24.1114659593294,77,102
1,53,2,1,20,0,0,1,0,266.08777353896824,163.4973833874868,104.88296861470899,27.934086596311637,89,79
1,39,1,0,0,0,0,0,0,203.67938332539632,114.0750805780438,79.30154168650922,28.826704127038077,61,77
0,63,1,0,2,0,0,0,0,220.8209809317239,147.96021798482752,84.90054496206884,25.46225885374491,90,79
0,57,1,0,0,0,0,0,0,260.82302758417796,128.08408836016682,80.0,24.991687059733604,65,76
0,55,2,0,0,0,0,0,0,204.20968221965921,129.27419728195716,90.33871234425511,26.107902516428137,80,76
0,59,1,0,0,0,0,1,0,209.16833695591913,149.66332608816174,85.08416847795957,21.315411737177982,87,88
0,49,1,0,2,0,0,0,0,184.24690742666758,121.98762970667035,82.74072228000276,23.186862567074286,59,76
0,45,1,1,20,0,0,0,0,264.4843523552915,118.58072539254859,78.41678743844525,26.802062198272083,76,87
0,61,1,0,0,0,0,1,0,272.1371138827056,180.17139235338195,95.0,27.458999844591865,68,118
0,50,1,1,20,0,0,0,0,325.4804449213893,113.99162780134118,82.1340748689821,21.173297453455305,101,68
1,59,1,0,3,0,0,0,0,175.87295882713892,130.79915096715735,81.48154803500461,20.85096336228976,72,75
0,53,2,0,3,0,0,0,0,364.68487224184406,124.94888017799052,84.15161101426713,24.15632337400781,60,73
0,56,1,0,0,0,0,1,1,261.4478754371618,188.32873357924592,117.89575087432361,29.946552802185373,74,263
1,53,1,0,0,0,0,0,0,231.61306339240642,127.29045071392514,88.80603517974332,26.260089372962778,81,82
0,50,3,0,7,0,0,0,0,297.18518042635947,120.52380340531931,90.16931148947992,24.19338366002371,72,70
0,55,1,0,0,0,0,0,0,234.82068936981926,125.7275861712274,84.0,26.500620619030265,66,81
1,56,2,0,0,0,0,0,0,241.14814665575383,174.02991694070533,97.17378974778698,29.309458780150344,82,103
0,57,1,0,5,0,0,0,0,278.83403114767077,129.3319377046584,82.82984426164603,32.13312343423216,60,75
0,55,1,0,0,0,0,0,0,260.0005723916882,126.49885521662365,76.0022895667527,25.141013133288066,58,70
0,48,1,1,20,0,0,0,0,235.65573640829754,119.08047566246584,68.47838969581218,28.052533976428933,74,69
0,56,3,0,0,0,0,0,0,273.0,122.18324306988048,82.07594776625504,26.26127111107971,75,94
0,41,2,1,27,0,0,1,0,290.9634549840622,150.09767395537418,97.5122919617493,27.77074413509116,110,70
0,61,1,0,0,0,0,1,0,206.65283501161974,140.82388329460088,95.34716498838026,26.68311686031454,72,85
1,51,1,0,11,0,0,0,0,219.7345779231214,127.91964284566446,80.40746753872848,24.203514609982648,57,73
0,57,1,1,18,0,0,1,0,259.0,210.38923351679048,111.39902122879913,26.742345942939888,66,72
0,53,1,1,13,0,0,0,0,164.41594570679106,124.5615236459023,81.3032924702578,25.48481795111947,98,65
0,45,2,1,20,0,0,0,0,230.7551283517775,112.61399600757358,67.92521391962919,25.372955105474485,78,60
0,59,2,0,0,0,0,1,0,314.92409936923957,142.23011858321118,81.96144551188732,25.911083008247832,72,76
1,50,1,1,20,0,0,1,0,209.34590985644095,163.7308180287118,103.50063437325352,21.91399800304467,66,69
0,65,2,1,21,0,0,1,0,239.0,156.07177806312168,91.47984147365835,28.457890938317572,70,90
1,43,1,1,19,0,0,0,0,260.5897688723938,151.73721109049222,85.14744221809845,32.04348120676792,94,92
0,50,1,0,0,0,0,1,0,233.42176943336463,144.59013405824726,91.15646113327072,28.324967285722703,72,86
0,54,2,1,33,0,0,0,0,273.9763708971832,144.03471404417417,88.54652859558259,27.266823255414838,71,78
0,53,1,0,7,0,0,0,0,275.88204193544044,129.87483477820274,86.60288286289509,32.75784981853563,63,74
0,52,2,1,20,0,0,0,0,304.4069854996394,111.01746374909851,73.22095649891821,21.62071360934371,80,84
0,59,1,0,0,0,0,1,0,202.38768819056455,170.60791473463706,94.00439707479838,28.079501409606024,63,80
0,65,1,0,0,0,0,0,0,255.0088325892953,126.58615703781287,68.35346074054678,24.781429245008862,68,85
0,64,2,0,0,0,0,0,0,217.9169328491385,142.52156533513093,81.08306715086148,23.29664518987247,64,78
1,40,2,1,20,0,0,0,0,282.81009218355075,145.5822028038116,94.27835029749278,23.488773804549556,80,64
0,61,1,0,0,0,0,0,0,258.01655984549194,124.3729300193135,79.11051013519455,23.64177083012907,61,77
0,58,2,0,8,0,0,1,0,263.0560976853714,199.9574527265651,112.70406512358096,22.91124127893613,85,66
0,46,1,0,18,0,0,1,1,212.15482103738347,159.2690357925233,83.48159788177595,34.13023471512618,84,251
0,54,1,0,0,0,0,1,0,236.87319696335564,146.08453535776292,91.04226767888146,25.795529476557327,68,74
0,54,2,0,0,0,0,0,0,218.93356415446237,125.70017311584678,77.43269857522847,26.51905213795217,76,78
0,46,2,1,29,0,0,0,0,198.034461259425,142.79323244345,86.79323244345,20.89411664683075,84,78
1,60,1,0,0,0,0,0,0,206.21274591206333,142.9392154536962,95.81764636108858,27.153363178856605,69,86
0,61,1,1,19,0,0,1,0,270.2544392845528,145.22011678699192,87.01656535934968,23.64082707252037,80,67
0,55,3,0,0,0,0,0,0,273.9741951677056,118.59031691303038,81.07741449688318,27.81732368987834,74,88
0,58,1,0,18,0,0,1,0,206.18734484141183,167.0,89.73418105176478,25.720403267774085,70,75
0,54,1,0,0,0,0,0,0,236.01848488639436,125.8773106107993,84.0,26.797075009382606,66,85
0,56,1,0,0,0,0,0,0,233.60489495657876,126.70978991315752,83.69755252171062,26.899877413993156,66,76
0,55,2,0,4,0,0,0,0,207.52574546741434,136.4399272426999,92.50858182247144,26.780885078855245,82,78
1,58,2,1,40,0,0,1,0,237.2693297448656,166.29800269135083,92.91022341837814,29.70964016184365,85,79
1,59,2,1,20,0,0,0,0,227.9423690775138,113.1559324514665,74.18813509706702,26.17511855145251,61,64
1,42,2,0,0,0,0,0,0,219.73590827751926,137.2946845638639,81.35265771806804,25.437504384760913,63,99
0,65,2,1,14,0,0,1,0,240.97122348430472,159.5194257560532,94.73093636233132,27.704489007811752,73,95
0,61,1,0,18,0,0,1,0,192.61849008030842,150.64671446136697,88.3250611575745,22.26256027383079,74,107
0,58,1,1,16,0,0,1,0,163.73958721611268,155.27546382580283,102.55092765160563,18.897994186369576,79,54
0,61,3,0,0,0,0,0,0,231.4514329264399,163.3542987793197,79.74283536780051,27.49652804755008,69,59
0,65,1,0,1,0,0,1,0,218.31124090918772,185.4472262784121,97.76386860793941,36.72396061657221,72,97
0,56,2,0,2,0,0,0,0,225.44020724240062,124.59592746515978,76.67608289696025,26.346965599978173,78,83
1,51,2,1,17,0,0,0,0,222.33926498170857,128.33926498170857,72.66963249085428,23.05442294812062,70,76
0,46,2,0,0,0,0,0,0,237.22540382425734,132.18306411716176,82.61270191212867,27.29257158604579,78,77
0,64,1,0,7,0,0,1,0,221.36562703768996,163.92460198837392,83.87110139133732,28.08944427837235,80,92
0,59,2,0,0,0,0,0,0,207.64612539628394,133.58023197302117,93.19341065767372,26.276150279261962,80,75
1,49,3,0,0,0,0,1,0,267.0504016546873,160.52132377698308,108.95735244603385,28.309451633089036,70,74
0,60,1,0,0,0,0,0,0,271.47577255093825,133.11894313773456,83.17841470660184,25.41169638276305,90,60
1,59,3,1,29,0,0,0,0,243.0,126.01267139432281,79.02375886435526,28.574086524669106,80,65
0,58,1,0,0,0,0,0,0,265.64019831155963,126.878413507523,72.95781857284413,24.10533565627526,66,79
1,42,1,1,20,0,0,1,0,263.2827840359806,154.8796538607044,88.8796538607044,30.982002566096007,94,88
0,40,2,1,25,0,0,0,0,203.92305910959587,103.75961761130051,74.79808805650258,21.004509277486694,70,63
1,46,1,1,30,0,0,0,0,336.49519264003425,124.45011931991012,72.75240367998288,28.83247596320017,77,80
0,53,1,0,0,0,0,0,0,233.4879048697901,114.53628539062973,71.32861834636441,26.13144733854576,71,105
1,56,1,0,0,0,0,0,0,299.8768398013582,121.24632039728358,74.33869054626493,28.0213381892572,79,153
0,53,2,0,0,0,0,0,0,218.0,124.85766521195295,80.0,25.099772761862212,72,77
0,64,2,0,0,0,0,0,0,217.44149097690556,141.2141001864903,81.55850902309443,21.84654747956197,61,78
1,50,3,1,22,0,0,1,0,192.20208928776793,163.7549226402685,107.65970237410694,20.04842101100801,96,79
1,58,1,0,11,0,0,0,0,264.47480721061163,151.72673510449516,85.28778918408253,27.139682548353736,92,102
0,61,1,0,0,0,0,0,0,250.58514796014458,156.21702959202892,92.43405918405783,28.252426576800627,87,98
0,62,1,0,0,0,0,1,0,195.7913232617419,174.84843504602307,96.36024169223504,32.098572326952976,66,87
1,65,1,0,0,0,0,0,0,174.091607287403,150.4727738191602,82.2005120107622,30.212831932552906,79,78
0,57,1,0,0,0,0,1,0,172.22307342955577,141.36745589003417,89.4278087697608,29.875171769621872,71,126
0,48,1,1,20,0,0,0,0,248.1331783372738,140.9334108313631,88.44470277121033,24.742379604426205,78,66
0,50,1,1,31,0,0,0,0,243.16242634018326,124.96828134237019,77.68909012243127,29.2810943393967,83,68
0,64,2,0,0,0,0,0,0,250.0,120.16670366107955,82.16648169460223,24.10372029489215,70,76
1,48,1,1,27,0,0,0,0,239.66525594929996,126.63347440507,79.96821845577004,30.23300806026941,83,73
0,40,3,0,0,0,0,0,0,303.96697007152676,130.20660598569467,93.55375810013743,23.874772446354946,66,76
0,58,1,0,0,0,0,1,1,286.8109206554027,145.1134476067584,72.70326029544213,26.33665046897056,88,205
0,58,1,1,40,0,0,1,0,276.98046947788714,201.58079498658904,115.59218779115487,35.8149313275656,100,81
0,63,1,0,0,0,0,1,0,372.04281086752,169.03210815064,84.96254049091999,25.97864103954159,74,79
0,61,2,0,9,0,0,0,0,272.1675580056761,131.08981215428278,73.90415469427248,29.38533657796691,71,105
0,51,1,0,0,0,0,0,0,202.00695264371444,136.00231754790482,94.00231754790481,29.919246577721662,83,67
0,62,1,1,38,0,0,0,0,178.51421870204385,116.17664774471133,69.48578129795614,22.287343621513052,95,74
0,60,1,1,20,0,0,1,0,255.21504633368534,179.65821759526324,98.63287038105295,23.434113442537342,98,77
0,51,1,0,12,0,0,1,0,284.16453165339215,148.73418733864312,99.1012810079647,32.52395912839845,77,94
0,53,3,0,0,0,0,0,0,218.8283544906542,124.8619409182243,79.89645568866823,24.942742614778037,72,78
1,55,2,0,0,0,0,0,1,214.24929583930097,115.09631884700265,80.0,25.103767929306848,70,291
0,66,1,0,1,0,0,0,0,248.30800131304673,128.50327177232964,67.87418205691759,25.457080669653838,69,87
0,59,1,0,1,0,0,1,0,331.506972903159,133.78073364060072,92.2192663593993,25.828744877431376,78,97
0,62,1,0,0,0,0,0,0,267.3357178020268,123.80918317113903,69.85867572987436,22.78550990268342,67,82
0,62,1,0,2,0,0,1,0,277.15575724498024,182.57290978554153,94.19096992851384,25.437954160353208,80,111
0,63,1,0,0,0,0,1,0,219.62642477848848,145.44779793512595,81.14844542722889,26.93409321519386,72,78
1,44,2,1,25,0,0,0,0,195.5964007522949,137.19055197477408,85.79370131651606,23.43517942559882,53,76
0,61,3,0,0,0,0,1,0,209.72314948646462,148.55370102707073,85.36157474323231,23.1130043361454,79,88
1,55,1,1,22,0,0,0,0,244.43933107841696,127.43933107841696,75.40167230395761,25.89284419414446,74,72
0,57,1,0,0,0,0,1,0,177.81184454895367,158.435533646861,86.12443818481742,22.560622190924086,65,77
0,56,1,1,20,0,0,0,0,300.6124612066913,164.87750775866175,111.64477250011905,23.673140434485056,85,78
0,62,1,0,4,0,0,1,0,237.9184120226388,160.55090127296324,90.93862659120407,26.93945193919105,87,86
0,60,3,0,1,0,0,0,0,297.21391461956523,164.9191326019022,88.58674046025817,30.857117687805708,87,118
0,56,1,0,0,0,0,0,0,245.07551202645706,126.26887800661427,84.88520332230955,25.553968236621284,75,73
0,44,1,0,0,0,0,0,0,211.0,129.4645842055227,80.60448744785315,25.20026840956939,72,71
0,52,1,0,0,0,0,0,0,302.9573787623211,127.94520126584145,90.99391125176017,27.326862756688612,60,76
1,52,1,1,11,0,0,0,0,227.69717640006743,131.8438822001461,57.01882399955043,20.19308005195032,89,84
1,61,4,0,0,0,0,0,0,237.45398915272128,156.1372676268279,89.27147559362291,26.598450233811977,64,65
0,59,1,0,0,0,0,1,0,221.89510675121704,167.89481390650354,107.15733987317442,29.727761569561864,90,82
0,47,2,1,16,0,0,0,0,301.2111560891228,118.18326586631575,77.2733063465263,26.852572926321372,75,104
0,56,1,0,0,0,0,1,0,238.695661042243,144.86955930517135,90.43477965258568,26.243045655928558,67,72
0,62,3,0,0,0,0,1,0,209.85480348711533,148.29039302576933,85.42740174355767,23.5395632982537,78,88
0,51,1,0,0,0,0,0,0,265.55055028210853,143.6516508463256,89.7460455360062,25.30738314769129,75,96
1,60,1,0,0,0,0,0,0,245.99831021087158,143.33258231594291,89.9994367369572,27.493224435811726,65,71
0,57,1,0,0,0,0,0,0,205.78888752883387,153.77775057667728,70.21111247116613,29.34700648746247,60,87
0,60,2,1,14,0,0,1,0,237.04898849714496,154.409797699429,94.0,23.863462647338128,69,66
0,61,1,0,5,0,0,0,0,265.78302168514375,134.00979518164783,78.11501927852669,31.897785687293325,69,105
0,55,1,0,0,0,0,1,0,264.3673641803633,145.22110663482795,90.30613681696944,28.91134527583381,72,99
0,57,3,0,0,1,0,1,0,285.7813632842837,149.45698876839361,98.60931835785814,23.012883907814686,90,75
0,49,2,1,20,0,0,0,0,320.1443037246582,111.46766397496893,80.0721518623291,20.835970080750933,98,71
0,62,1,0,0,0,0,0,0,315.515407733076,92.70925575162626,66.53304038183573,23.123789074921724,62,75
0,58,3,0,0,0,0,0,0,277.58416758298273,126.75068256789496,75.37534128394748,22.149972697284202,72,88
0,52,2,1,23,0,0,0,0,206.58007671709552,137.42111537317197,82.26334611951592,24.991520683862923,74,64
0,42,1,1,17,0,0,0,0,224.1229041523045,110.0,79.1229041523045,22.433254113326644,64,78
1,60,3,1,15,0,0,0,0,217.1010075346416,130.79798493071675,82.96633082178613,26.38054073941526,61,80
1,52,1,0,4,0,0,0,0,228.87289136990492,120.92206660808274,81.35611578022359,24.5793999372863,74,170
0,55,1,0,2,0,0,1,0,211.2418214210664,162.53703213860427,110.0,29.107950784598536,81,83
0,66,1,0,0,0,0,1,0,178.40388571300204,170.04330285605172,95.79805714349898,22.993362971506876,64,74
0,54,1,1,21,0,0,0,0,231.4972571796978,129.03313568895777,92.49725717969781,35.26001774762651,79,97
1,55,1,0,10,0,0,1,0,218.0770803469656,158.36250255974377,92.35989572667734,27.316030462878793,65,69
0,49,1,0,2,0,0,1,0,223.06853427846318,193.49799898736086,115.66533265824059,24.451150558001885,67,83
0,64,1,0,9,0,0,1,0,129.2433955573095,155.25656489892563,95.26973424054178,26.979735031417082,69,69
0,50,1,1,7,0,0,1,0,205.53570402507222,159.89284004178703,109.46429597492778,26.83181153690158,72,80
1,54,2,0,8,0,0,0,1,233.5950766864558,122.57082508340338,80.0,26.172182644274717,78,281
0,54,1,0,0,0,0,0,0,235.54836334832362,125.81854541854045,84.0,26.680719928710097,66,83
0,47,1,0,0,0,0,0,0,205.21093693627978,126.7105823094927,84.21022768270562,26.881590892691776,76,72
1,57,1,1,25,0,0,0,0,288.72662705177817,173.05240924872987,110.65793179187835,24.94691238846683,80,80
0,44,2,1,18,0,0,0,0,195.51597029730522,134.2127762378442,82.3936118810779,20.846599445623905,59,74
1,54,1,1,21,0,0,1,0,213.8103286916203,192.17080678852255,119.13008964316917,32.52692191471007,70,73
0,56,1,0,4,0,0,1,0,218.12657786190763,176.57591182621485,109.0,23.660194577068374,86,72
0,61,1,0,0,0,0,1,0,301.079583237215,149.9602083813925,88.22030099534472,25.77785413302525,67,71
0,65,1,0,0,0,0,1,0,261.91829197913034,192.750375072107,94.41754183491635,26.827863819943794,113,95
0,56,2,0,1,0,0,1,0,305.8544131962285,162.95541398301822,101.19836213679221,23.63302089584834,76,64
0,60,1,0,0,0,0,0,0,247.58409805995487,148.81011941639235,90.79566310726042,29.762780008982876,66,77
0,46,1,0,17,0,0,1,1,213.36015660556728,159.02796867888654,84.5061331147322,34.18266681234218,83,252
0,57,2,0,0,0,0,0,0,296.3566713515175,122.5265519638366,78.0,24.83146109625509,61,98
0,54,3,1,37,0,0,0,0,278.6176198146767,144.63913922364142,89.61311378913128,26.813463319809603,72,84
0,63,1,0,0,0,0,1,0,253.53011161634615,190.81464114223374,89.9008293318787,24.950201907966715,99,111
0,56,2,0,6,0,0,1,0,390.0611659358417,177.61590314331886,87.85994261712489,22.637120219340073,80,95
1,48,1,1,28,0,0,0,0,213.97251747547577,132.38351048528546,88.45877621321365,26.552614191093287,75,51
0,61,2,0,4,0,0,0,0,177.64655334618544,133.81096047527248,82.59451976236376,19.389637189597458,74,75
0,53,2,0,0,0,0,1,0,269.4248064057466,207.13984512459726,117.13984512459726,25.996648011374848,95,73
0,51,2,0,5,0,0,0,0,300.0,128.62605694809625,88.59348576297593,26.025054789463454,72,71
0,54,1,1,35,0,0,0,1,200.30770266667778,134.29912918516789,79.44101804443629,23.56114238251539,89,324
1,45,2,1,24,0,0,1,0,231.66693392874782,145.29243504514997,88.16653303562609,24.769395843901254,70,79
0,56,2,0,2,0,0,0,0,225.33032000036388,124.63438799987264,76.63212800014556,26.386415119869362,78,83
0,43,2,1,30,0,0,1,0,236.02111223891728,191.91555104433084,111.23480955171932,29.420895988029272,78,89
0,65,1,0,0,0,0,1,0,312.47641195411063,150.29775747131913,74.41686045984679,25.954455144894624,71,89
1,54,2,1,24,0,0,0,0,208.27645051175676,137.5691126279392,82.84556313969595,25.16255972724728,74,63
0,55,1,0,3,0,0,1,0,210.9602879595861,162.0397120404139,85.77978403031042,27.838916623632375,67,65
0,63,1,0,0,0,0,1,0,289.10210226392894,194.03943939628562,66.89789773607104,30.005197196981428,70,76
0,65,2,1,21,0,0,1,0,239.0,155.86832825551278,91.33452018250912,28.46791810740687,71,90
0,53,3,0,0,0,0,1,0,260.0,171.85771374541073,107.99333963687481,30.582928104612186,62,75
1,50,1,1,10,0,0,1,0,203.39200267659066,190.02080196283316,120.90719982156062,33.80071998215607,65,72
0,64,2,0,0,1,0,1,0,279.45612946547163,151.82895145044813,101.77193526726417,29.93110839714037,94,77
0,61,2,0,2,0,0,0,0,183.0866166894197,133.4223845221843,82.78880773890785,21.033313471160387,80,76
1,50,2,1,18,0,0,0,0,208.73611803156206,131.20716612195375,90.32059781492214,31.062453726771874,73,76
0,52,2,1,10,0,0,0,0,299.04481730953734,126.29953269366072,88.8726423079383,25.357477057890343,74,69
0,47,2,0,0,0,0,0,0,232.70056024459868,140.37570030574835,90.47738103954435,27.859151266041643,75,77
0,59,1,1,28,0,0,0,0,314.72375050517013,110.29005670337042,70.58011340674085,20.162985095469246,79,76
1,50,2,0,0,0,0,0,0,200.08458349844537,126.42291749222682,88.25375049533609,26.86533359751258,80,75
0,54,2,0,0,0,0,1,0,260.7414837960109,148.58842737250683,91.41833854102464,24.99115726274932,68,73
1,50,1,1,19,0,0,1,0,232.02239351613795,159.01252100114283,87.09222255069952,28.331923905598423,68,93
0,63,3,0,0,0,0,1,0,261.90974091684075,149.84424870240582,96.42212435120291,25.61318135821149,74,75
0,53,1,1,18,0,0,0,0,199.67584774646434,136.32415225353566,85.73093422525035,24.82373008444308,73,72
0,56,1,0,0,0,0,1,0,180.2782316977822,163.0523781155248,88.0,22.93865699956138,70,77
0,56,1,0,6,0,0,1,0,320.0,141.23730584875392,83.36442154062826,26.819516619068043,75,91
0,63,1,1,31,0,0,1,0,256.7346632034215,181.6724188166978,107.49386528136861,26.414128614122056,100,76
1,52,3,0,8,0,0,0,0,183.7203493434017,124.6343855266862,83.90315658005859,28.868781783463316,59,73
1,50,3,1,26,0,0,0,1,239.05092414224697,111.97453792887652,73.68418917211827,28.013889102930367,82,180
0,61,1,0,0,0,0,1,0,242.7407986976091,143.42560716314986,89.0,27.98299543179998,65,68
1,63,3,1,40,0,0,1,0,207.21059299161266,148.0,87.57881401677469,31.419766265768203,76,97
0,60,1,1,15,0,0,1,0,253.55185844290568,177.1120353892736,100.71991152681605,23.049850460077412,92,78
0,46,1,0,6,0,0,1,0,234.0,147.63448401579768,94.92412787361846,29.096055186857285,75,78
0,52,3,1,6,0,0,0,0,228.29512070579912,100.37703303925036,64.67215374504948,20.882280942383325,73,76
0,58,1,0,0,0,0,1,0,173.65660260288797,152.94754494548712,88.63433973971121,28.81190303875825,68,79
0,55,1,0,0,0,0,1,0,324.9930612268032,155.00320251070622,90.00560439373588,26.267459341506402,68,71
0,48,1,1,10,0,0,0,0,307.16153548001944,118.04808064997572,77.36250484496844,30.285084529663088,66,55
0,44,1,1,35,0,0,0,0,252.5014292004943,115.00857520296574,75.99428319802284,25.33810136507261,82,64
0,59,1,0,1,0,0,1,0,230.770240239805,170.63895646287625,95.4529579616575,24.8008540546808,73,137
1,59,2,1,20,0,0,0,0,234.91386380011417,112.70126975216647,75.09746049566706,26.34485929252452,58,66
0,61,3,0,0,0,0,0,0,253.86048403482516,124.0,73.40620974842423,24.283237068699954,55,80
0,46,2,0,0,0,0,0,0,234.0,142.6103763852183,96.0,28.471906958020952,75,78
0,57,1,0,3,0,0,1,0,277.44096901700607,146.92460683770733,75.70981730757926,19.56945941239555,79,76
0,61,1,0,0,0,0,1,0,183.68765814520836,156.07431361600717,87.37531629041672,24.472367158024976,68,67
0,50,2,0,0,0,0,1,0,232.00576250333123,148.4985593741672,93.99423749666877,25.778011936350726,79,87
0,64,1,0,12,0,0,1,0,259.5641732583175,195.84625988747624,107.6022636521507,21.493380980064735,75,65
0,48,2,0,1,0,0,0,0,191.2785290001303,128.3371035000255,88.97687349996883,25.08575635001388,110,74
1,49,2,0,0,0,0,1,0,270.583445082773,159.82810404698006,104.52069364653377,28.437503352483187,65,80
1,52,1,0,0,0,0,0,0,256.08941749518783,134.42622749243804,80.24739250206235,25.947092394390406,72,70
0,57,1,1,20,0,0,1,0,157.2576767704285,159.93858583657186,99.25767677042852,25.855287367119416,84,72
0,55,1,0,2,0,0,0,1,271.0464476502257,135.47905270672683,80.0,27.70265026710316,90,217
0,59,1,0,0,0,0,0,0,250.5390072780824,122.52127729280907,80.90425545856182,25.862481673745844,78,73
0,55,2,0,0,0,0,0,0,243.5228682893708,123.41470926978315,84.710135611909,28.34782441014362,77,75
0,52,1,1,26,0,0,0,0,324.7586465511914,115.57368416893998,70.0,18.78692481981266,87,75
1,57,1,1,42,0,0,0,0,235.4114932315756,150.72183875550132,94.01609213971354,26.352850636454747,67,97
0,45,2,0,14,0,0,0,0,232.0,115.26954006191166,70.44923343651942,25.26517465956408,74,59
0,53,2,1,20,0,0,1,0,260.60526564615515,180.0,100.0,25.76579031969276,95,70
0,67,2,1,20,0,0,1,0,240.31466135098668,154.27677081073404,90.27677081073404,28.77311352426521,72,89
0,59,1,0,0,0,0,1,0,201.62862134496112,147.80851652054275,90.75434561395336,25.99961188010075,65,83
0,62,1,0,11,0,0,1,0,233.68548275216025,155.31451724783975,92.15967585302435,22.91,70,65
0,64,1,0,0,0,0,1,0,230.12704094332335,158.87295905667665,87.17785732065269,22.91,70,65
0,49,4,0,0,0,0,0,0,255.53021233859525,127.6826952016574,81.47390068547752,27.89576425314927,93,85
1,62,1,1,33,0,0,1,0,218.00826537378543,146.63561223874677,86.44928567122746,28.33634845810034,70,88
0,59,1,0,0,0,0,1,0,203.34077070650514,145.92515222284433,92.80892484780618,26.407103428148226,67,84
0,55,1,0,0,0,0,1,0,205.3172693081254,156.67720928449296,71.0240960378119,27.95596398582054,59,87
0,55,2,1,19,0,0,0,0,340.43006951866937,134.04300695186694,89.37097914439919,22.066975374314328,51,72
0,59,1,0,14,0,0,1,0,276.3313333944908,209.1671666513773,119.33373332110185,29.607300082562556,91,83
1,46,1,0,2,0,0,0,0,233.64661885964145,141.8233094298207,97.41352456143426,28.063346826751197,75,78
1,52,3,0,0,0,0,0,0,200.0,117.83380064587142,77.52589265546924,30.732641622255482,75,78
0,46,2,1,20,0,0,0,0,291.0,118.52566873439486,79.63141718359871,22.640424210101916,78,83
0,38,1,0,0,0,0,0,0,203.79893456908943,117.14846844306605,80.90013317886383,29.876418181632403,62,78
0,58,1,0,0,0,0,1,0,203.6326222137042,169.80760000547588,93.55977778081993,27.3209808940788,62,79
0,60,2,1,27,0,0,1,0,239.0,164.61355563024196,97.58111116445853,28.03690332965236,66,94
0,46,2,1,20,0,0,0,0,291.0,113.06717556679139,78.26679389169784,23.25905343576364,79,88
0,58,3,0,0,0,0,0,0,262.9270418313684,136.86785751681992,82.6765307190914,29.273342288161206,95,99
1,46,1,1,17,0,0,1,0,429.1190208809713,155.60752170131025,82.28258543800936,23.5563125986883,99,92
0,52,1,0,0,0,0,0,0,302.7800472494211,127.71720360639854,90.96857817848873,27.230597078257166,60,76
1,55,1,0,5,0,0,0,0,290.76701487712666,117.04300637591143,75.3189978746962,27.665282684347826,80,157
1,56,1,1,36,0,0,0,0,228.34878610331796,145.3302427793364,87.35805776530876,26.198852030037788,73,85
0,51,1,1,25,0,0,0,0,328.40901171470455,116.34246119980456,70.0,19.491278742002983,88,77
0,56,1,0,0,0,0,0,0,228.99987205007034,125.36666240166902,82.93329921335209,25.759324035638446,68,76
0,58,1,0,0,0,0,1,0,168.6242824965751,151.50287001369966,92.3017220082198,30.316157959787276,67,83
0,57,1,0,0,0,0,1,1,285.28705827511095,143.89882317685704,73.41764735261914,26.44863535130986,88,206
0,52,1,0,0,0,0,0,0,264.7500590897039,132.29159772867877,79.95834318161732,26.378719568802488,67,75
0,58,1,1,32,0,0,0,0,185.36236127347257,118.38588547755222,70.19294273877611,21.895505549061095,89,70
0,41,1,0,0,0,0,0,0,167.86078128819744,115.13921871180256,80.42614580786837,23.565687286111803,71,69
0,42,1,0,0,0,0,0,0,198.6393511160607,121.45081110492413,77.72951333704552,27.57906148074134,60,78
0,62,1,0,0,0,0,1,0,317.06022107227045,152.59472633185763,81.40087894469039,30.86548168985224,64,77
1,57,1,0,0,0,0,1,0,218.90097325588405,170.90698290675945,110.98912406970436,30.1550257953651,88,85
0,52,2,0,0,0,0,1,0,260.5260730676655,172.3151826691638,117.27664953195992,27.865740517785184,69,79
0,50,1,0,0,0,0,0,0,187.2855547182754,143.57138867956886,88.57148176057487,37.731303045043305,61,93
0,53,3,0,0,0,0,1,0,260.0,171.86303310487733,107.93128044309778,30.59690028881113,62,75
1,43,1,1,20,0,0,0,0,181.0693892298804,131.15276988998292,91.3125354950769,26.662873922407844,64,84
1,63,1,1,26,0,0,1,0,226.1477409707119,144.08709838214682,82.0,26.661168169651056,74,83
1,45,1,1,26,0,0,0,0,249.79359809516933,117.88373841288175,74.69039714275401,25.470875720672964,86,67
0,54,1,0,0,0,0,1,0,265.36434728361485,146.2734776882601,91.13695606967903,28.02846134995442,73,98
1,52,1,0,11,0,0,0,1,258.0,151.59784314624858,93.50073638963791,28.765551808850464,85,268
0,54,2,0,0,0,0,0,0,220.0,122.3487579325858,75.66234777887598,27.622517294598,81,80
0,67,1,0,0,0,0,1,0,239.45490736269545,214.65819629450783,101.24015923958599,23.91832093120194,86,93
1,45,1,1,20,0,0,0,0,265.56584065327223,119.02194688442408,80.21707967336387,25.355691185172123,77,88
1,57,1,1,40,0,0,0,0,230.0,147.56743983542142,93.20929979427677,26.33618556050114,69,89
0,58,1,0,0,0,0,1,1,278.36185024675734,150.1828898519456,81.78601098473585,29.314947788018035,89,205
0,49,1,1,14,0,0,0,1,175.16466942362007,173.41051422992433,97.8792424226786,30.6403030756163,84,321
0,55,1,0,0,0,0,1,0,217.2902922171739,169.53228083711954,110.45161796380435,34.97134143442389,85,77
0,44,1,0,0,0,0,0,0,211.0,128.2848417534985,80.24148977030723,26.311041302859874,72,69
0,50,1,0,4,0,0,0,0,237.2441990804974,108.13370137925389,64.43138101145286,24.543708272640707,78,103
0,47,2,0,0,0,0,1,0,214.45303674862862,144.23199221297253,74.93926502742777,25.768788785530766,61,111
0,46,2,0,14,0,0,0,0,443.2559219928089,142.10597304488996,76.21307943626061,22.50171370226193,95,86
0,56,2,0,0,0,0,1,0,315.9078015259978,150.4539007629989,90.0,29.797773007912852,67,72
1,51,2,1,20,0,0,0,0,255.6328362832223,124.45572123892589,72.58228849557035,26.253534389385344,67,67
0,50,2,0,0,0,0,1,0,232.41418983635313,148.39645254091172,93.58581016364685,25.637104506458165,77,85
0,63,1,0,0,0,0,1,0,220.52327785662678,145.42383610716865,80.76163892831339,27.067646301984425,71,77
1,50,1,1,21,0,0,0,0,243.6032687247234,130.30163436236168,86.65081718118084,29.723259089062697,83,74
0,61,2,0,1,0,0,0,0,184.9418960451729,133.28986456820192,82.85506771589904,21.59387287650582,82,77
0,49,2,0,0,0,0,0,0,200.62621561835678,125.68689219082161,87.62427062898593,26.50143129929977,80,75
1,52,1,0,7,0,0,0,0,237.24857693711263,117.46254430858392,80.80987541714482,25.020033830169837,75,169
0,58,1,0,0,0,0,0,0,200.53744840073801,128.29858244485445,83.59716488970889,29.377399251653138,68,79
0,61,1,1,20,0,0,1,0,237.02985368927617,155.3134308738159,89.34328456309206,28.46149268446381,70,91
1,49,1,1,34,0,0,0,0,169.0619664355964,157.48650511721877,94.27760949710289,22.330779402445394,69,95
0,52,2,1,15,0,0,0,0,224.9020889358762,130.88740227625766,73.99020889358762,24.592088686113854,65,77
0,50,1,0,1,0,0,1,0,207.28252366665328,164.7063091666332,107.33705572223785,28.90279916110687,82,83
1,50,1,0,0,0,0,0,0,229.11340269165302,142.34904266488192,98.79234131905542,28.782429970406362,75,81
0,58,1,1,18,0,0,1,0,257.86754704845407,178.93377352422704,100.35540882525765,24.746113790159967,97,78
1,37,2,1,17,0,0,0,0,237.61293542948403,116.96452740031941,79.23552251538084,26.75120590457887,83,103
1,52,2,1,20,0,0,0,0,260.0,123.0,72.22307198967277,26.981688952977485,65,69
1,61,1,0,0,0,0,1,0,242.17688160082324,144.74372799725583,90.6462367983535,26.770460496529623,64,67
0,50,1,0,0,0,0,1,0,234.0,144.90132714283456,90.76053085713382,27.73626662001929,70,82
0,61,1,0,0,0,0,1,0,242.79215022358915,143.1431737702597,89.0,27.847684160842597,65,67
0,48,2,0,7,0,0,0,0,206.7640278048321,139.0831666342015,90.47194439033582,27.097575516164476,83,78
0,60,1,1,37,0,0,1,0,228.61881337512423,149.27623732497514,95.0,27.20485091745279,66,95
1,51,1,0,2,0,0,0,0,198.88991994311468,134.12842673303285,97.94495997155734,27.782018134376234,75,88
0,55,2,0,0,0,0,0,0,219.81284192782888,126.35963144587166,75.0146846984706,27.98744601947422,81,79
0,56,1,0,0,0,0,1,0,281.3946174768294,193.06685542926843,74.7859774042682,23.347725210963418,67,78
0,64,4,0,0,0,0,0,0,274.5211185011153,118.8169241219329,70.7429727167285,22.45211185011153,72,84
0,61,1,0,0,0,0,0,0,265.73697624793226,124.0,69.39453562810165,22.908416760066167,65,82
1,58,1,0,1,0,0,0,0,176.98797957694893,126.71074155118725,80.18069049355958,23.73886710429773,73,76
0,57,1,1,19,0,0,1,0,249.59969871878485,178.92513181053164,101.27501883007595,24.812855636726063,91,83
0,55,1,1,20,0,0,1,0,263.2328780542377,170.84017884632647,102.6940650451981,26.896256262418255,94,78
0,51,4,0,0,0,0,1,0,263.6968553696677,180.39371073933532,112.95471694549852,25.077680481384427,73,77
1,60,1,1,36,0,0,1,0,228.44999868654472,148.06999921192684,90.96999658501626,26.83190012871862,67,89
0,52,2,0,13,0,0,0,0,284.5207724659027,137.76038623295136,87.38019311647568,26.695654617628215,106,76
1,37,3,1,12,0,0,0,0,168.48575236607425,112.93060680484653,69.01424763392576,23.496108032843324,59,77
0,57,1,0,0,0,0,1,0,226.03225064597234,168.75671888457757,100.9516240310415,28.23838976744996,93,78
0,64,1,0,0,0,0,1,0,313.84200736568414,147.46723987218434,75.72688190532887,25.1433132138216,73,88
0,55,3,0,0,0,0,0,0,261.9554361765513,122.56684573517302,83.66577132413491,28.429551312218422,65,76
1,50,1,1,30,0,0,0,0,244.32513749348723,129.20167421345838,82.4486007735161,29.323944516772873,80,72
0,50,1,1,21,0,0,0,0,319.357832598295,108.98083299922499,78.01837444872122,23.259486936626214,102,68
0,45,1,1,27,0,0,0,0,331.37197136626264,129.20816229517908,74.9556467759045,27.396086303902297,82,73
1,42,2,1,26,0,0,0,0,242.12560658904627,136.5112760011489,95.55152729337425,27.136777076959074,82,70
0,47,1,1,19,0,0,1,1,208.40263101205704,161.40983013819334,83.84961329765663,34.12227090705868,85,253
0,52,1,0,0,0,0,0,0,235.2638285790855,129.9623102029878,80.18844898506109,28.121732652240837,83,78
0,60,2,0,0,0,0,1,0,234.65363986847603,162.10454295108855,102.0,32.98332676202206,70,72
0,60,2,0,0,0,0,1,0,272.35794258313393,212.42555024149397,120.28535885194047,24.717631578581855,87,85
1,61,1,0,5,0,0,1,0,273.8263304877681,174.27153365094568,93.32598041160146,26.08856444971495,67,123
0,49,2,0,13,0,0,0,0,188.35942107707461,133.6173948468358,101.32850897562184,22.989631900329957,112,78
0,43,1,1,38,0,0,0,0,163.22893012726055,151.1310777739797,89.34400316049611,21.27051054070259,73,94
0,55,2,0,0,0,0,1,1,290.82169048539106,183.52870076782185,92.91719588702767,26.926041712898453,83,210
0,64,1,0,0,0,0,0,0,247.75650214654954,117.75650214654954,75.14775751292335,22.965744420431626,65,78
0,46,1,1,14,0,0,0,0,232.40811525779498,114.18376948441006,70.0,25.653413699042165,74,60
0,51,2,0,0,0,0,1,0,260.7162772912543,169.92558406311855,117.07907205410162,28.33,69,79
1,51,1,1,26,0,0,1,0,235.09218774828162,166.20891938462907,102.65130204195306,31.874738186282276,84,67
0,64,2,0,0,0,0,1,0,184.46598313496608,151.9589934413757,89.78098781969773,24.92408202380407,85,79
0,55,1,0,0,0,0,1,0,179.97992547730038,165.01505589202472,88.04516767607416,22.572860619484697,67,77
0,42,2,1,15,0,0,0,0,306.36383669623046,111.41830201773826,70.10893064301565,21.10220064944566,73,75
0,51,2,0,12,0,0,1,0,239.39185829640908,171.52672466768172,102.58778744461362,28.032768804509615,83,70
0,65,1,0,0,0,0,0,0,257.6591137644695,139.68177247106095,76.04531741318284,29.075287244083064,85,69
0,61,2,0,0,0,0,0,0,187.47549360426547,133.10889331398104,82.94555334300948,22.359381281860205,85,77
1,62,1,0,0,0,0,0,0,251.2730772935067,125.09230917402684,82.36346135324665,21.60888439683104,71,72
0,51,2,0,15,0,0,1,0,197.4735400074891,139.0070559980029,105.03527999001454,23.14245008213689,107,80
0,63,2,0,0,0,0,1,0,273.5599555800085,176.86651860002834,96.22002220999575,24.359632981506447,72,102
0,52,2,0,0,0,0,0,0,197.8590600635367,141.72483034945185,81.67114014825229,23.913288766960918,57,78
1,50,2,1,20,0,0,1,0,229.1803177338564,157.0450794334641,92.77460283267946,29.534818956325417,73,96
0,53,1,1,22,0,0,0,0,231.24706016424048,129.20514613708465,92.2470601642405,35.03358944863764,79,97
0,60,1,0,0,0,0,1,0,180.9179269587546,158.57451128871782,88.0,23.786253220349842,75,78
1,61,1,1,19,0,0,0,0,195.4510267176919,151.0566307251497,88.08061259542733,21.8421642748307,77,107
0,59,3,1,30,0,0,1,0,236.5346634013717,164.8302815160493,99.11952264334703,27.995027784644723,65,97
1,46,3,1,20,0,0,1,0,269.9302148065588,163.78604296131175,99.49769927081766,26.47577450698959,93,80
1,50,1,1,29,0,0,0,0,248.9218225934575,132.96091129672874,87.98045564836437,28.517720212149634,75,74
0,50,1,1,20,0,0,0,0,325.9574298518127,112.16318556805132,82.92904975302116,20.848947700767365,103,69
0,49,3,1,11,0,0,0,0,260.0,123.0,78.6351330156681,23.736369231444748,63,65
1,56,1,0,0,0,0,0,0,199.4642452136859,131.88422220077715,82.73212260684295,28.078989893620715,65,79
0,41,2,0,0,0,0,0,0,205.64495894354803,104.83719207661031,68.70694573789856,24.60670049943591,60,71
0,65,1,0,0,0,0,0,0,261.92195495604153,137.18986694336544,76.71519958495185,26.196855169679015,86,70
0,58,2,0,1,0,0,0,0,286.44314666321026,153.02397036845014,89.81130963673445,32.42847591395688,79,106
0,53,1,0,0,0,0,0,0,236.81158718399132,125.97644839799891,84.0,26.993367828037847,66,87
0,62,1,0,0,0,0,1,0,185.93410536285208,177.14247271219233,92.29652586716568,22.71911760861456,79,60
0,48,2,1,26,0,0,0,0,200.7495564306654,140.44684045723926,89.16036576695139,24.862568575497207,79,78
0,49,3,0,0,0,0,1,0,214.85422190634085,181.39644096974956,113.98977667219305,30.891461334601825,84,87
0,41,2,1,30,0,0,1,0,235.6807328749076,193.27706850036958,112.82324658376453,29.51393301419192,76,88
0,51,1,1,21,0,0,1,0,256.7600002513128,189.4200011309078,93.40999930888968,24.739700133824087,87,78
0,56,3,0,0,0,0,0,0,272.91164153989007,117.08835846010996,75.91164153989004,27.215936161575783,71,79
0,55,3,0,0,0,0,1,0,269.83293860157136,195.00236839057197,118.29117325196417,29.30561349503378,92,67
1,50,3,1,21,0,0,0,0,259.75237217474574,107.09325579692796,78.78134884061441,26.76424650720127,81,163
0,46,1,0,0,0,0,0,0,195.31865772217003,125.60167784728745,75.23899329162752,25.590796311149308,60,78
0,54,3,0,3,0,0,1,0,262.81789534433284,184.309893035868,111.90894767216643,23.686457414361556,74,73
0,57,1,0,7,0,0,1,0,318.84165588014696,143.15834411985304,82.5520698501837,27.565528135392434,73,94
1,56,1,1,20,0,0,1,0,211.0153215308526,163.39693569382948,99.16016401978328,23.506616740433362,70,69
0,48,1,0,0,0,0,0,0,208.95021205978898,136.17703915421063,94.83540783084213,26.787788739336655,101,74
1,50,1,1,19,0,0,1,0,241.3713705619624,169.94021227796924,106.74274112392482,29.5219950148536,80,68
0,50,2,0,0,0,0,0,0,196.86904337422115,136.27973855821637,79.36110120651604,24.428097445404998,58,78
0,64,1,0,1,0,0,0,0,222.79203879151711,146.65597090636217,87.68805818727567,27.371242670668828,85,81
0,51,2,1,11,0,0,0,0,260.0,123.87861095104637,78.53564841492272,23.4826838809002,63,66
0,63,3,0,0,0,0,1,0,262.67760286067033,149.95394326581004,96.47697163290502,25.07567799753079,72,75
1,47,1,0,0,0,0,0,0,259.0,145.86867390002456,85.86867390002456,25.913743842811282,65,72
1,62,1,1,28,0,0,1,0,255.3125456126373,175.33167813926465,105.82211187595098,25.27770409680472,98,76
0,59,2,1,34,0,0,0,0,188.2643051081859,114.7132909571964,71.5734180856072,21.57355434882399,92,78
1,50,3,0,3,0,0,1,0,213.0827543955594,188.1765631319897,117.47173068688296,28.529115652730326,86,97
0,59,1,1,34,0,0,0,0,183.06113725050713,117.52292646894017,69.76146323447009,21.987554509979713,91,72
0,52,1,1,22,0,0,1,0,231.0335404855508,156.0335404855508,89.72065207514306,28.33865838057797,67,96
0,54,1,1,5,0,0,0,0,282.4304083830848,135.43040838308477,85.38894240615099,34.10094827324743,65,73
1,58,2,0,1,0,0,0,0,265.78928559515526,139.89642964360257,83.31607160726709,30.156410440881345,94,100
0,67,1,0,0,0,0,0,0,248.99822887425117,127.99778609281395,68.00398503293488,25.81034094170665,70,86
1,50,3,1,10,0,0,0,0,185.8875521302226,125.78893522686452,84.80276619328387,28.540475531710253,55,72
0,52,2,0,0,0,0,0,0,240.30761404928322,125.61522809856643,86.69238595071678,28.550822446487416,76,76
0,41,1,1,5,0,0,0,0,192.05948174359511,122.86120926494475,72.08922261539266,19.200844130601972,62,89
1,50,4,0,0,0,0,0,0,209.89350379182565,114.50532481040872,76.98935037918257,28.675452593753665,78,80
0,42,3,1,32,0,0,1,0,192.6399227259389,148.61643739796742,94.87279752187372,24.340274656116584,57,78
1,59,1,1,20,0,0,0,0,206.22140791668974,137.29612664931037,87.74077467013792,22.771196073250984,69,73
1,45,1,0,5,0,0,0,0,233.27088729131904,141.63544364565954,98.91645083472382,27.907418225897406,75,78
0,52,3,0,0,0,0,1,0,239.7278348932952,175.72989616871098,102.63814382876815,24.501587693748967,85,75
0,49,1,0,0,0,0,1,0,214.1957076900494,171.85321923246295,110.96738205165843,40.180558721750174,80,70
0,52,2,1,30,0,0,0,0,190.4616234273272,141.11540585683179,113.38431800435484,21.001344560737618,113,85
0,58,1,0,3,0,0,1,0,234.77817325379243,166.1105574446906,93.11126930151697,25.82885171414351,89,79
0,56,1,0,0,0,0,0,0,228.86678091170774,125.36222603039026,82.89780824312207,25.749652746250764,68,76
0,63,1,0,0,0,0,1,0,226.40164393866107,155.92121759304047,88.11019781185497,25.661227348829307,85,104
0,51,2,0,0,0,0,1,0,357.8186149449947,133.98488457874956,87.05290397437655,29.329920311711618,75,87
0,61,1,0,11,0,0,0,0,316.0,99.26065552883816,67.85213110576763,21.836723224039957,68,75
1,52,1,1,20,0,0,0,0,245.4261587458955,128.0,71.86920627052257,26.009151788835723,75,73
0,65,1,0,0,0,0,0,0,257.58439610409266,139.83120779181468,76.49362337544402,29.622220518041694,85,68
0,44,2,0,0,0,0,0,0,459.1126933670995,131.81820830695352,86.69454333544373,23.393312513258394,75,72
0,68,1,0,0,0,0,0,0,245.4888179826888,122.7555910086556,77.34217258788216,26.67874123250314,70,80
0,58,2,0,0,0,0,1,0,313.5943770413316,163.57553214368954,101.17454413287106,22.258130765547914,75,65
0,40,2,0,9,0,0,0,0,209.89748895471703,103.11532492594334,71.06406940330186,24.39410561489623,72,68
1,56,1,1,20,0,0,0,0,299.4220971120513,165.41278777710622,111.93120203714896,23.74494527693138,85,78
0,54,1,0,0,0,0,1,0,322.59724243218295,153.55834545930978,90.16018383785448,26.75535702869904,69,72
0,59,3,0,0,0,0,0,0,247.7446834808827,130.13120260563682,80.7517721730391,23.92014795391752,94,97
0,61,3,0,0,0,0,0,0,262.1434720470018,124.0,74.78479192949726,23.02340889449594,57,82
0,37,2,1,19,0,0,0,0,210.95632009338752,115.91032126073162,77.21608060701892,24.495632009338753,68,77
1,57,2,0,0,0,0,0,0,211.96275450239037,141.29635585645988,90.88906756937968,30.217296327702304,61,78
1,44,1,1,20,0,0,0,0,189.51369897987473,132.3590998542678,85.88405065579482,22.579446993303442,58,78
1,54,1,1,16,0,0,0,0,194.12445108407957,105.12445108407957,67.82313368587052,25.38829861026072,62,86
1,48,2,0,0,0,0,0,0,233.13723870245184,144.80397421703148,95.13723870245185,27.161745023479,77,82
1,49,3,0,0,0,0,1,0,261.24672082444346,168.05117891791798,116.91075886639025,29.085117891791796,71,82
1,59,2,1,20,0,0,0,0,227.95646676676006,113.15501303695044,74.18997392609914,26.175461799538507,61,64
1,59,1,0,2,0,0,1,0,127.84751648195301,138.0,85.44247619273455,25.767846889113486,77,82
0,54,1,0,6,0,0,0,1,268.1049235360202,134.69464627627204,80.0,27.661468929504284,90,228
0,65,2,0,0,0,0,1,0,242.56544550865937,154.03795793425274,85.92408413149451,29.901138738027583,91,89
0,62,1,1,20,0,0,1,0,211.9932995477963,163.57525740125925,93.35283542358334,25.46184017063537,75,69
0,56,3,1,33,0,0,0,0,274.8075151435503,144.54812121411243,88.45187878588757,26.892162417711234,71,78
1,59,1,0,0,0,0,1,0,204.92094685321976,141.6126459541397,96.30830089908007,27.154071332659623,70,87
0,61,1,0,0,0,0,1,0,207.79717471258087,137.00941762473047,94.20282528741915,26.057544490455797,75,81
0,55,1,0,0,0,0,1,0,208.94756654559475,165.57865018160786,90.34175854520916,25.51280989103529,61,72
0,59,3,0,0,0,0,0,0,247.5305175078734,130.381062907481,80.82316083070886,23.422569009959254,94,96
0,39,2,0,0,0,0,0,0,304.77777484800725,129.77777484800725,94.55554969601452,23.572228447984575,64,77
1,57,2,0,0,0,0,0,0,211.568773797617,141.40892177210944,91.22676531632827,30.007360895015925,62,79
0,61,1,0,0,0,0,1,0,170.7659272295118,145.48938184699213,87.21283646447247,29.890099414906192,65,79
0,52,1,0,0,0,0,0,0,192.25264141445766,139.26888521533434,86.52152662979198,36.28568533030684,62,84
1,62,2,1,28,0,0,1,0,197.65577767271347,150.07830868283366,91.24958015352307,25.35920310212725,72,100
0,59,3,1,39,0,0,1,0,243.49214436192912,161.86876150348556,91.09842887238582,32.95537891118509,84,81
0,50,2,0,0,0,0,1,0,235.54416987511988,191.63250962535963,114.90459456291956,34.27505252603303,60,52
0,57,1,0,0,0,0,0,0,283.73660509956704,137.91483390742584,89.27918814585409,28.51020883517147,96,73
1,61,3,1,14,0,0,0,0,232.70475819751036,128.6523012464727,73.52379098755179,21.83342434516181,76,59
1,57,1,1,37,0,0,1,0,231.964027434175,170.63848971218437,95.84352400490312,26.6245496429909,84,75
0,47,1,0,8,0,0,0,0,173.5200287469696,115.39997604419202,75.39997604419202,24.671196933656578,94,63
0,47,2,0,0,0,0,0,0,230.47526522766347,136.33462868127114,79.0950530455327,27.226954106443344,75,76
1,48,1,1,17,0,0,1,0,249.47594616819842,176.57122868307144,122.95189233639685,26.589612204597294,75,68
0,57,1,0,0,0,0,1,1,268.63950465499084,151.26173370753213,90.17448913835476,31.79252816310022,91,206
1,61,1,1,28,0,0,0,1,235.58265644760533,113.70867177619733,66.00445356255469,28.43008122628736,77,204
0,60,2,0,0,0,0,1,0,349.3641140043477,171.936436483004,104.40753257411073,27.218323322458495,85,99
0,46,2,1,11,0,0,0,0,211.5769092934999,121.70084857488885,80.07266641905565,22.748849048365017,83,71
0,51,2,1,17,0,0,0,0,302.5782970292823,116.1325544560766,76.45302178243064,25.354186455906635,75,101
0,63,2,0,0,0,0,0,0,281.4632936532728,107.02281749254635,62.706349226182375,25.388670647167615,60,82
1,68,1,0,0,0,0,1,1,183.09193437062615,156.3189507779696,96.45516062237569,33.02923854937016,108,146
0,51,1,0,14,0,0,1,0,239.2900291936489,170.61026274284015,102.43504379047336,28.642725130043054,83,70
0,44,1,1,9,0,0,1,0,233.8620199417706,147.05156481075446,96.5519202329176,30.349921807124105,77,78
1,57,1,1,20,0,0,0,0,254.1226405507475,127.69591198164176,73.08773594492526,24.977716967710464,67,75
0,56,1,0,0,0,0,1,1,261.17309635610263,187.42588802719433,117.34619271220524,29.981096458089954,74,263
0,44,2,0,7,0,0,0,0,453.76077724556734,134.9626714730142,81.67560416769501,22.703406923114894,83,79
0,62,1,0,18,0,0,1,0,194.9812952902925,151.28534165524852,87.84667261089179,21.75719429354388,75,103
1,54,2,0,1,0,0,1,0,221.3782374520127,179.491969401393,118.008030598607,26.845404480591206,76,93
0,42,2,1,10,0,0,0,0,217.9544110127081,108.06189791717787,74.61564136941277,22.78019266650308,66,78
0,44,1,0,4,0,0,0,1,236.41512677897055,150.7868340997849,95.58907510407683,33.45983733452774,72,272
0,58,2,1,18,0,0,1,0,209.25725404074177,164.5570594694437,90.11073513263908,26.34301751141683,70,73
0,35,2,1,20,0,0,0,0,168.07063424682318,83.7875822906372,55.075679550167685,16.753591420896587,78,63
1,54,1,1,22,0,0,0,0,264.8123011926903,122.12503614678359,73.0,25.033852295397534,67,84
0,49,1,0,0,0,0,1,0,224.1172656193266,190.74101571010132,115.58632809663288,23.31730076735012,67,86
1,63,1,1,29,0,0,1,0,253.67471226663503,177.22148584619038,105.94809905641269,24.854387170453357,99,76
0,51,1,0,0,0,0,0,0,263.13949276994344,134.17059176839928,79.68991546165725,27.208161223479113,67,74
1,42,1,1,22,0,0,0,0,189.9758710484632,130.8537978925137,82.73172473656422,20.17391776817651,56,74
1,56,1,1,23,0,0,0,0,292.4533474488543,170.3904661079612,111.10158898200646,24.528100000985894,82,79
0,55,1,0,0,0,0,1,0,209.6637756183274,164.50433657250886,89.08839266792701,26.157398056494678,62,70
0,63,2,0,0,0,0,1,0,238.34975833184214,154.44558636444975,88.51813787851675,30.24260595323591,66,72
0,54,1,0,9,0,0,0,0,337.0481550582845,135.35297056411295,86.07479684846028,24.672828026477994,80,90
0,48,1,0,1,0,0,0,0,227.72771440239947,99.79208159931444,75.16832639725776,28.342834516349384,75,68
1,52,1,0,0,0,0,1,0,226.6360534982774,161.5484783917955,107.72959876291961,26.903366543501324,62,96
0,66,1,0,0,0,0,0,0,261.2865768791596,137.4831183634648,76.2753224548028,26.258926720266714,86,71
0,57,1,0,0,0,0,1,1,268.6286314658052,151.2997898696818,90.1998599131212,31.80265835102482,91,206
0,54,1,0,17,0,0,1,0,217.8774953305467,199.0598264315571,119.37321762103807,32.371192838537326,67,73
0,42,3,1,31,0,0,1,0,190.706611982892,150.4618703799667,96.63035274282544,23.02386579562375,60,78
0,52,1,0,0,0,0,1,1,258.0031925689663,177.01048986946083,111.00638513793268,30.3795986484728,79,269
0,46,1,0,4,0,0,0,0,223.37699532553975,113.26836857261716,73.92012909015271,21.963897885642968,66,80
0,49,2,1,16,0,0,1,0,195.64586121626928,169.13365034904163,106.10244217344554,21.569741926163623,86,78
0,56,1,0,0,0,0,0,0,193.57489730685333,133.38124144223778,81.85627567328667,23.307989046064353,89,78
0,43,1,1,24,0,0,1,0,198.39189107271577,159.42471003462657,103.79729702423859,20.570521230450144,64,73
0,56,1,1,20,0,0,0,0,250.95278985331134,137.35438405520352,80.80318840378438,26.1341018112143,82,70
0,43,2,1,30,0,0,1,0,233.09655159419566,186.48275797097835,114.47724127535653,27.9412136730368,81,87
0,56,2,0,0,0,0,0,0,220.0,123.86511371992704,74.20723485776968,26.754200049023865,75,87
0,55,3,0,3,0,0,0,0,227.0459564068306,123.49234059886156,78.86925544914617,24.771542574857698,75,84
1,50,2,0,0,0,0,0,0,200.0,125.77261494218905,87.75194357329714,26.81909359992411,79,76
0,57,1,0,6,0,0,1,0,323.7662750551763,139.3098035320169,86.6901964679831,27.222070490068255,75,95
0,49,1,0,0,0,0,0,0,223.6557662877358,115.09672988632073,73.97865708349065,23.020991069066095,71,79
0,65,2,0,0,0,0,0,0,294.00480834033505,97.8416894030615,61.78674464435751,23.1,62,81
1,51,2,1,30,0,0,0,0,247.66319268652845,118.74614470984463,78.48186747927461,26.331667510466342,85,65
1,55,3,1,15,0,0,0,0,222.10631796112335,131.0,77.25539229373622,25.234483689330396,63,78
1,59,2,1,30,0,0,1,0,238.54287764183462,167.03496391053974,99.74604313435256,27.80955826597591,65,95
1,62,4,1,32,0,0,0,0,255.5859139902375,130.25880375610157,76.83920250406771,24.50764525313699,69,108
0,62,1,0,20,0,0,1,0,284.7005862773206,166.72876881762676,88.9095896058756,20.39800836674985,84,123
0,58,1,0,0,0,0,0,0,269.39908302556603,132.2199541512783,82.19954151278303,29.817656333734064,68,76
1,42,1,1,20,0,0,0,0,226.97341332119188,108.4651229724063,78.02658667880812,22.37186106751657,65,78
1,51,1,0,10,0,0,0,0,219.7084896974928,128.20661332757922,80.25093818495678,24.21368901797781,57,73
1,62,3,1,39,0,0,0,0,216.6558215414095,110.68835691718104,68.77440153182867,22.655985317372654,70,66
0,52,2,0,0,0,0,1,0,219.49644001727813,184.33096001151875,109.30338001055887,22.97573780855268,79,72
1,57,4,0,0,0,0,1,0,315.51186354253394,142.81491598884614,85.31491598884615,27.437987170101355,74,77
0,63,1,0,0,0,0,0,0,290.0,145.74927504114288,66.94196256919483,22.696512280258712,62,139
1,68,1,0,0,0,0,1,1,180.39608491743704,154.29706368807777,94.83765095046222,32.641036228110934,102,142
0,49,1,0,0,0,0,1,0,208.5894099531345,167.04029245703995,106.94205746485086,30.247914211111734,84,82
1,53,2,1,24,0,0,0,0,205.44573540965413,134.45453068074147,80.43694013856681,24.78031870133018,76,63
0,47,1,0,0,0,0,0,0,234.0,142.12203049432185,95.26781703406891,28.350335068470127,74,78
0,51,2,0,4,0,0,1,0,292.7527556571184,167.12412320000777,102.68718685714563,28.159048045722724,79,64
0,61,1,0,0,0,0,0,0,252.89717031143496,129.6448122376308,80.80377291808671,21.987453280291476,76,70
1,56,1,1,26,1,0,1,0,240.75683267558048,182.2769795777622,99.93237549331464,25.59247703437028,91,87
0,52,1,1,20,0,0,0,0,225.24686323446457,126.06171580861614,75.58630018185337,22.625588138208567,84,99
0,63,1,0,0,0,0,1,0,275.0,147.19562285746463,75.51895299518411,29.154905194356076,70,82
0,46,2,1,20,0,0,0,0,302.15178419284933,111.99038625385454,73.27953402033506,21.04207430924244,84,75
0,62,2,0,0,0,0,1,0,271.06696673987847,163.71963991214585,98.2133933479757,23.134548034512015,61,91
0,54,4,0,0,0,0,1,0,261.0045614172848,172.6674269028808,96.64918123374166,29.17595083476287,60,75
0,53,1,0,0,0,0,1,1,259.1012839600128,180.61850444004205,113.2025679200256,30.24155287359839,78,267
0,40,2,1,21,0,0,0,0,270.8811256088229,137.43013047940636,89.42649269412486,27.583546990501738,80,79
0,43,2,1,22,0,0,0,0,270.0588765659051,139.20584257557115,88.70584257557117,26.797671985975402,82,80
0,58,1,0,0,0,0,1,0,317.6973869870194,162.89467318736206,84.61839187754094,29.821857329355907,64,81
1,53,1,1,25,0,0,0,0,196.09861954296022,117.33086694241912,73.09861954296021,21.246331309689552,86,73
0,52,1,1,20,0,0,0,0,245.80785618293777,132.80785618293777,85.09607190853112,28.768055928857535,84,72
1,67,1,0,0,0,0,0,0,273.10499747858785,123.62249705835248,71.08375399223593,22.552072188625438,69,101
0,56,2,0,0,0,0,1,0,265.919928212207,176.4266008611898,119.47998205305176,30.535173259047124,76,72
0,62,2,0,0,0,0,1,0,241.7744745423562,148.74039001704094,89.0,30.529259580891434,65,71
0,50,1,0,0,0,0,0,0,357.2525776853773,134.09342778932785,86.95328610533608,29.004974400554218,75,86
0,43,3,1,40,0,0,0,0,262.8393813501899,114.06424745992402,80.88756694513296,25.691885780085943,70,73
0,49,2,0,3,0,0,0,0,287.48525979054006,129.38605515709494,78.0,23.299251318310624,69,96
0,49,3,0,0,0,0,1,0,301.24382831241326,132.86574246861986,88.37314849372397,27.154737936541245,70,72
0,66,1,0,0,0,0,0,0,304.7975473605372,142.6564107076444,86.80981055785121,21.29472023212807,76,60
0,54,2,1,20,0,0,1,0,265.21988539487285,162.51242837179552,103.92734241795013,28.39105157230723,89,79
1,54,1,0,16,0,0,1,0,171.70776760919728,164.0435677806508,100.16152904885034,23.777065439597415,65,91
0,47,2,0,7,0,0,0,0,291.98259391580484,126.01305456314637,78.0,25.05321162716389,71,99
0,60,1,0,2,0,0,0,0,261.81948862147635,136.2964488722252,81.62122160407863,33.24843580052768,67,104
0,48,1,1,30,0,0,0,0,180.5885133772759,151.8628377924253,93.58851337727589,21.68612502520396,60,78
0,54,1,0,2,0,0,0,0,341.34824692587034,133.37779629860069,90.55550925349829,25.46266777791604,77,91
1,57,1,0,1,0,0,1,0,202.99282839496755,139.13363650781542,96.85919188715214,27.357900998246286,72,87
1,43,1,0,1,0,0,0,0,203.52932460794128,107.96325163601101,75.81625818005506,23.895137362633466,60,75
0,63,2,0,0,1,0,1,0,276.58867819373904,159.23396541878287,98.14188510998247,29.34490518718257,97,78
0,65,2,0,0,0,0,1,0,280.5404006639892,150.9335687710844,101.1705534886212,30.510574803962513,94,77
0,51,2,0,0,0,0,0,0,358.46183993220296,133.57664672881393,86.84605335593234,29.17834296000016,74,86
1,55,1,0,10,0,0,0,0,204.00350138154477,149.14148160010743,91.28471389098722,26.966058679357392,102,136
0,63,1,0,9,0,0,0,0,271.9031247829309,131.617927483058,73.04843760853454,29.705988586351147,71,108
0,55,3,1,20,0,0,1,0,267.6681845582491,139.77327261767005,91.86636308835018,23.031609589601334,108,78
0,52,1,0,0,0,0,0,0,279.9652718385878,136.68922571752861,87.44790775788167,26.37568104774266,98,72
1,49,1,0,0,0,0,1,0,209.33847010805522,169.6549652547016,108.02968012349169,29.152945201852376,85,85
0,51,1,0,0,0,0,1,0,217.38576206228836,180.12582894949207,109.64569517508465,28.470230106502562,80,72
1,50,2,1,21,0,0,1,0,197.87462058089233,172.37497081391479,109.49964976697753,23.423460182173905,84,77
1,60,3,1,33,0,0,0,0,260.0,126.07552650629458,74.36690066946426,26.033747276978602,65,96
0,52,4,0,0,0,0,1,0,306.8789833444055,146.5507676451049,92.65230293531472,29.72409108673078,77,72
0,64,1,0,7,0,0,1,0,279.9848453852027,151.48939176964186,82.477268077804,29.642651034706414,70,80
0,57,1,0,0,0,0,1,0,254.28356630356515,145.93286739286972,81.28356630356514,41.10950547420752,71,86
0,49,1,1,0,0,0,1,0,213.22356518254392,173.09994932472944,111.64702901454672,40.076490560253696,79,70
0,61,2,0,0,0,0,0,0,246.44795921818547,124.59727895758061,69.7013605212097,25.656877553091128,57,79
0,57,1,1,20,0,0,0,0,199.98190569807653,136.09047150961732,88.07237720769385,26.565564625545157,75,72
0,62,1,0,14,0,0,1,0,293.44013234791805,168.83608602614672,90.97605293916722,24.35864589379881,86,126
0,50,1,1,23,0,0,1,0,260.72261080454456,191.28734890289383,92.72261080454453,25.157440128322396,82,79
0,65,1,0,0,0,0,1,0,287.7205893045239,141.2321441554933,64.40703762419216,22.121501767087896,60,138
0,61,3,0,12,0,0,0,0,217.0,132.68222996547615,82.81308555939154,25.34598993397357,61,80
0,54,1,0,0,0,0,0,0,195.13856960843077,133.54948914586814,81.74744572934068,23.588077909506737,89,77
0,65,1,0,0,0,0,0,0,276.9534105549297,130.35124838957734,81.87454311211249,32.80899201938582,64,78
0,54,1,0,0,0,0,1,0,219.19142768049954,180.84144327175756,109.19142768049954,24.200164586236486,81,75
0,51,1,1,22,0,0,0,0,326.4116554604567,114.05827730228351,77.64847901406287,19.873192440949584,98,72
0,46,3,1,20,0,0,0,0,267.1950167044837,119.09750835224185,65.84507238609605,28.72031319445424,83,75
0,54,1,0,6,0,0,0,0,224.5556783239425,129.91675874295686,63.3955340853902,23.55639994519489,86,81
0,64,1,0,0,0,0,1,0,221.2917829577877,157.02387597587867,89.38992248492417,26.468119385431578,85,92
0,44,2,1,40,0,0,0,0,256.94495233384123,116.4220190664635,76.76146663368887,26.12807352729575,73,67
1,49,1,1,16,0,0,0,0,213.22418399195251,127.25860533601582,87.27007911737026,29.3474930640101,71,75
0,49,2,0,0,0,0,1,0,222.22072620370395,189.4752345462967,112.86487144444473,22.923243572222237,71,80
0,56,1,0,1,0,0,0,0,195.93014932389286,199.54195976791073,108.09095396567858,27.41652721109322,60,69
0,54,1,1,23,0,0,0,0,250.99961221921197,136.99922443842394,84.00077556157606,27.073609950295463,80,71
0,61,3,0,0,0,0,0,0,231.35508189100707,163.0652456730212,80.22459054496466,27.192058775582336,69,59
0,52,2,1,20,0,0,1,0,287.86533311515325,139.54083319697077,88.28844437171774,26.537741114201996,109,77
1,58,1,1,40,0,0,1,0,233.46481690173636,169.15138732369775,94.17839436608789,27.525215704413622,85,77
0,58,3,0,0,0,0,1,0,239.76288208282662,156.71135375152014,97.04126646162695,32.43391702911093,71,72
0,55,1,1,5,0,0,1,0,279.8204953701596,144.02692569447606,79.15257893536432,19.578623027870083,79,74
1,47,2,1,20,0,0,0,0,279.0756908852056,137.36651994745233,80.08762536378127,27.79080410024315,81,72
0,49,2,0,0,0,0,0,0,244.13210602806316,126.73463734518289,83.80069035921447,27.4506375181665,80,77
0,50,1,0,0,0,0,1,0,207.07047234779643,165.5123768695337,105.86094973911004,28.42472089389054,85,83
0,61,2,0,0,1,0,1,0,290.5538603829097,247.12398357445997,128.68597536168994,33.2696181793262,91,86
0,58,1,0,0,0,0,1,0,202.49064504183633,175.32209678272596,82.57677426180781,21.218601084768256,82,71
0,59,1,0,0,0,0,0,0,250.79779460875133,123.49172978281754,81.0983459565635,25.033068278951944,78,73
0,52,4,0,0,0,0,1,0,309.8361502939723,146.0289146540049,91.08674396201465,29.322264283583763,75,72
0,59,3,0,13,0,0,1,0,267.37373047037727,180.32525390592454,104.74041991813235,24.54359648425133,72,81
1,52,1,0,0,0,0,0,0,202.76345817285593,136.1174551035163,94.17618265527445,29.978743867959263,82,67
1,45,2,1,39,0,0,0,0,279.27903327565247,136.27903327565244,84.08526888504349,23.98611843560004,74,78
0,47,2,1,20,0,0,0,1,211.53959100822075,159.1842818568921,82.47129835062655,34.00468687204408,86,250
0,60,1,0,13,0,0,0,1,255.44545546748236,126.32249468079156,72.12296078669081,28.13060370856258,83,212
1,53,1,1,30,0,0,0,0,333.0228957669484,127.0915830677937,74.0,27.989461401906162,89,62
1,48,1,1,20,0,0,0,0,172.5780340602019,122.0,70.20624272481615,23.40241392531896,89,72
0,45,2,0,4,0,0,0,0,234.0,144.48718418089175,96.0,29.277228121255366,76,78
0,41,1,1,20,0,0,1,0,235.93687252112332,127.0210424929589,84.21042492958895,31.23573371127393,80,83
1,58,1,0,0,0,0,1,0,210.00054118304726,140.7774771205293,96.44450457589414,28.6935570223262,69,78
0,38,2,1,18,0,0,0,0,212.89815302972156,115.26620053068099,77.21527704554177,24.055832191045155,67,78
0,58,1,0,0,0,0,1,0,211.50690061944445,135.08908384953705,94.67126707962964,27.63949788670372,74,74
0,59,2,0,27,0,0,1,0,340.9111885210091,182.39777971302522,103.61332172184864,30.72063735585727,82,76
0,52,1,1,22,0,0,1,0,259.039408525789,187.20443605658272,95.19704262894484,25.483152682063118,93,78
0,60,3,1,29,0,0,1,0,225.0,150.4442533074741,95.22212665373705,28.753999212094016,66,102
1,44,2,1,16,0,0,0,0,229.23837868450084,119.33969063864154,73.48629332696399,27.048080660483812,88,103
0,58,1,1,12,0,0,1,0,275.1678993912816,144.72481509130776,83.10728551741066,21.616460066618668,79,71
1,40,2,1,20,0,0,0,0,261.1417750563761,128.1889511030505,84.59838631238537,25.22281574781929,76,74
0,45,2,1,30,0,0,1,0,183.30700471158784,157.13904599515033,99.81535023557939,21.4121698362378,65,83
0,52,4,0,0,0,0,1,0,259.54960626853074,171.82440940279614,109.28267776365024,30.96836211605389,64,77
0,50,1,1,15,0,0,0,0,278.6204423015038,137.79199035676692,76.93066345225563,26.073592433334596,81,75
0,40,2,1,27,0,0,0,0,203.15153530857785,103.85605808642777,75.28029043213884,20.57342035366787,70,62
0,56,1,0,0,0,0,1,0,261.64176304867254,142.34408321804327,88.03480254056046,31.325016500231072,69,100
0,59,3,0,0,0,0,1,0,270.6231151774178,181.82788939717722,119.5370598760064,31.423115177417777,83,67
1,53,2,1,30,0,0,0,0,266.70208883140754,140.79246097459287,91.0,26.456313100420314,91,87
0,63,1,0,4,0,0,0,0,180.61500694361044,121.82000925814725,79.27333641938242,20.61195182848408,77,91
0,51,1,0,0,0,0,1,0,179.3163707447435,135.27850100123683,88.41143987793747,27.10927813482833,88,80
1,42,1,1,20,0,0,0,0,227.737822701101,107.87058234358811,77.262177298899,22.31835241092293,65,78
1,38,3,1,15,0,0,0,0,232.920952532329,115.32233338631517,73.60514303879482,29.65085133502066,88,104
0,63,1,0,0,0,0,0,0,246.6405481935205,155.83006852419007,88.98041114514037,29.221674859357815,89,94
1,48,3,1,41,0,0,0,0,281.58368091172645,138.58368091172645,87.04612877496749,24.653667099726075,73,85
0,47,3,0,6,0,0,0,0,247.51896155495254,113.9253499785617,78.8506999571234,24.358715210518284,73,69
0,43,1,0,0,0,0,0,0,198.4907202317699,121.63659971028763,77.61804017382742,27.49006873877223,60,78
0,66,1,0,0,0,0,1,0,218.05617827445022,212.90137294987784,99.49313525061086,25.563370696467015,67,85
1,62,2,1,19,0,0,0,0,267.3926164262748,129.85219613563288,73.99191594187162,28.555707304848248,69,105
0,57,3,0,5,0,0,1,0,254.1644303267518,163.45486700646532,96.70687971238868,30.881134417766933,60,69
0,47,2,1,30,0,0,0,0,181.30907463470962,152.10302487823654,94.30907463470962,21.55282119257872,61,78
1,65,1,1,16,0,0,0,0,165.98287720617697,105.5009512663235,51.99238986941198,26.54784721220808,64,70
0,55,1,0,0,0,0,0,1,272.9697222337765,135.99192592900707,80.0,27.72957611127287,90,210
0,66,1,0,1,0,0,1,0,111.52612355809715,142.12959162344285,90.38877487032856,23.934232293877763,70,62
0,62,2,1,19,0,0,1,0,267.2440093786375,179.6488018757275,101.0,24.285374052362208,74,83
0,45,2,1,23,0,0,0,0,269.4490326030474,139.66322554771446,89.16322554771446,26.511045323432267,84,81
0,53,2,1,25,0,0,0,0,199.7701051129025,115.09813756513606,75.70468006947847,21.466824267803858,88,78
0,60,2,1,10,0,0,1,0,249.0858564395078,156.81717128790157,94.0,29.464618529850966,63,67
0,65,1,0,0,0,0,1,0,275.0,132.60357300297025,84.93317870776112,34.323315110560856,70,78
1,56,1,0,0,0,0,0,0,199.54460203033068,131.30163528010252,82.77230101516534,28.311622877807334,65,79
0,58,1,1,16,0,0,1,0,163.62684292577399,155.25040953906088,102.50081907812176,18.999589319108114,79,54
0,53,1,1,20,0,0,0,0,246.36199320942913,133.36199320942913,84.81900339528543,28.552558196333113,84,72
0,51,1,1,20,0,0,0,0,264.45440049971165,139.77768919426825,88.94951105558759,29.17955889068274,69,75
0,54,1,0,0,0,0,0,0,234.25497314356855,128.00994628713713,83.37251342821573,27.813237266713823,65,77
0,48,1,0,0,0,0,0,1,224.44457028128397,139.88265272894125,91.98053649911986,31.14785076314471,68,280
0,55,1,0,18,0,0,1,0,258.6176028364793,221.9711631257689,113.46585579349596,30.187616974610123,64,76
0,47,2,0,6,0,0,0,0,291.3281588017637,126.5038808986772,78.0,24.79798193268786,71,99
0,61,2,0,0,0,0,0,0,182.51721209034807,149.03442418069613,85.78878028952728,24.660148762956062,66,70
1,60,3,1,25,0,0,1,0,203.6614510804199,188.20056797727057,123.23613045221357,26.9406687424829,78,81
1,58,1,0,0,0,0,1,0,204.08008137254873,140.53153319327694,96.54854817927179,27.24296282633056,71,87
0,55,1,0,0,0,0,1,0,217.70349412509236,169.22237940618072,110.38275097915127,34.27578488942787,86,78
1,57,3,0,0,0,0,0,0,212.21822468949392,139.17585760881917,88.43644937898787,29.43316421903463,59,77
0,47,1,1,18,0,0,0,0,233.57066427205493,116.96333034006865,68.03666965993135,27.881542547934473,75,66
1,51,2,0,0,0,0,1,0,268.0050164512867,149.50752467693002,97.6925849983145,26.415847312956508,80,94
1,62,2,1,35,0,0,1,0,213.9568886472511,147.00391921388626,89.02743449720383,29.01219175748129,70,90
0,51,1,0,0,0,0,0,0,236.80022517565578,129.7428249749063,81.28587512546842,27.957118731179737,82,78
0,51,1,0,10,0,0,1,0,396.82388389620456,179.37420981301318,94.48740621828047,24.308864099141765,88,96
0,46,2,1,20,0,0,0,0,289.5707413310483,125.20937271988223,80.45028512732627,22.79070025148858,78,77
0,64,1,0,0,0,0,0,0,290.90408291005247,142.32558948310918,94.24128816849785,30.765207623239576,90,76
0,61,2,0,0,0,0,1,0,281.69934953692336,151.42156795637356,101.61437863758238,30.657516603826398,93,77
1,62,2,1,21,0,0,1,0,270.3868037418491,180.0,102.17878318057173,24.644662206179554,72,83
0,48,1,0,0,0,0,0,0,209.3859445271963,136.0862615568341,94.81725231136681,26.953003966561926,101,75
0,55,1,0,0,0,0,0,0,212.53817918278534,106.83272156270155,64.4490944229529,23.980291234123143,76,91
1,51,1,0,8,0,0,0,0,173.5070798402461,128.05453517972316,85.73938023963086,27.062018774961548,76,66
0,62,1,0,0,0,0,0,0,266.0261639943259,123.99626228652488,69.01681971063806,22.897757371914924,66,82
0,56,1,0,6,0,0,1,0,320.0,141.31248414635752,83.42707012196459,26.92601920733981,75,92
1,53,1,0,1,0,0,1,0,226.09375193175208,166.83591866541713,111.79686051185934,26.431564180624317,65,96
1,55,1,1,33,0,0,1,0,233.6345957969414,170.01202657614698,97.30527132232372,27.51621550661747,84,74
0,53,4,0,0,0,0,1,0,259.7008676358614,172.05130145379215,106.33308110070207,31.40550746763954,62,75
0,49,2,1,16,0,0,1,0,195.44829598886295,169.3476793453985,106.02012332869289,21.430129165463146,86,78
1,55,1,0,6,0,0,0,0,287.88979323189307,115.80991138509702,75.730029538301,27.53293048866708,80,157
0,59,2,0,0,0,0,1,0,272.0918478324067,209.27347826592535,119.27347826592535,25.335221737563142,89,80
0,57,1,0,0,0,0,0,0,233.20007430728444,125.52500928841056,84.0,26.0995183910529,66,76
0,63,2,0,18,0,0,1,0,268.4691277599519,181.85805284016834,100.29217034660253,24.917250331511724,72,83
0,64,1,0,0,0,0,0,0,279.85247972427396,127.16227230329864,77.23603244116165,30.507131098926468,56,78
0,44,2,0,6,0,0,0,0,247.15223174009284,133.83021725633705,84.03395654873259,23.490744167204554,73,88
0,50,3,0,0,0,0,0,0,219.96837360753406,114.17394515856259,78.03162639246592,26.23944284489715,78,82
0,47,1,0,18,0,0,0,0,170.77145168539582,121.07425797752502,70.0,23.64777226067425,90,72
0,46,3,1,10,0,0,0,0,230.33247572229882,97.54441585740996,70.66752427770119,19.435935208396003,80,79
0,51,2,0,12,0,0,1,0,239.35486083074613,171.19374747671532,102.53229124611923,28.254383623830574,83,70
0,54,1,0,0,0,0,0,0,212.27431459127516,106.26101494776285,64.8009138782998,24.012834533742733,75,90
0,65,1,0,0,0,0,1,0,286.98517866064424,140.33914551649661,64.53836095345638,22.351054946641757,61,136
1,52,4,0,0,0,0,1,0,289.41742537887967,149.0,98.80580845962656,25.68083900204587,88,75
0,55,1,0,8,0,0,1,0,217.9480321467779,157.43118071193325,89.46102411008343,28.313532289321003,66,65
0,41,1,1,10,0,0,0,0,308.62779960817477,114.48880156730088,70.97760313460175,24.885903722339584,61,67
0,48,1,0,0,0,0,0,0,187.6633835898594,122.66517435902699,79.66875589736222,22.558728553890997,60,78
1,49,3,0,0,0,0,1,0,279.42482154090294,165.1947501572641,98.11503569181941,23.667297732679543,68,73
0,50,2,0,0,1,0,1,0,280.832842396422,142.52448451624312,98.61671576035779,32.756215056026065,86,78
0,55,1,0,5,0,0,0,0,306.51949702353676,121.68825942546688,71.55849107061033,28.34301495985561,65,59
0,63,1,0,0,0,0,1,0,251.60034285090083,149.88364761332576,78.96626667394904,24.497721621081478,61,72
0,66,1,0,0,0,0,1,0,274.8015425503569,188.27938297985725,89.49261347650011,37.652049820153366,95,86
0,55,1,1,20,0,0,0,0,249.21786290170635,134.62807027411,78.82041474480727,25.75985328308237,79,71
0,54,1,0,1,0,0,0,0,230.0,125.23992848982101,89.3263210341349,25.19531783946122,78,84
1,56,1,0,2,0,0,1,0,224.8765959234125,177.56787224212312,119.93212775787688,25.52652333687348,72,95
0,66,1,0,0,0,0,1,0,273.6275638861442,191.08094037293213,89.45747870461861,37.46512463511939,85,82
1,59,1,0,2,0,0,0,0,251.5414850618111,148.52183216003894,92.4585149381889,28.34080751287984,66,77
0,48,1,0,0,0,0,0,0,188.6497392406731,128.73730443050485,88.24715205678481,24.388725636051557,105,73
0,66,1,0,0,0,0,0,0,304.79971876396485,142.6064684288082,86.80112494414055,21.28877058673628,76,60
0,49,2,0,0,0,0,1,0,300.40441995780657,130.59558004219343,88.40441995780657,26.917403326301095,68,73
0,61,1,0,0,0,0,1,0,182.15257184917823,149.49154310950695,85.6610287396713,24.837295534143735,65,70
1,53,2,1,39,0,0,0,0,287.71964767078254,145.42052849382617,93.27096890534798,26.729865902220975,73,97
0,51,2,0,0,0,0,0,0,283.61491293712515,131.68492876673875,77.84246438336938,21.95260284933045,68,93
0,50,1,0,0,0,0,0,0,224.36212003501532,112.84216681256382,70.05479346755871,22.117045984243106,68,77
1,57,1,0,8,0,0,0,0,200.48249493802396,150.5247341314906,92.29071573199315,28.056313174547576,104,138
1,53,1,1,38,0,0,0,0,229.36861460091112,143.54781358209559,89.4948916807289,26.182174112133055,75,87
0,44,1,0,0,0,0,1,1,205.29475265061646,170.52489809858335,102.93943450449498,34.93551817050739,73,290
0,63,2,0,0,0,0,1,0,292.166356865856,143.99814119513624,95.83178432928021,31.193178432928022,89,76
0,49,1,1,15,0,0,0,0,168.99886353973366,125.99318123840203,85.49374946853519,26.433664659187063,87,58
0,59,2,1,20,0,0,1,0,262.2802040367915,160.67512752299467,99.88528055058826,29.71390818344384,85,81
0,62,2,0,0,0,0,1,0,270.72193816066834,164.133674207198,98.14438763213367,22.65771853804364,61,91
1,53,2,1,23,0,0,0,0,205.1918356629616,134.15180405968502,80.23186726623823,24.700828549865676,76,63
1,61,1,0,11,0,0,1,0,199.03267534000366,147.93518830083073,91.35511689333578,23.887285591351656,72,97
1,40,1,1,31,0,0,0,0,286.5005608279011,141.99935905382733,92.49959940864208,25.405342105019656,82,68
0,60,1,0,0,0,0,1,0,170.6447068577129,145.57019542819143,87.49568399866996,30.288914438124632,66,80
0,50,2,0,0,0,0,0,0,268.5872994008738,126.41270059912617,83.59884540007944,25.16027318439402,75,94
1,56,2,1,20,0,0,0,0,238.603296182328,115.81812900280401,76.404944273492,26.55875812193544,59,66
0,51,2,1,27,0,0,0,0,333.1465101127366,114.13162861405625,70.0,22.756994304379766,82,80
0,53,3,0,0,0,0,0,0,220.0,118.73893713616275,75.63053143191863,25.904579714787793,74,88
0,53,2,0,0,0,0,0,0,278.1647809624825,126.69525542043863,81.18284674773682,24.703771925951475,71,95
1,51,1,1,20,0,0,0,0,245.85844362798667,127.957533088396,69.26895710682534,27.63624838210224,80,71
0,53,2,0,0,0,0,1,0,269.0501467475814,206.84011739806513,116.84011739806513,26.08956360659981,95,72
1,48,1,1,37,0,0,1,0,228.9672665696672,159.5491001454992,99.22235261652251,32.665487732675565,86,68
0,49,1,0,0,0,0,0,0,257.564800039294,141.15279994105896,79.57407998428239,32.861980703572456,70,75
1,61,3,1,40,0,0,1,0,203.3102967790491,148.01149247329812,95.98850752670188,30.79219131107984,69,94
1,58,2,0,0,0,0,0,0,244.31410439597872,168.91567751418822,95.95611369385433,29.117065963628985,84,101
0,45,2,1,39,0,0,1,0,314.5071132759508,158.93731480414382,97.4558387774456,30.03231673861457,84,74
0,61,1,0,0,0,0,0,0,269.5455519848614,133.67128369929475,81.99307445105788,25.452088383017387,89,61
0,61,3,0,10,0,0,1,0,240.2627902114978,143.4625732061743,82.41787805890695,23.045492731646558,81,120
1,62,3,1,43,0,0,0,0,217.0,109.46630595597712,69.49434332326408,22.890875546310625,73,67
0,55,1,1,39,0,0,0,0,296.4597495398391,110.9540474214411,73.56898480640088,23.697227182488955,81,70
0,47,2,0,0,0,0,0,0,236.27901024419654,145.79835040699422,96.50644672093256,27.098349447553023,73,78
0,59,2,0,0,0,0,1,0,323.8822621945776,184.93406173923373,107.95604115948916,27.143344466236158,75,80
0,59,1,0,0,0,0,1,0,201.8675595490212,147.5456844960767,91.04107145882543,26.056479172667043,65,83
0,46,1,1,25,0,0,0,0,329.091786569247,127.65349084266842,75.78480488391017,26.160640722973838,85,70
0,49,1,0,1,0,0,0,0,205.97077733691083,136.02922266308917,92.96136759248725,25.637538286614078,101,75
1,53,1,1,30,0,0,0,0,333.00796440474545,127.0318576189818,74.0,27.976769744033632,89,62
0,62,1,0,0,0,0,0,0,308.6982442215072,145.39648844301445,82.76403630618118,27.960821842492848,64,70
0,61,2,0,2,0,0,0,0,181.20629113324046,133.55669349048281,82.72165325475859,20.46518653525765,78,76
1,53,1,0,0,0,0,0,1,238.3487282660929,149.30957164767636,97.15478582383818,28.017381193809804,75,279
0,53,3,1,30,0,0,0,0,335.37306152821304,110.0,70.0,26.55841329229861,74,83
0,63,1,0,0,0,0,0,0,221.22759249852126,145.87126541642021,78.51493833431915,19.41230153810472,66,75
0,57,1,0,18,0,0,1,0,157.83925935540597,169.61682096762377,97.2336419352475,28.39642806114118,71,77
0,58,2,0,0,0,0,0,0,202.52837036943797,147.54476851910127,90.0,26.47663185146957,64,82
0,60,2,1,10,0,0,1,0,247.42175243509513,156.48435048701901,94.0,28.690255466464272,64,67
0,62,1,0,2,0,0,0,0,218.4072786050628,148.43212023248952,85.0,24.39964166178673,90,81
1,54,4,1,20,0,0,0,0,223.0932439828526,154.37925738542472,97.42797319485578,30.577250136827736,80,97
0,64,1,0,1,0,0,1,0,225.99099173713927,159.0682113346926,90.85456906775407,26.909626682220832,85,91
1,51,1,1,30,0,0,0,0,240.36778340224606,126.81610829887697,79.44832489663092,29.239850406380814,75,68
0,49,2,1,13,0,0,0,0,208.13239911550156,123.24112106139813,79.3853587617022,22.13499395244379,83,68
0,48,2,0,0,0,0,1,0,221.55651121236318,189.92076183527226,114.86425062290907,24.71872225101122,71,86
1,52,1,1,32,0,0,1,0,230.23178359028935,171.0,108.05967896508105,25.318737097998028,92,85
0,62,1,0,0,0,0,1,0,221.59304481381804,182.95112829789113,104.66870166218116,34.26994438034947,72,95
1,42,1,0,0,0,0,0,0,205.7106753302976,108.3197532308235,74.22331167425602,24.75057817053617,60,71
0,57,1,0,1,0,0,1,0,281.3882038799439,149.84471844802243,100.76707767203365,36.37194942239774,72,96
0,60,1,0,0,0,0,1,0,248.9091883036997,189.68451489498815,108.26194042004734,21.110415523741228,94,86
1,56,1,0,0,0,0,0,1,225.62891142579466,123.95332977487453,81.65110992495818,24.0216220917454,70,164
0,61,3,0,10,0,0,1,0,240.34559033618174,143.37201056980123,82.3920030199432,23.04564798188034,81,120
0,52,3,0,0,0,0,1,0,265.4661723962181,170.12279887107886,91.0551436635151,24.168549589587364,63,83
1,55,1,0,13,0,0,1,0,220.3812716583216,156.38748143572434,92.44218827351149,27.923349458514764,66,68
0,48,2,1,23,0,0,1,0,259.03434426021795,189.82827869891028,93.44781420072647,25.572390710036323,88,73
0,58,1,0,0,0,0,1,0,170.99603474342356,141.4618434812751,88.76709563107423,29.93557982801607,71,125
1,48,3,1,20,0,0,1,0,268.92741967591604,163.58548393518322,100.90161245371755,26.874886968985418,92,80
1,64,4,1,25,0,0,0,0,214.84098759795307,147.50662551675197,95.0132510335039,29.10332181896688,81,88
1,61,1,0,2,0,0,1,0,126.66348599972791,138.0,87.15274244483746,27.78727665601962,76,86
0,48,2,0,7,0,0,0,0,301.3903538624216,127.83421231745297,90.66842463490592,24.803752976937005,72,72
0,62,1,0,0,0,0,0,0,313.85048319608535,126.69240180861055,68.15441085166331,24.457819665276038,70,64
1,56,1,0,8,0,0,0,0,265.2888257763971,152.56313126294108,88.79245584886036,26.277692553830153,84,100
0,42,2,1,27,0,0,1,0,290.7031307444719,149.36876608452118,96.88751378673244,27.69056426929733,110,71
1,57,3,0,2,0,0,0,0,322.6035244192477,138.79445859848045,81.43148619949348,23.72810573257743,80,82
0,43,2,1,18,0,0,1,0,234.0,149.6064991444662,91.78700171106763,28.791178500228554,77,78
0,58,1,0,0,0,0,0,0,198.21135611609617,202.1320975725601,106.36829658258557,26.51993693517669,59,72
0,47,1,1,22,0,0,0,0,326.2646535022184,125.72590011514887,76.8128532719206,24.62884862483831,88,67
0,51,2,0,9,0,0,0,1,212.6241088304718,135.40905234800155,81.14657597460683,29.213087204686154,77,272
1,54,1,0,1,0,0,1,0,225.69045990733994,170.76801590343553,114.82155069495042,26.080700119385753,67,96
0,55,1,1,20,0,0,0,0,249.1005935209972,134.44378981870986,78.68639259542536,25.734556602386537,79,72
1,49,2,1,17,0,0,0,0,209.39448318887602,130.2744821490923,89.93655147315566,31.064648277296254,73,76
0,46,2,0,0,0,0,0,0,227.75158716432153,136.64498744699813,79.35501255300186,26.396307390462816,75,76
1,60,1,0,8,0,0,1,0,217.3644861732633,167.06074769554388,109.12149539108776,25.5342994205371,94,73
0,55,1,0,0,0,0,1,0,209.46144297405047,164.80783553892428,89.44247479541167,25.97529867664543,62,70
1,62,2,1,43,0,0,0,0,217.0,108.54464048105551,72.0750066530446,24.44664686797831,76,66
0,59,1,0,0,0,0,0,0,250.47366015670372,126.13822704947678,78.93426464741661,28.72423265583257,89,106
0,51,1,0,0,0,0,1,0,259.8475773217604,148.02973582610028,89.40704897396098,25.047026417389976,66,73
1,60,3,1,16,0,0,0,0,215.4449875263366,133.3325187104951,84.39951122629707,24.307862736449852,62,78
0,42,2,0,3,0,0,0,0,449.61996053106384,141.03952731505228,90.77780697912729,23.73599212505849,78,78
0,46,1,0,0,0,0,0,1,226.45078641935098,144.66216764610084,94.28178442219671,32.311456123223564,68,278
0,58,1,0,0,0,0,1,0,210.36375982950779,153.80407708701176,73.3567383303906,27.755927530512036,64,84
0,55,3,0,5,0,0,1,0,264.50365728319304,174.75426683039188,92.0073145663861,23.37834727060639,66,82
1,61,3,1,14,0,0,0,0,237.1438244077012,115.06852677689639,76.3561755922988,25.512453872163274,55,66
0,52,1,0,0,0,0,1,0,234.6589433078699,188.97682992360964,111.80630157754459,35.87731261275551,62,48
0,50,1,0,0,0,0,1,0,224.24613492616308,188.80797610755388,116.23067463081537,23.633030569099535,68,87
0,53,1,0,0,0,0,1,0,234.7711894717408,148.51412631449386,92.3855947358704,25.12598884201457,69,76
0,61,1,0,0,0,0,1,0,234.2471505487337,162.3948924651902,102.0,33.0425580628988,70,72
0,57,1,1,20,0,0,1,0,156.823729480835,163.41016415332007,98.823729480835,26.898930598591843,80,74
0,44,2,0,11,0,0,0,0,299.18533144890927,121.83300423995416,79.4256699644088,27.707492240367372,71,106
0,63,2,1,20,0,0,1,0,260.62041732144104,159.63776082590067,97.60307381698145,30.460812205351523,83,82
0,58,1,0,19,0,0,1,0,156.4428295094526,169.95571704905475,97.97785852452738,28.752907930787106,71,78
0,64,1,0,0,0,0,1,0,225.21954324497597,145.0,90.67068513253605,29.792864844538283,79,82
1,54,1,1,18,0,0,0,0,166.05615452582606,117.14603633947824,63.32579996678258,24.56348918651392,82,70
0,56,1,0,10,0,0,1,0,167.89689000556538,167.52148124884056,93.04296249768109,25.752109336036767,70,77
1,51,2,1,20,0,0,0,0,260.0,123.30092744516261,72.03343638279584,26.711635204902706,65,65
0,63,1,1,31,0,0,1,0,233.95186008725744,151.19547782625415,92.80452217374585,27.505499662671557,69,91
0,65,1,1,29,0,0,0,1,233.55001811621855,115.38039933783327,62.89128859459257,28.72682178632377,75,216
1,48,2,0,0,0,0,0,0,232.97543048551302,145.32985092208264,94.97543048551303,26.96514803989833,77,83
1,57,1,0,0,0,0,0,0,221.37142923997575,143.6285717349889,102.8571423000202,29.384856916108227,75,87
0,54,1,0,0,0,0,0,0,219.70559708262218,138.35199027540722,76.47039805508145,22.70954336151673,55,73
0,65,2,0,6,1,0,1,1,320.66062512071875,207.53212502414377,100.49543184891023,30.993958203240275,86,385
0,46,1,1,24,0,0,0,0,232.18389377044468,114.32181409827821,65.7974004097919,28.050196670477025,78,67
1,63,1,1,29,0,0,0,0,224.51442028725683,146.0728369569115,82.63125362656615,27.26274572513395,70,85
0,66,1,0,0,0,0,0,0,257.77648930265104,139.44702139469797,75.3410641840939,28.216098304594546,85,71
0,52,1,0,0,0,0,0,0,204.27529737561687,127.80566830110833,81.83400980664995,28.627248433718947,69,75
0,46,1,0,1,0,0,0,0,224.5742513401343,100.42807329291747,75.28654451180421,28.729409956922247,74,67
0,56,1,0,6,0,0,1,0,320.0,141.01973931806359,83.18311609838634,26.51129736725676,75,90
0,64,2,0,0,0,0,1,0,276.3675237726963,178.83761886348154,90.44871434095553,35.48381083876811,94,82
1,45,2,1,20,0,0,0,0,269.31371858545066,121.18628141454936,78.4575209430329,22.70241993477668,82,82
0,66,1,0,0,0,0,0,0,256.66859723529376,136.5590949313719,75.77520368627498,25.381737511764385,82,73
1,54,1,1,27,0,0,0,0,196.42928254981746,115.92554916327585,73.42928254981744,21.166972188043815,87,76
0,48,2,1,20,0,0,0,0,279.53967508577017,133.69719800434834,76.59218272529621,28.199759819134705,81,75
0,62,3,0,14,0,0,1,0,243.70106431525275,139.70196090519232,81.34341740148352,23.0519394955911,79,119
0,58,2,0,0,0,0,1,0,242.32997039040757,181.28405726182677,94.97275419053857,27.841614212604366,85,108
1,50,1,1,36,0,0,0,0,291.7631914703592,148.76319147035917,86.85521279446122,26.117209787652097,68,75
0,45,2,0,4,0,0,0,0,234.0,144.94219613434646,96.0,29.47246961401048,76,78
1,45,2,1,18,0,0,0,0,192.86753613941323,131.9933654572562,83.25165863568594,21.544980446943626,55,75
0,57,2,0,0,0,0,1,0,235.13470697241428,179.12749180108872,97.89828176243195,31.258722087716656,79,102
0,62,1,0,0,0,0,1,0,232.89170491200238,163.36306791999831,102.0,33.24006585567965,68,72
1,48,2,0,2,0,0,0,0,196.71161414154065,140.7144912198815,94.14347365964447,27.981362809637925,77,82
0,64,1,0,0,0,0,0,0,264.9105061580749,135.81053561935005,78.78419657097494,25.90489670609576,87,67
1,55,2,1,16,0,0,0,0,239.6373033403214,131.42606743213463,71.93662922754397,24.927033695210426,77,66
1,58,2,0,2,0,0,1,0,238.19086268719195,171.63375448214174,96.38172537438393,27.894547732536655,83,96
0,61,2,0,0,0,0,0,0,263.7808219680811,137.12524458966794,81.45303327887453,29.73948137815594,87,60
1,47,3,1,20,0,0,0,0,294.0267353665188,102.12699299096425,68.08020609955638,24.169305853392483,62,66
1,42,1,1,23,0,0,0,0,188.71661349425514,130.18219386360275,82.64777423295034,20.1000413249963,56,73
0,52,2,0,0,0,0,1,0,219.32567494315845,183.89144168561384,108.91470418155374,22.755743828840142,80,73
1,57,3,1,34,0,0,0,0,261.12352786074496,124.9720623133238,76.68529179111746,25.630881965186244,67,99
0,57,2,0,0,0,0,1,0,241.2875199521833,180.09945449111737,95.9204364071061,28.341990422952023,84,107
0,47,1,0,0,0,0,0,0,227.08397085781917,99.89503642772603,75.83205828436165,29.010832413605705,75,67
0,50,2,0,0,0,0,1,0,301.4377802697436,129.5622197302564,89.43778026974361,27.08963004495727,65,74
0,62,2,0,0,0,0,0,0,211.45378634582525,120.90861646614078,70.18067951873788,24.80452742571335,78,77
1,46,2,1,38,0,0,0,0,281.8537769055293,138.8537769055293,84.25691846036862,24.380912458847824,72,76
1,50,1,1,28,0,0,0,0,248.08756730258008,132.54378365129006,87.77189182564503,28.706818078081845,76,74
0,45,1,1,20,0,0,0,0,265.36324445199256,118.72720740866542,73.72936292270637,27.622361488526387,78,83
1,58,1,0,0,0,0,0,0,252.128048602352,146.0274389862183,91.91768304134514,27.82914641220877,67,79
1,51,1,1,30,0,0,0,0,240.5495214285294,126.7252392857353,79.1757178572059,29.43249271424117,78,68
1,48,2,0,0,0,0,0,0,233.02673642044982,145.16310663353804,95.02673642044984,27.027484750846547,77,82
1,64,3,0,0,0,0,0,0,273.03234673812676,123.043128984169,73.42452427770425,22.33752221622703,75,84
1,48,3,1,42,0,0,0,0,227.69464530789514,130.39942028333593,85.38929061579029,20.66358870865002,69,76
0,56,4,0,0,1,0,1,0,286.25309721579976,150.0341730858157,97.77018375870762,22.053451392100115,90,75
0,62,3,0,0,0,0,1,0,262.4431117834515,150.2998628858338,96.39290611220221,25.065901277800332,71,74
1,49,3,0,0,0,0,1,0,262.57109512210553,166.31293765223646,115.08974420710486,28.911293765223643,71,80
1,56,1,1,15,0,0,0,0,263.7199859514677,155.64998243933468,85.92999648786693,26.542124690295452,92,102
0,44,1,0,0,0,0,0,0,197.16612205669085,123.29234742913643,76.62459154251815,26.69696558144365,60,78
0,55,1,0,0,0,0,1,0,217.6504536152801,169.26215978853992,110.39159106411998,34.36506974761182,86,78
0,54,3,1,27,0,0,1,0,265.533171317338,141.05995139520138,91.5867314730648,24.374291125251123,96,84
0,48,1,0,0,0,0,0,0,188.1192843996482,122.87240199984008,79.37863720022388,22.73528650386375,60,78
0,50,3,1,9,0,0,0,0,253.06430127434518,116.06430127434518,76.8474096701569,22.746909883057572,68,68
0,65,1,0,0,0,0,1,0,311.9093614420782,149.88670180259777,74.72510846337431,25.884575313245815,71,89
0,51,2,1,9,0,0,0,0,298.60022024188146,124.20044048376288,89.34994493952964,24.79160516549839,75,69
0,50,3,0,0,0,0,1,0,259.91925077059324,171.77782757511736,120.07071159773794,29.621833664263754,72,83
1,62,2,1,32,0,0,1,0,199.58696116537595,149.32729288013158,92.96618770255641,27.339739061824456,71,98
0,49,1,1,21,0,0,0,0,306.0235875253364,110.0,71.66273541244394,20.70293609153307,84,74
1,51,1,1,31,0,0,1,0,229.5269765142498,169.65976679037445,110.73860403799947,26.63940075802315,94,84
0,49,2,0,0,0,0,0,0,231.86620578189616,134.38731190534537,79.37324115637924,27.510705979506817,78,76
0,56,2,0,0,0,0,1,0,320.5838641647543,180.89596604118856,100.84784152554664,27.00646143584975,74,80
0,58,1,1,19,0,0,0,0,260.0,127.07082778977123,73.21528701704794,24.873071659544806,64,74
1,51,1,1,27,0,0,1,0,228.65217845045441,170.5852856770629,111.68896425779717,25.05719071223846,95,86
0,47,1,1,24,0,0,1,0,258.53523430027883,194.2701350450743,90.53523430027884,25.35231548961152,85,78
0,55,2,0,0,0,0,1,0,270.09492453312447,207.67593962649957,117.67593962649956,25.830458715785138,93,75
0,48,1,1,17,0,0,0,0,169.09606471332847,121.09606471332847,74.5196764333576,24.361226935070647,92,67
0,61,1,0,0,0,0,1,0,361.5785361898322,183.85058592948906,95.42146381016775,31.366632398426226,75,87
0,51,1,1,23,0,0,0,0,308.20243589308876,110.0,71.29959401781854,20.51228685935473,83,74
0,46,2,1,20,0,0,0,0,291.0,120.12968097788168,80.03242024447042,22.458636155840075,78,81
0,47,2,1,20,0,0,0,0,309.3129586198394,110.48299623816722,74.6564793099197,20.865510112854984,89,73
1,49,3,0,0,0,0,0,0,256.1462825887768,127.6535967182156,81.52194238831652,28.245546669072752,93,85
0,53,1,0,7,0,0,0,0,300.6217268993066,127.20724229976888,89.41448459953776,25.85168794656318,71,71
0,53,1,0,1,0,0,0,0,182.85294347233335,121.0,81.13970760425,20.942132748977503,64,82
1,54,1,1,18,0,0,0,0,204.25282189897217,132.90703861892933,88.38662017263384,28.11350923209508,75,74
0,62,1,1,6,0,0,1,0,239.36261237140874,164.68758026529196,96.70012842446714,25.879887360854962,81,91
1,55,1,0,24,0,0,0,1,208.51679637096674,122.31093817204436,77.56302060931854,23.353652184139463,82,312
1,51,1,1,21,0,0,1,0,233.9520732421381,159.58678873689684,89.90414648427623,28.198115239261025,67,94
0,61,2,1,12,0,0,1,0,242.7088449016692,168.0,101.48353796066768,26.772181909105917,73,102
0,53,2,0,0,0,0,1,0,235.15670593993931,172.76211769744688,96.53776478866274,25.419199987762898,92,74
0,53,1,1,20,0,0,0,0,246.8984680018365,133.8984680018365,84.55076599908175,28.343929110396918,84,72
1,42,2,0,0,0,0,0,0,224.06593487827973,141.29163219533515,79.35418390233242,24.43160589750732,62,98
0,54,3,0,0,0,0,1,0,261.0319053154316,170.73101945926012,101.75302788302409,31.68918472245707,59,72
1,57,1,1,14,0,0,1,0,220.14252520327122,167.96693083177576,109.72519812383182,24.913181195747665,95,75
1,55,1,0,0,0,0,0,0,254.14833159236198,146.46035676979184,90.61892969062444,27.026805453319096,67,77
0,51,2,1,20,0,0,0,0,296.80959701560107,112.20748560770004,76.75508635379977,23.097819573527946,77,92
0,47,2,1,16,0,0,0,0,207.55333211460197,130.58500091404852,86.70222140973465,28.421810174719184,73,74
0,57,2,0,0,0,0,1,0,286.41364021548907,231.77909630168472,124.59303210056157,32.94822107721692,96,74
0,52,1,0,0,0,0,0,0,232.22447334899013,126.55611833724754,91.51701776733991,25.738160469328324,80,82
1,48,1,1,30,0,0,0,0,333.5997713149705,129.39908525988199,74.0,28.479805617724924,84,70
1,57,1,0,0,0,0,0,0,178.27697258554622,122.72302741445378,79.0,25.54154600971094,74,79
1,42,2,0,0,0,0,0,0,225.29231531770452,142.4236756778811,78.78816216105945,24.146708287733254,62,97
1,56,2,1,27,0,0,1,0,237.34606643797724,165.24344406329539,96.69213287595447,27.97750568153148,65,95
1,56,1,1,7,0,0,1,0,219.91506758152252,185.7630151800259,122.54246620923874,25.48254246620924,77,103
1,64,1,1,24,0,0,1,0,248.90732336883923,178.58466809016582,100.15331909834175,21.557872398514494,97,76
0,53,2,0,7,0,0,0,0,248.59904825576845,112.53460232564207,74.19809651153689,22.660285523269465,71,71
1,50,2,1,20,0,0,1,0,229.4491264926296,157.1122816231574,92.43859188421301,29.445104033084874,73,96
1,52,1,0,0,0,0,1,0,270.6062102710909,152.95853912275,95.43004584526136,27.477044804933865,68,93
0,43,1,1,15,0,0,0,0,198.83399134267097,136.3774675350161,80.62648052100965,21.835889264127033,70,71
0,52,1,0,4,0,0,1,0,205.41347882426027,189.5689131373767,126.1202182363904,46.88931302829057,79,79
0,46,2,1,20,0,0,0,0,298.14145438373583,116.30920297136139,76.05591619587518,21.393749384810857,81,76
0,55,2,0,0,0,0,1,0,260.86699440288356,148.66687150180223,91.70073740648807,24.98331284981978,68,73
0,57,1,0,5,0,0,1,0,383.9868633375372,173.5404785369459,91.35666995172427,26.126236250545816,83,85
0,64,1,0,0,0,0,0,0,242.70050251405047,155.3375628142563,86.02537688553785,29.641946398501283,91,92
0,59,1,0,0,0,0,0,0,213.4777531219481,108.86846509755419,63.19632917073588,23.864410448293068,76,93
0,46,1,0,10,0,0,0,0,174.63114713837513,116.44262343394986,70.0,23.786721296981504,90,70
0,54,1,0,0,0,0,0,0,198.60771226813213,127.44308490725285,80.77233962901141,28.452124578839786,65,79
0,49,1,1,10,0,0,1,0,206.0358727739311,160.7264546232185,108.9641272260689,25.573053518940057,70,78
1,56,1,1,20,0,0,0,0,261.93855864620963,122.64753479159825,73.0,26.512523460223036,65,83
0,49,2,0,18,0,0,1,0,193.44198205049173,171.1160358990165,104.74743882829044,19.912151384236033,89,77
0,61,1,0,11,0,0,1,0,233.88395241703614,155.11604758296386,92.43753338385059,22.91,70,65
0,58,1,0,0,0,0,1,0,207.39483139665595,151.42681653630584,87.85363307261166,21.178426233517545,89,86
0,46,1,1,20,0,0,0,0,237.76933950687976,123.69248633273102,74.23096340514242,27.806899620658797,69,66
1,43,1,1,20,0,0,0,0,179.91652828409235,131.3171925204491,91.93322262727386,27.105543229410365,64,84
1,58,1,1,16,0,0,0,0,268.6924165044392,157.70633327434152,86.42658331858539,24.659338381411658,90,107
1,50,3,0,0,0,0,0,0,200.0,117.48971178614768,78.716049221252,30.06448565470032,78,77
0,61,1,0,0,0,0,1,0,207.0086457023517,144.26080712793964,93.35230503132675,26.275950880468578,71,87
0,54,1,0,16,0,0,1,0,218.05425672252792,198.87043922586295,119.24695948390863,32.10150545762883,67,73
0,56,1,0,0,0,0,0,0,233.43446177290602,126.36892354581204,83.78276911354699,26.66041879093296,66,76
0,61,2,0,0,0,0,0,0,246.10389144610866,149.75206907974902,90.39197039439327,30.393886283431847,66,77
0,55,3,0,0,0,0,1,0,324.03993475060804,180.47199130008107,107.08791082583095,26.764875302043777,79,91
1,54,3,0,0,0,0,0,0,261.8475902766596,133.6399697904926,82.37713854149894,29.630964437228283,94,93
0,49,1,1,6,0,0,0,0,348.8846410992292,134.88846410992292,86.83460767023124,25.15289400121866,72,81
0,60,2,1,10,0,0,1,0,247.36490337818904,156.4729806756378,94.0,28.6638017053173,64,67
0,54,1,0,3,0,0,0,0,196.95968097216013,195.6154187240398,112.17944170128025,29.418622046994525,61,70
0,46,2,0,0,0,0,0,0,243.98631448048454,128.78718059137665,84.50342137987886,27.514922480656605,81,78
0,59,3,0,0,0,0,0,0,251.10832460867226,132.51359327687925,81.4324552219655,24.017123312804245,95,95
0,65,2,0,0,0,0,1,0,281.6138469766493,150.19041363155048,100.59254393565038,30.56672430339396,93,77
1,47,1,1,20,0,0,0,0,244.45739687997198,135.82958751988792,89.17189427994863,26.94034825045613,80,69
0,49,1,1,26,0,0,0,0,328.84639782230016,120.6927956446003,71.0550844698858,21.236842509955935,87,76
1,53,1,1,13,0,0,0,0,295.63580401270406,166.30925879618877,108.07222361143366,26.04975842110169,83,71
0,59,3,0,2,0,0,0,0,295.33164944345765,162.33101798475425,86.99857921791738,30.50301655155047,86,117
1,58,2,1,40,0,0,1,0,241.4907611793433,162.04716371314552,92.22625654178357,33.18582502979336,85,79
1,60,1,0,0,0,0,0,0,248.72406157282825,161.79190053620053,94.25997631814299,28.849076258266592,86,99
1,46,1,1,20,0,0,0,0,265.31100466074855,118.96821595026735,79.5017089591445,25.50721128951878,74,89
0,60,1,0,21,0,0,0,0,316.0,104.86966247615948,68.97393249523189,20.78864021159763,74,74
0,65,1,0,0,0,0,1,0,274.7053722877373,132.74552309355226,85.49104618710452,34.196317937631825,70,77
0,59,1,0,1,0,0,0,0,260.2535232530117,137.1998904309548,83.00649866079736,33.78206861455064,66,103
0,48,1,0,8,0,0,0,0,234.2247498230123,108.12784355088884,70.58143763274077,28.736555954977536,74,72
1,50,3,0,0,0,0,0,0,219.33571083457647,114.39857349925411,77.33571083457647,26.161020914351898,79,82
0,63,2,0,0,0,0,1,0,239.2121319268643,155.18517208938812,91.5824761056405,32.728921606500954,65,74
0,45,1,1,16,0,0,0,0,197.697035368026,132.1138826300975,78.0683295780585,21.73924800628221,73,69
1,49,2,1,20,0,0,1,0,193.07434155769027,172.00571858136078,105.06862297632946,19.756785512912636,89,77
1,47,1,1,24,0,0,0,0,240.53417424677687,128.06834849355374,80.0,27.920536810608237,67,65
1,43,2,1,20,0,0,1,0,266.282785284846,158.42510988209068,92.4251098820907,29.064729040684803,94,85
0,52,1,0,7,0,0,0,0,229.824181634688,131.435894046432,62.60075681119999,22.429604904104316,90,81
0,57,2,0,2,0,0,0,0,208.04568665928957,135.2267311283243,92.68189555309652,26.293873495798756,81,78
1,62,1,1,30,0,0,0,0,225.19420292144918,145.96115941571017,82.31072467431868,27.11368115277974,70,85
0,54,1,1,18,0,0,1,0,300.4077587523643,149.58624034172175,90.91710865202745,27.835405971675094,102,72
1,40,2,1,20,0,0,0,0,282.93150724795544,145.84931594550193,94.73972754223063,23.348903650355346,80,64
0,51,1,0,4,0,0,1,0,205.24066673936713,159.60166684841786,109.719222137405,28.25621113413293,75,83
0,42,2,0,0,0,0,0,0,205.6878036317824,105.15852723836797,69.28534902906235,24.55400153290765,60,71
1,56,2,1,29,0,0,0,0,197.1259433039654,113.71252932544164,74.01574291299568,21.022443401762075,89,80
0,56,2,1,30,0,0,0,0,196.69130392552643,113.54287445478799,73.914251090424,21.049207755745023,90,80
0,62,1,0,0,0,0,1,0,297.74980990492725,244.8309254624116,130.41698349178793,36.06838284131663,93,78
0,63,2,0,14,0,0,1,0,271.6445734809285,182.05689048516663,97.18006052754771,29.15084811588323,77,84
0,52,1,1,18,0,0,1,0,205.69104400993186,168.67461613904587,114.83730806952293,29.182013814401177,75,78
0,56,1,0,0,0,0,1,0,201.06115662080762,159.1274789096081,101.72954517680525,23.865152586037784,85,77
0,44,1,0,7,0,0,0,0,433.81349264419043,155.37251090738664,94.93035362737369,24.654910512380113,85,84
1,39,1,1,30,0,0,1,0,291.98930767829125,152.91980758718452,99.94653839145636,28.087059611530098,109,69
0,56,2,0,0,0,0,0,0,205.378985402864,130.18365531333868,90.98832522381333,25.935105490465652,80,77
1,55,1,1,20,0,0,0,0,299.60940639241824,157.77401825973703,104.18812784836436,24.734602740470812,91,75
0,50,1,1,35,0,0,0,0,291.75209005302025,149.6186941828673,85.24264915635717,26.156555197172253,67,68
0,63,2,0,0,0,0,1,0,377.1065779183346,172.82993343875097,80.53174432145721,22.269431674819895,70,89
0,52,4,0,0,0,0,1,0,262.9320144785134,178.730530766841,109.29604343554024,26.7944629613762,69,75
0,48,2,1,30,0,0,0,0,195.40900318070632,142.3522507951766,96.06848886752788,20.908581190361758,94,81
0,47,2,1,20,0,0,0,0,277.0309515466942,135.4845242266529,77.66122591995273,28.782200466940385,81,75
0,62,2,1,25,0,0,1,0,239.0,162.1037623524983,95.78840168035593,28.16060028405544,67,93
0,60,1,0,2,0,0,0,0,172.84742242086128,139.16618618993294,85.29835085288035,24.53972442873945,70,77
0,63,1,0,0,0,0,0,0,219.26317842411723,145.82897303014656,80.65794606029309,26.44209294552966,74,78
0,39,1,0,3,0,0,0,0,196.17040424213212,120.34610639137047,75.41214892538082,23.341778071883386,62,86
0,42,1,1,20,0,0,0,0,234.0,115.30020080280802,65.92871485914858,23.950140561389595,66,74
1,54,1,1,33,0,0,1,0,235.3296894110273,179.0408517633364,99.3296894110273,27.823319952649374,88,87
0,53,2,1,20,0,0,1,0,264.03620081150535,174.1291624559922,99.26614530699902,25.73979439978524,97,79
0,56,2,0,0,0,0,1,0,199.59214431802263,145.68428863604527,86.24571818139367,24.90673669307516,61,80
1,56,1,1,25,0,0,0,0,249.418127884278,115.2028310726259,71.32917808699126,23.394208687621813,63,85
0,61,3,0,0,0,0,0,0,236.44732903574095,159.07022795234542,82.9297720476546,30.88045321993053,67,65
0,53,1,0,0,0,0,0,0,229.49881539105962,120.80641110645695,81.41686410149006,29.551176317395697,60,100
0,44,2,1,30,0,0,1,0,236.38350070376174,190.46599718495307,109.54366338244526,29.321843140971794,80,90
1,48,3,0,0,0,0,1,0,267.18020462409055,160.01945433575858,108.93993179196983,28.1954472140124,71,75
0,45,2,0,4,0,0,0,0,234.0,144.7279793002202,96.0,29.38055111791267,76,78
0,52,2,0,0,0,0,1,0,260.60959168182933,171.5587923750102,118.15239792045733,28.557072901481412,69,79
0,63,1,0,0,0,0,1,0,364.1761938644876,168.3373447850474,96.32230184111967,26.11307641738258,82,101
0,48,1,1,16,0,0,0,0,215.73811809645753,123.55027470953668,74.98674454877413,21.874995199743918,79,73
0,57,2,0,2,0,0,0,0,291.36358578703386,150.36380832408494,81.34095208102124,29.307734404028228,84,118
1,56,1,1,20,0,0,0,0,261.21069612621227,122.77987343159776,73.0,26.88704181142169,65,83
0,62,1,1,7,0,0,1,0,237.14990564931398,162.32542457808714,93.70018870137206,25.840361304491537,84,84
0,53,1,0,0,0,0,1,0,207.57849539441975,140.31520836425398,89.47465272624338,26.483475011131432,98,73
0,61,2,0,0,0,0,0,0,182.5648740118215,149.12974802364303,85.8096323801719,24.69863576454587,66,70
0,50,1,0,1,0,0,0,0,225.22128361825406,101.06722982904756,70.66385085476217,27.219489657290588,72,69
1,59,1,1,43,0,0,0,0,207.25752345855244,131.920572218257,66.05150469171049,26.715101122602068,65,75
1,38,2,1,20,0,0,0,0,252.72079738154147,133.0,91.72079738154149,28.79766379052332,79,63
0,56,3,0,0,0,0,1,0,217.22656145109957,184.11328072554977,106.92969106626147,33.31570120970781,79,92
1,59,1,1,20,0,0,0,0,208.97353219711246,137.86948587439844,87.62610282512031,21.23229991311461,66,73
0,47,3,1,9,0,0,0,0,298.4666383729061,117.86155152019718,85.82568890738969,23.13256889073897,72,70
0,53,1,0,0,0,0,1,0,277.48296479192476,155.27555281211283,99.82765493064159,32.021321060775435,64,91
0,60,3,0,15,0,0,1,0,267.77500064499054,178.5708340858223,98.55000128998108,24.136208482756143,70,83
0,38,2,0,0,0,0,0,0,243.91531544245524,118.94459392711003,87.87297316368284,28.62580188317135,77,65
0,54,3,1,38,0,0,0,0,280.4635599577361,144.71013692145138,90.18109537161111,26.692767233532642,72,86
1,39,1,1,30,0,0,0,0,256.8296225081267,135.46190018379576,85.43493284321133,27.76411836561649,77,58
0,58,1,1,15,0,0,1,0,166.5386995563474,155.89748879029943,103.79497758059884,16.375682955335844,73,46
0,45,2,1,20,0,0,0,0,266.8181852768553,118.96969754614254,65.96967852343856,28.98030625839825,82,75
0,66,3,1,20,0,0,1,0,268.2809301516901,149.08986053520192,89.88762793932396,27.369987010331386,72,77
0,65,1,0,0,0,0,1,0,214.07489866636018,211.70040533455932,104.39945955392092,25.52946660358728,57,83
0,50,3,0,0,0,0,0,0,219.6571316465789,115.88577594381597,78.34286835342108,26.037135570276295,77,82
1,49,1,0,1,0,0,0,0,195.721473999537,137.82494700054016,96.3607369997685,27.84010631000849,75,86
0,60,2,0,0,0,0,0,0,306.7292346568172,154.17691335795698,90.45487244280287,26.127357617112693,77,63
1,49,1,1,28,0,0,0,0,212.7999038005355,134.4143475567986,87.64275407200233,26.718262901269846,75,54
1,49,1,0,0,0,0,1,0,208.6285087559257,167.981484924682,107.21829572105794,29.140774435815867,85,84
1,56,2,1,30,0,0,0,0,241.91709647674477,126.36096784108508,79.36096784108508,28.671070995503822,76,65
0,51,1,1,5,0,0,1,0,205.13939470644547,159.23232451074244,109.86060529355453,27.829189988778893,74,82
0,50,3,1,18,0,0,0,0,260.0,123.0,72.94707488097602,26.388426336744928,64,65
1,44,1,1,39,0,0,0,0,291.24650061340765,142.9860024536305,87.92249897765394,26.937524703519646,77,70
0,53,2,0,0,0,0,0,1,216.82553683437993,121.7314259877875,83.24105695708286,26.728811363940363,69,289
0,65,1,0,0,0,0,1,0,311.84288433815254,149.80360542269068,75.25692529477963,26.100625901004225,71,88
0,50,3,0,6,0,0,0,0,297.81604693718344,121.33491749066441,90.25943527674049,24.535854051613864,71,71
1,56,1,0,2,0,0,1,0,224.05091558732653,178.02199642697042,119.4780035730296,25.837804823577894,73,95
1,56,2,1,32,0,0,0,0,207.59408278056972,135.47041390284855,75.80236587940026,26.09145569648216,70,68
0,45,1,0,2,0,0,0,0,210.70264020585822,125.56716133807849,80.59471958828354,25.86948161725717,75,68
0,65,1,0,1,0,0,1,0,214.19958282463256,211.20166870146974,105.06444173137368,25.878166632889076,57,83
1,58,1,0,0,0,0,0,0,216.76887484502856,143.0,102.15364276858774,29.201467022466446,73,87
0,52,1,0,0,0,0,0,0,264.4940333935699,133.30708039994443,80.63245825803763,26.153023067100897,66,75
1,59,2,0,12,0,0,0,0,302.69788695339736,115.56948406213682,76.1510565233013,23.755135146359535,69,98
1,49,2,0,3,0,0,0,0,233.50742796237893,113.49257203762106,69.10828708464739,26.134870221953083,79,107
0,59,2,0,0,0,0,0,0,273.927960686556,123.54660114425997,78.58689599509012,26.726231286472768,75,99
0,51,1,0,0,0,0,0,0,197.01611790019155,126.80644716007662,78.22578864030649,27.10563574356205,63,78
0,58,1,0,0,0,0,1,0,322.9936972003282,187.26654484913846,109.51102989942564,26.772368581137027,71,83
1,51,1,1,20,0,0,0,0,243.0,129.90474789995233,86.32140231241063,29.829281197734627,84,73
0,52,4,0,0,0,0,1,0,262.73381510963003,178.30935710796382,108.7014453288901,27.16460028276591,68,75
1,45,1,1,18,0,0,0,0,223.12279445166044,115.6316166450187,80.75088221933582,23.106951364371984,63,75
0,50,2,0,0,0,0,1,0,232.39985313584626,147.40040387642279,93.20029372830747,26.495737113164815,78,87
0,66,1,0,0,0,0,1,0,276.2687493938178,188.61583389910336,88.57708353539407,39.310432909814054,88,83
1,51,1,1,24,0,0,0,0,270.12345608338217,120.68694860120792,74.00176447613465,22.41349251782574,70,86
0,47,1,1,21,0,0,0,0,304.0,108.39557617723787,70.89695862185104,22.488434882319037,88,73
0,59,1,0,7,0,0,1,0,213.32414084482775,165.05395691784997,107.27018392697777,24.470791383569996,92,73
1,67,2,0,0,0,0,0,0,248.4560590469327,120.92636457184038,81.14727085631924,23.663086164388798,66,78
0,61,2,0,3,0,0,0,0,180.55744622925403,133.60303955505327,82.69848022247336,20.26914268212461,77,76
1,51,1,1,23,0,0,0,0,242.23798312939718,128.66647047644506,83.4519325175887,29.87905042176507,85,72
1,52,1,1,21,0,0,0,1,254.86098488354355,131.7038664984475,79.763093198758,27.207283022360564,90,271
1,65,2,0,0,0,0,0,0,249.10364613122923,120.89635386877077,80.08684992649498,23.09276928772011,62,78
0,63,1,0,0,0,0,1,0,362.40730616962963,167.25587384902357,98.08094613232325,27.14368199813468,83,99
1,58,1,1,16,0,0,0,0,157.65249291757482,147.04985835149637,94.43988668119711,24.72331331495934,96,72
1,47,1,0,0,0,0,0,0,259.0,143.79915400750625,83.79915400750625,26.94606905978512,67,72
0,59,1,0,0,0,0,0,0,224.5838463549904,106.64442252377634,74.18788476624282,28.507700078446263,84,64
1,60,2,1,34,0,0,1,0,243.62967947173368,169.32276556335248,94.04755496491383,26.653055681715717,65,109
0,61,1,0,0,0,0,1,0,206.43242758697374,143.54053448371718,94.8648775841939,26.712436102867382,70,87
0,55,3,1,20,0,0,1,0,269.6512865880697,139.69394853647722,91.46974268238606,23.392534159028685,108,78
0,53,1,0,0,0,0,0,0,239.36822826574075,125.21059057808641,86.36822826574075,28.39778420569137,73,78
1,62,4,1,28,0,0,0,0,252.9946167061442,131.87836455865988,77.91890970577326,24.01313935475585,72,111
0,39,1,1,10,0,0,0,0,308.83188187160073,113.67247251359719,69.34494502719437,22.94712221979331,60,71
1,63,1,1,25,0,0,1,0,226.42485289579125,143.62524517368126,82.0,26.538315216199216,75,83
0,65,1,0,0,0,0,0,0,305.2208900829721,138.44178016594424,85.8067211773994,21.17128788700305,74,62
0,50,1,1,20,0,0,1,0,233.34569927598633,157.7695338160091,88.11523309199545,28.277284963799318,68,93
0,48,1,1,24,0,0,1,0,258.8230332571447,193.8776819220754,90.8230332571447,25.326675218908925,84,78
0,57,1,0,11,0,0,1,0,265.1383940135081,213.93080299324595,115.50765372200462,27.631329348524904,73,79
1,62,4,1,30,0,0,0,0,254.35857513306232,131.02589054183605,77.35059369455738,24.273428087892725,71,110
1,54,1,1,30,0,0,0,0,175.33801185739244,149.90447490986736,88.02939233542543,22.797448803846002,55,78
0,46,2,1,18,0,0,0,0,287.4903273546429,117.82624006007147,87.33204364728572,24.117295136065007,66,57
0,50,2,0,17,0,0,1,0,193.8010206302865,170.39795873942697,104.54227392555056,20.084489902537523,89,77
1,62,3,1,24,0,0,1,0,202.91293852937457,192.32152398521785,124.82587705874913,26.123584167034718,80,82
0,43,3,1,36,0,0,0,0,226.93342862121582,105.28907152399698,61.555714368693025,25.96531856371155,87,65
0,57,1,0,1,0,0,0,0,208.37818106279698,147.92727020932332,86.45091085347367,22.312110964263447,88,85
1,50,2,1,13,0,0,0,0,205.6305809415831,138.7070332955408,92.18470952920845,29.259150125904018,79,78
0,58,2,1,5,0,0,0,0,284.28762344982357,155.2197067903914,83.2689737663699,28.742011573149668,86,110
0,55,1,0,0,0,0,0,0,212.4104162945865,161.0820832589173,84.8358334821654,28.279905190287447,66,62
0,57,2,0,0,0,0,0,0,218.26618345502487,125.37301924576617,73.37301924576617,27.687962759623787,81,79
1,54,1,0,10,0,0,1,0,169.3871484120476,164.72041504648612,100.45160644849405,24.13095986716274,65,91
0,60,2,0,0,0,0,1,0,234.47587680606514,162.23151656709632,102.0,33.00922937968765,70,72
0,45,2,1,20,0,0,0,0,266.09256291249625,118.84876048541604,69.83966446668683,28.303058718329805,80,79
1,44,3,1,40,0,0,0,0,277.8522396628785,134.82761294002495,83.97537327714642,24.023215065423393,75,78
1,43,1,1,19,0,0,0,0,224.1494229134536,112.55173125963923,80.34023083461857,22.78048351352176,64,76
0,49,1,0,8,0,0,1,0,204.23876259302884,189.3561667761637,120.3894283837194,32.713006329415876,65,73
0,54,1,0,0,0,0,1,0,236.00877001074102,146.66081999283932,91.33040999641966,25.58326463597085,68,75
0,63,1,0,0,0,0,1,0,362.45311915448696,167.6118396439945,98.31744097901512,26.762403518624918,83,102
0,64,1,0,2,0,0,0,0,221.02654179699832,148.13270898499152,85.06635449249576,25.42468387120842,89,80
0,42,1,1,17,0,0,0,0,234.271365963539,112.64317018230494,66.35682981769506,23.21710374763641,64,76
0,56,1,0,1,0,0,1,0,432.6900804891569,152.2113365838207,83.91558780275346,25.76425734074685,98,76
0,53,1,1,7,0,0,0,0,279.87754342461665,132.87754342461665,86.31725693650304,33.685527520914896,63,73
0,49,1,1,12,0,0,0,1,173.1996009845035,176.46728735743898,99.3202926113641,31.193579011696457,84,321
0,49,2,0,0,0,0,0,0,221.9139059706105,114.57417179118315,75.89470343232846,24.5642793100391,75,81
0,54,2,0,7,0,0,0,0,210.31196172739786,134.18373209178506,83.7980861133548,27.306172252363453,107,82
0,61,2,0,0,0,0,1,0,207.91398446502384,145.3924805812798,90.9757907793124,25.590156767744435,72,87
1,43,3,1,22,0,0,1,0,275.6083234353685,161.58611629575935,98.43888794622558,26.497665705150084,97,78
0,61,3,0,0,0,0,1,0,315.9471111958699,197.32027336083553,114.35651274227392,25.674074548039876,70,83
0,48,1,1,20,0,0,0,0,229.32465257227437,119.83767371386281,68.59091439980264,26.304144574133243,75,70
0,65,1,0,0,0,0,1,0,231.96230912742254,174.97644320463908,94.05025449676995,29.84179031644743,94,67
0,62,2,1,28,0,0,1,0,227.43940762303532,150.6969736065815,94.12878299177311,28.576515131967092,66,100
1,48,4,0,0,0,0,1,0,292.25243375073103,149.0,99.75081125024367,30.372777857459816,87,75
0,54,1,0,2,0,0,0,0,211.6261973745656,151.9320561337967,107.34952105017376,28.91771664103497,75,84
1,44,2,1,40,0,0,0,0,278.1891860091868,135.0472965022967,84.09459300459339,23.84912062787087,75,78
0,45,2,0,1,0,0,0,0,211.72703538075447,101.18712389072138,60.39570796357379,24.521528320866178,63,73
0,63,1,0,0,0,0,1,0,286.1707800981875,219.6836605374718,131.86705100258266,23.271754648474836,73,100
0,61,2,0,0,0,0,1,0,246.89889052804799,186.4760119636909,90.8191904290473,25.64853254653697,90,114
0,63,1,0,0,0,0,0,0,223.52580790072716,148.47943783868163,79.71653388831805,18.06244866566946,65,72
1,50,2,1,36,0,0,0,0,231.38824947399758,147.42943657949576,88.95881289450182,26.084415486924364,75,82
0,61,1,0,1,0,0,0,0,216.07486231621422,146.90552495915873,82.26381239789679,27.112853438916613,92,75
1,56,1,0,0,0,0,0,0,177.86013897664725,122.99177288097925,79.0493627141245,26.39652840845213,74,78
0,64,1,0,0,0,0,0,0,169.0147897215693,147.9852102784307,78.67899143464108,30.610050813822195,69,77
1,55,1,1,17,0,0,0,0,298.00754045591685,165.59773786322495,110.20678641032518,24.761905532437144,84,75
0,62,3,0,19,0,0,1,0,268.7751927920422,180.04496144159154,101.51705657830284,24.437085347804793,72,83
0,64,1,0,2,0,0,0,0,221.50542592525804,147.62093055605646,85.75813888788706,25.955968517783845,88,80
0,51,1,0,0,0,0,0,0,200.62555201273048,135.46894320445566,89.09449521718614,24.489476018329675,95,75
0,48,1,0,0,0,0,0,0,225.46967934236648,111.85998509665988,73.32193884914132,23.61947829441624,70,75
0,39,1,0,8,0,0,0,0,239.29790396349625,118.02979039634963,78.59580792699253,23.789820122036115,84,74
1,59,1,1,20,0,0,0,0,259.7626524200477,127.50791158599841,72.52373475799523,25.056677133880665,65,75
0,47,2,1,20,0,0,0,0,299.2276014156187,106.18208113249496,70.09104056624749,22.454891532845828,74,70
0,51,3,1,9,0,0,0,0,297.8834694248927,122.76693884978542,89.52913264377682,24.449356650386267,75,69
0,59,1,0,3,0,0,0,0,247.0318349340729,114.62422008790281,71.06366986814578,23.130449519778136,67,75
0,58,1,1,20,0,0,0,0,248.9170519812574,139.44042114553466,78.03620969018807,28.289044617441803,86,79
0,48,1,1,20,0,0,0,0,232.2448241271308,118.3775879364346,67.90954103700281,27.75060288430546,75,68
0,42,2,1,22,0,0,0,0,270.1988716544749,139.10084625914385,88.60084625914384,26.86346967760319,82,79
0,49,1,1,20,0,0,0,0,264.86262803001426,139.37676742428368,88.87676742428367,29.116282287967064,71,76
0,44,1,1,40,0,0,0,0,258.7279181210264,121.01469374790862,76.71322437311777,28.4820505235695,76,63
0,47,1,1,12,0,0,0,0,233.24843610292183,112.50312779415636,70.0,26.62818587938931,74,64
0,66,1,0,0,0,0,1,0,270.29223898135103,194.19391028407236,90.569253672883,35.13484430163726,82,80
0,49,2,0,0,0,0,0,0,193.7736158849943,141.72526489218217,94.51649007187855,27.69272794932645,74,83
0,47,1,0,17,0,0,1,1,216.17546485574613,161.427034786714,85.63831379550564,33.6725697879519,85,252
0,47,2,1,13,0,0,0,0,207.63213197351538,119.63392229241272,80.54285044524023,22.70660542659281,85,72
0,56,2,0,0,0,0,1,0,305.10148380456326,148.20433228794656,90.02029676091264,27.38957868377966,71,72
0,56,1,0,1,0,0,1,0,233.31880094933084,168.15367867093684,92.52752037973234,25.966032710762903,93,76
0,53,2,0,0,0,0,1,0,180.71924994381976,134.94841177792478,87.62747797257131,26.487885171943365,88,80
0,53,1,0,0,0,0,1,0,219.78236350515132,183.15243953608606,110.43433309277745,23.088583273194363,78,75
0,59,1,0,0,0,0,1,0,203.0138791661645,146.28473291721906,92.4166549993974,26.32930324154715,67,84
0,58,2,0,0,0,0,0,0,249.97023534441487,120.24700042752646,80.33629439428182,27.43968848929513,79,74
1,60,1,0,0,0,0,0,0,206.9474813847957,143.0,96.54141793416898,27.23017304937685,70,87
1,54,1,0,0,0,0,0,0,211.6408340528732,137.48320523890357,96.22480785835536,30.545530174144982,71,68
1,62,1,1,41,0,0,1,0,251.1568497568944,171.47338564482698,84.36976459827865,24.674485206759194,65,131
1,50,1,1,20,0,0,1,0,231.83762760074558,157.7094069001864,89.45296549906803,28.647941788251163,69,94
0,56,1,0,0,0,0,1,0,324.17348856931017,155.0,88.51227942475835,27.16924443659051,67,73
0,51,2,1,21,0,0,0,0,203.97982552298134,137.4473048715173,91.69843433948535,29.56491743988285,72,78
1,52,1,1,20,0,0,0,0,245.49076500671237,128.0,71.5461749664382,26.18488081825762,75,73
1,45,1,0,8,0,0,0,0,232.8131135676162,141.4065567838081,100.74754572953516,27.717442130560727,75,78
0,59,3,0,0,0,0,0,0,230.06381557668857,164.6127631153377,77.77447376932457,29.136095055469397,68,57
0,59,1,0,3,0,0,0,0,279.20770196508056,128.58459606983888,80.96149017459722,31.574485562204572,58,76
0,46,1,0,8,0,0,0,0,182.30645602851888,125.23385992870283,86.23385992870283,23.697251396936505,62,80
0,65,1,0,0,0,0,1,0,271.73604271988285,145.29480866450723,100.8824681107512,29.832120439251895,86,77
0,54,1,0,7,0,0,0,1,267.432457259707,134.51532193592186,80.0,27.652054401635898,90,231
0,65,1,0,0,0,0,1,1,253.504484477665,228.35493620940295,99.14257241411651,25.927317965318345,69,317
0,66,1,0,0,0,0,1,0,216.27518599614194,212.50559688803153,101.47201555984228,25.456511159768517,62,84
0,64,1,0,0,0,0,1,0,230.30552519979364,158.69447480020636,87.42773527971107,22.91,70,65
0,64,1,0,17,0,0,1,0,246.0,180.0601479495304,97.59022192429559,19.39724798927464,94,76
0,56,1,0,0,0,0,0,0,234.34992130269958,125.66874016283745,84.0,26.38410552241815,66,80
0,56,1,0,0,0,0,1,1,278.9035941274068,170.2562752782485,93.45892753966332,30.124967121711947,87,207
0,53,2,0,0,0,0,1,0,236.58578555559674,174.01256236114713,98.5920667361703,25.115520569435695,90,74
1,57,2,1,20,0,0,0,0,209.63645488600537,137.82470139600153,89.18824650999618,23.42634346601119,66,74
0,54,1,1,20,0,0,1,0,258.3943036996417,216.47001573718646,112.10094938339306,29.602523734584828,63,77
1,52,1,1,48,0,0,0,0,252.2526460306213,160.0423364899406,88.72618572440842,25.05693060447931,68,119
1,51,2,1,24,0,0,0,0,225.0,145.24394257826768,92.26343604174276,30.189027155391774,79,102
0,56,2,0,0,0,0,0,0,226.65612997429233,141.19565956100303,83.76679922483669,23.45339893280607,80,143
0,57,1,0,0,0,0,0,0,180.7315621077479,125.4832382797708,79.99329531190833,25.480933648961134,77,78
1,55,1,0,24,0,0,0,1,208.59746685524766,122.20337752633644,77.59887415788785,23.379197837495095,82,311
0,62,1,0,0,0,0,0,0,252.21405785165217,156.09864152815217,93.16054338873913,28.708865909204345,88,96
0,48,2,1,32,0,0,1,0,316.8948937412609,158.1295908633679,97.18826514389465,27.45878782649167,85,78
0,58,2,0,0,0,0,1,0,271.8397213014942,209.0717770411954,119.07177704119538,25.397749117229434,90,79
0,49,1,0,0,1,0,1,0,279.65370111601976,141.28638617182074,98.73462988839802,34.87395279562852,86,79
0,51,3,0,0,0,0,1,0,263.8803623203824,165.84795030791585,105.21186853189293,30.08591035109904,64,73
0,50,3,1,18,0,0,0,0,260.0,123.0,73.59604251943686,26.08584517531256,64,65
0,35,2,1,25,0,0,0,0,170.05764370711827,91.87754937898158,57.204618257626734,17.979860116393,77,64
0,46,1,0,0,0,0,0,0,212.6595929596214,126.90728822870665,80.0,26.55449295919876,72,70
0,57,3,0,0,0,0,1,0,326.8670647508003,180.79401177287278,111.65029856310021,27.33117393002866,85,95
1,51,1,1,24,0,0,0,0,270.9446657321711,120.97233286608555,73.27667133914453,21.888180644801945,70,85
1,58,1,1,16,0,0,1,0,218.48947402736445,158.12046753123158,93.08508766210592,27.199327597858353,70,68
0,47,1,0,0,0,0,0,0,234.0,142.4528651876086,95.6980898749276,27.974510102443528,74,78
0,53,1,0,0,0,0,0,0,238.92906322734186,126.07093677265813,85.50068851827861,28.62934571373571,77,76
1,48,1,1,20,0,0,0,0,243.94973941400903,128.4100521171982,73.5105732891801,27.381376026088834,73,69
0,53,4,0,0,0,0,1,0,310.0,146.00965281724518,90.9935647885032,29.317954240076062,74,72
1,50,1,1,30,0,0,0,0,246.95264657471463,131.63509771647642,86.18013028863523,28.57961929987221,73,73
0,60,1,0,14,0,0,1,0,142.8269054210119,150.72737175747315,97.91741839111928,24.465690505687338,84,67
0,65,2,0,0,0,0,0,0,294.4661221351155,97.72965605290052,61.88559760038189,23.1,62,81
1,49,1,1,33,0,0,0,0,263.9583027532701,134.27596903901653,91.0,36.55344586796598,90,90
0,56,1,0,0,0,0,1,0,207.51292216477478,170.8966226818019,86.15506597729718,22.80910422614411,71,75
0,63,1,0,0,0,0,1,0,368.7449159845347,168.40816654264268,89.4387509301799,26.39469174728226,77,86
0,65,1,0,0,0,0,1,0,223.129655826547,157.1572371274444,90.0648279132735,27.424662899714708,84,92
1,50,2,1,27,0,0,0,0,294.75161003169217,105.57014765053782,70.25483009507651,23.87935598732313,68,67
0,61,1,0,0,0,0,0,0,214.62690348589436,146.58375633019875,81.45939082549687,27.616421343238958,93,74
0,56,2,0,2,0,0,0,0,249.67439965181399,117.73239704041885,78.7091980849769,25.945718241660607,77,73
1,48,2,1,18,0,0,0,0,228.81446667777183,138.24748668776647,85.44340003331546,23.624527997334763,65,79
1,45,1,1,20,0,0,0,0,263.8181899982568,118.70453625196109,80.63637999651363,26.402724900505525,74,89
1,56,3,0,0,0,0,0,0,205.75920532738394,137.00389622643638,83.29320088789733,25.00388079910759,57,77
1,55,1,0,0,0,0,0,0,200.0,127.34006507561513,84.64983731096217,28.673094359641944,71,78
1,42,1,1,20,0,0,0,0,229.2149716734043,106.72168869846331,75.78502832659568,22.2149519828617,66,79
1,55,1,1,17,0,0,1,0,152.33881854662218,150.37684386983818,95.01816032102752,22.46448893982205,89,68
0,49,1,1,27,0,0,0,0,292.868388241719,119.32902939570243,78.38425646159337,22.528201601747575,78,75
1,40,2,1,27,0,0,1,0,286.1521146925214,156.06317801820308,99.4430585421449,27.521919712987792,105,72
0,56,2,0,0,0,0,0,0,220.0,125.83841897898766,74.4264909976653,27.91187246767276,80,81
0,62,2,0,0,0,0,1,0,310.9973690789083,207.15112575200249,118.85939793236432,25.708734385842504,69,85
0,53,1,0,0,0,0,0,0,233.9927965873581,113.02161023792567,68.04682218217228,24.818728872868913,75,107
0,65,1,0,3,0,0,1,0,216.73611843883654,185.39800370121364,98.00998149393179,35.179356144084075,72,98
1,60,1,0,2,0,0,1,0,244.72386150700396,145.69398894357994,90.23132964785998,27.93782875759147,64,67
0,60,1,0,0,0,0,0,0,277.36809176687143,147.29590117413846,74.03208470788131,21.228912330174698,80,82
0,51,1,0,0,0,0,0,0,234.53431745823772,135.78671431379078,86.25977779233595,29.092841270881138,67,82
1,53,1,1,35,0,0,0,0,295.5467620955645,109.34711995393137,72.6402862866935,23.5612951617742,75,69
0,57,1,0,0,0,0,1,1,285.80952211109155,144.23469278570172,73.13775601191523,26.394149836986166,88,206
0,49,1,0,1,0,0,0,0,184.189139100023,121.75655640009194,82.56741730006895,22.707963139190543,59,76
0,53,2,0,0,1,0,1,1,307.42890429482475,205.53420490802063,94.56187300588661,22.13028379748588,75,218
0,61,1,1,20,0,0,1,0,237.17374791412436,155.21750139058378,89.39124930470811,28.468687395706215,70,91
0,59,1,0,13,0,0,1,0,349.2753951147953,191.66156096027558,104.22154146137008,34.43337638536763,78,87
0,57,2,0,0,0,0,0,0,218.0015872871806,125.20103173666739,73.20103173666739,27.594560312374753,81,79
1,57,1,0,0,0,0,0,0,200.0,127.27817457348104,82.61132477033594,29.708290296260902,68,79
1,55,2,0,0,0,0,0,0,206.5269734776191,141.6473026522381,86.54771918806352,27.779461746660022,58,77
0,53,1,0,0,0,0,0,0,199.56060978330225,135.12878920832222,89.64394604161116,27.675306471137933,85,70
0,66,1,1,22,0,0,1,0,236.04905970903437,152.3137484051625,88.3137484051625,28.267013785396983,71,88
1,55,1,1,9,0,0,0,0,172.7822810291273,133.1129124116509,86.27012225048362,22.59076502345438,74,67
0,50,3,0,0,0,0,0,0,298.4214274303883,132.57857256961168,87.28246701381286,28.043974889015388,69,72
0,66,1,0,0,0,0,1,0,248.32986810908997,210.8766486363755,102.19612107273534,23.116167568181226,90,100
0,65,2,0,0,0,0,1,0,181.8547103611726,152.01702747179183,88.0,25.027491228553686,83,79
1,50,4,1,41,0,0,0,0,222.70702771398808,105.87825776211972,62.927086476455045,24.60255046462565,83,67
1,53,1,0,0,0,0,0,0,206.13464444316193,136.63609914510184,94.95414871765276,30.19398114521726,78,67
1,62,4,1,36,0,0,0,0,206.0068879282303,147.8747130029904,95.74942600598081,30.39898977052622,73,93
0,52,1,0,4,0,0,0,0,260.0,124.99110658216048,77.72444962038801,24.26053069360211,60,67
0,55,1,0,1,0,0,0,0,272.2996106877778,133.3735400791666,79.91245133597222,27.620564169965274,89,205
1,51,1,1,18,0,0,0,0,219.2828011306705,125.0,74.1108124373755,22.012951290251156,72,74
0,50,2,0,0,1,0,1,0,281.1858228553149,142.89511399808063,98.58141771446851,32.12226215185446,87,78
0,56,4,0,0,0,0,1,0,317.07483574523746,141.04761497833377,84.27890604202439,25.302717803940823,78,79
1,56,1,1,23,0,0,0,0,293.02368301010625,169.98308356420984,111.1694860726317,24.464005147435678,82,79
1,40,1,1,20,0,0,0,0,237.00580959503534,120.70331929630792,81.70912889134328,23.49357681451563,80,102
1,59,3,1,30,0,0,0,0,242.91700166563385,126.02074958359154,78.97925041640846,28.625608884025326,80,65
0,51,1,1,15,0,0,1,0,266.6210112826867,211.55642051236663,116.35486359010669,29.041125839269643,64,71
0,65,1,0,0,0,0,1,0,233.15397114600898,156.20812273893958,86.41624547787919,28.85477076234376,89,91
0,57,2,0,0,0,0,0,0,260.34661650152134,125.6334587461967,76.17330825076066,24.419037676835657,56,74
0,57,2,0,0,0,0,0,0,218.07690103966374,125.24998567578142,73.24998567578142,27.621146067001295,81,79
0,59,2,0,0,0,0,0,0,185.74780004226267,130.04345458387516,81.81738183355006,23.8666170773082,83,78
1,66,1,0,0,0,0,0,0,272.28230443833047,122.66268851138554,72.38635130597676,21.63476944873847,68,100
1,55,1,1,44,0,0,0,0,238.80819349388173,151.80260702078056,93.39851027383969,26.147504666051695,68,100
0,62,2,0,2,0,0,0,0,184.55697278418842,127.07596371225121,81.02532123741707,21.650002833169616,82,84
0,48,1,1,16,0,0,0,0,200.25619875015298,121.64958674998981,75.50413250010197,22.06014880251601,83,66
1,50,1,1,19,0,0,1,0,239.9577589474784,168.78362095702778,103.91551789495682,30.033465399003266,81,68
0,45,1,1,16,0,0,0,0,234.0,101.30114878850578,69.98068927310347,20.83350765371956,71,80
0,57,2,0,0,0,0,0,0,207.532570122753,144.41714367327938,90.0,28.528353750328723,62,79
0,46,1,0,12,0,0,0,1,222.63095960480942,146.32624418219496,91.93567502742391,30.858826791427994,75,290
0,49,1,0,0,0,0,1,0,210.74187141479942,169.0133821302328,108.55640356109956,34.330416116736224,82,77
1,56,1,1,20,0,0,0,0,265.04065792909313,150.9701533427164,87.73442988182192,25.810648676308574,92,97
0,51,1,0,0,0,0,0,0,200.6435520954349,135.4752432334022,89.11879532883712,24.492770033464588,95,75
0,56,1,0,2,0,0,1,0,228.9172122678026,169.38344245356052,95.4938260964904,25.837211405959813,95,73
1,59,2,0,5,0,0,0,1,321.5246343171781,110.70481008685506,70.25474359906927,20.04863675928644,82,358
1,63,2,0,2,0,0,0,0,241.840891473974,119.72391616357095,80.71548952044637,24.30990575663534,68,151
0,61,2,0,0,1,0,1,0,287.35245113778757,246.7473471926809,128.12102078902134,31.622775599997198,89,90
1,44,1,1,21,0,0,0,0,179.24767107743952,133.85884990572987,91.3981368619516,26.50892260107604,63,83
1,63,1,1,29,0,0,1,0,254.1568662931325,176.6651542771548,105.91101028514365,24.979005441917323,99,76
0,52,2,0,0,0,0,0,0,370.78056910298955,123.04151963313774,83.03321570651019,24.625551167668068,63,73
1,53,2,0,1,0,0,1,0,220.4100289892766,180.02448405589786,117.47551594410214,27.21041907104271,77,93
0,62,2,0,0,0,0,1,0,305.6969148793419,176.8029946715722,95.87876595173675,32.313297756692876,89,126
1,59,1,0,0,0,0,0,0,251.87799284417196,146.67103935705424,92.12200715582804,28.002617191607186,67,79
0,48,1,1,24,0,0,0,0,308.3668036413177,103.98491074605349,69.77510273098827,27.296192117188777,100,66
0,58,1,0,0,0,0,1,0,283.84580656404404,195.3511522343486,74.63815642504221,26.23117852702952,71,78
0,53,1,1,18,0,0,1,0,238.04004254452016,164.64014890582058,100.08008508904034,28.587279451891416,79,67
1,56,2,1,40,0,0,1,0,238.6328000842962,162.13647499736575,94.54834993150934,33.53771148962103,86,76
0,47,3,1,10,0,0,0,0,230.7071263480215,97.67071263480214,70.63429892158281,18.92512919877518,79,78
0,58,1,1,17,0,0,0,0,232.16587554807,133.75610598002692,69.59023043195691,22.147700009336628,62,85
1,53,2,1,20,0,0,1,0,266.2603019587356,164.47504443283523,104.65293072168582,27.72590230312567,88,79
0,54,3,0,4,0,0,0,0,228.10606582115153,121.29545923903639,78.40530329105758,25.00355979772151,76,86
0,59,1,0,0,0,0,1,0,211.96481413173137,145.95476102651176,80.07539828914705,28.513713969544238,95,72
0,66,1,0,0,0,0,0,0,248.8197107688655,127.27884307546196,68.06009641037816,25.667571507403736,69,86
1,62,2,1,12,0,0,0,0,269.9524297584813,130.6666821958804,73.64285048747982,29.665735449814164,71,106
0,58,2,0,0,0,0,1,0,178.47516464843363,146.0652305078071,89.58617590820486,27.028240535353547,86,81
0,51,1,0,0,0,0,1,0,302.1808781420166,128.81912185798342,90.18087814201658,27.213479690336097,62,75
0,61,2,1,38,0,0,0,0,182.18946501820145,115.55701874747203,69.88596250505596,21.951544398867465,94,76
1,58,1,0,0,0,0,0,0,202.94266736637115,129.76560041982268,83.29426673663711,28.455875720817914,65,79
0,51,2,0,0,0,0,0,0,359.3775631270154,132.7372338002359,86.54081229099488,28.818158503373958,73,85
0,62,1,1,20,0,0,1,0,228.9939405251645,140.94153291028445,81.47379619255997,26.126488739606238,82,81
1,59,3,1,42,0,0,0,0,258.27364939492213,133.6501240305899,78.45270121015574,25.35,66,105
1,48,1,1,30,0,0,0,0,333.53760882308745,129.15043529234984,74.0,28.42696749962434,84,70
0,63,1,0,0,0,0,1,0,380.10224369308787,166.83940168184324,85.0,26.026204487386178,78,78
0,40,1,0,3,0,0,0,0,194.74404024722554,121.25379256994738,74.24512383863909,21.91152399335435,62,87
0,64,1,0,0,0,0,0,0,303.58560284236097,141.53599289409757,86.84863829458342,22.058218150919576,73,64
0,50,3,0,0,0,0,1,0,290.9858549861924,149.43160250295878,100.28773500197251,31.440236348836216,88,76
1,48,1,1,20,0,0,0,0,337.21615644188364,135.18100337444872,78.50261901863709,25.861136073467055,80,82
0,60,1,0,10,0,0,1,0,275.42535554549283,209.3936611136268,119.51492889090143,28.384229986415313,90,83
0,55,1,0,5,0,0,1,0,162.34434885662122,167.18028939705724,100.11478295220707,26.00389518499838,67,86
0,61,2,0,0,0,0,0,0,261.18399989362644,138.60914291792776,80.8965714057771,31.332817208124926,86,60
1,59,2,1,20,0,0,0,0,211.57177128578326,138.3929428214458,86.96471410722907,20.186625358467282,65,71
0,57,2,0,0,0,0,0,0,223.19883906981204,163.2397678139624,80.5204643720752,28.803143694885883,67,59
0,55,2,0,0,0,0,0,0,223.7840333090361,119.5674071584768,72.37827143898454,25.427552239587783,72,97
0,45,1,1,40,0,0,0,0,252.76088322228514,118.41845436100101,74.7771295275733,26.46244322804439,75,65
0,49,1,0,5,0,0,0,0,231.03796991929096,111.57531955246088,70.99050752017726,25.953933454875724,72,74
0,55,1,0,12,0,0,1,0,220.63135537735738,155.82118677358557,91.47351653301804,28.33768219839622,66,67
0,64,1,0,0,0,0,1,0,270.0,167.21881688387217,97.46748394787068,22.812009726106425,62,97
0,51,2,1,46,0,0,0,0,247.3197375696674,154.95994168214833,91.69337221190112,25.90989806111016,69,112
1,47,3,0,0,0,0,1,0,268.5425477132621,156.38653943130106,108.48581742891263,27.178231040764295,80,81
0,41,1,1,28,0,0,0,0,201.18153525132226,106.10462363945705,75.53230585789844,20.11473918613012,71,62
0,52,1,1,20,0,0,0,0,199.68215316156164,137.58923419219184,89.27138735375345,31.793248862365086,76,68
0,46,3,1,10,0,0,0,0,229.25050165876962,97.52505016587696,71.7995986729843,18.980480936966753,79,78
1,47,3,1,41,0,0,0,0,228.91925241310258,126.06854472903937,83.24600798056684,20.616453463508208,70,73
0,62,1,0,0,0,0,0,0,292.6611686919746,137.87931200845844,66.66116869197458,23.187660686239024,63,147
0,46,2,1,20,0,0,0,0,299.21909596128216,110.73552369826427,74.20657109479284,21.799404622830348,83,80
1,54,2,1,41,0,0,0,0,220.7475546669271,105.8344201480324,68.75407555512149,26.16836050370081,84,66
0,59,2,0,0,0,0,0,0,216.0987976531166,123.9642184745258,71.9642184745258,26.92287557155016,81,78
0,49,3,1,7,0,0,0,0,226.51407846572332,99.45322406264597,68.09355187470806,20.478001604088472,75,76
1,49,2,1,20,0,0,1,0,193.58823945724555,172.04524918901888,105.54299026822666,20.149324446957557,89,77
1,61,3,1,23,0,0,1,0,206.0507219155282,194.1343153118901,123.91045645873993,27.82085257313766,77,80
0,59,2,0,0,0,0,1,0,272.0929144720899,162.48850263349212,98.41858289441798,24.552407800428238,61,90
0,46,1,1,38,0,0,0,0,251.7297611694651,118.89975250496222,74.47633956145059,26.789427793213903,76,64
1,50,2,0,0,0,0,1,0,275.63490302985144,159.888864241792,98.87301939402971,27.866527442924628,61,85
0,52,1,1,20,0,0,1,0,206.95371395860568,165.5694290620915,97.84499713779961,23.350343707625257,67,72
0,50,1,1,20,0,0,0,0,325.09906972717613,115.45356604582486,81.49844954529354,21.432632585520235,100,67
0,54,2,0,0,0,0,1,0,305.87599964288347,136.01171329088967,90.5891429081595,29.297462615323955,62,75
0,52,2,1,17,0,0,0,0,302.80289904500523,115.79565143249214,76.31826057299685,25.108022646674254,75,101
0,64,1,0,0,0,0,1,0,192.96786518539935,175.54127341573303,97.0,32.61372472851463,67,88
0,44,2,1,38,0,0,0,0,277.4208617226343,135.28956913868285,84.33093615849468,24.075432436701664,75,78
0,50,1,0,0,0,0,1,0,234.0,144.26968885961847,90.50787554384739,28.275685713885817,70,83
0,47,1,1,12,0,0,0,0,219.67992996146327,112.09011089434983,75.33996498073164,23.85408988278881,64,85
1,44,2,1,40,0,0,0,0,279.184846482592,135.296211620648,84.59242324129599,24.160264525809996,75,78
0,49,1,1,20,0,0,0,0,323.7566110390411,123.76481386366439,77.69735558438356,23.246628240950006,91,62
0,62,2,0,2,0,0,1,0,247.83075160747578,182.04608922741116,93.06157958255653,24.966237319221506,87,113
1,42,2,1,30,0,0,0,0,240.8295116262519,133.45391602076378,96.6244043945119,28.89944609827213,84,73
1,55,2,0,6,0,0,0,0,327.8835095980821,138.3776176633093,81.2925392211031,23.886505287942462,80,83
0,54,2,0,0,0,0,0,0,203.5839267557162,135.3211742475502,93.7737247491834,28.904973113800803,82,69
0,59,2,0,3,0,0,1,0,327.08604073601254,182.0521510184003,105.68709388959812,28.017820963890454,80,76
0,59,1,0,4,0,0,1,0,237.64949975746424,166.03099886816642,96.05674923197006,25.353705099439665,85,82
1,47,1,1,33,0,0,0,0,242.7026531451047,126.39941041219895,82.10206355730367,28.3334929544911,71,71
0,50,2,1,9,0,0,0,0,234.13653426965854,99.5018769662439,68.27306853931708,20.146227898833175,78,77
0,66,1,0,0,0,0,1,0,266.34593092314134,197.8771311384014,91.88468969228622,32.37769040496809,78,79
0,52,1,1,20,0,0,0,0,243.25378231447155,131.26891157235772,84.78696937731708,29.97166421836748,85,76
0,53,2,0,0,0,0,0,0,203.47355391103164,135.36847689527215,93.78949229842405,28.976400111860958,82,69
1,60,1,0,0,0,0,0,0,209.5257484305724,143.0,98.01471338889851,27.747668077850605,71,87
0,61,2,0,0,0,0,1,0,316.4900454245994,143.82618754117584,78.20941758556194,24.501163984534646,76,85
0,61,1,0,0,0,0,1,0,172.9549299316472,147.231220804853,88.7537558390294,30.639504482621383,72,80
1,55,1,0,4,0,0,0,0,292.77497290885805,117.90355981808203,75.03214672730599,27.75764875380747,80,156
0,53,1,1,19,0,0,1,0,265.61865818771213,163.44489878100254,104.8728860625707,27.888416629615563,90,79
0,60,1,0,0,0,0,1,0,212.0512892303074,151.74359384588993,86.0897461536812,22.18449050747821,88,89
0,62,2,1,27,0,0,1,0,228.36099036682594,150.96028296195027,93.79964629756216,28.575198585190247,66,99
0,49,1,0,0,0,0,0,0,189.5772368028864,143.5670723978352,89.01016440505123,37.46518004392526,62,86
0,67,1,0,0,0,0,0,0,257.3057920909182,137.72728550001668,74.92561054544242,25.955212881826366,83,74
0,56,2,0,0,0,0,1,0,239.13625005975408,177.24112488646725,98.10900004780326,29.356887463550017,81,105
1,62,4,1,30,0,0,0,0,254.28303782265743,131.0731013608391,77.38206757389274,24.259013051157126,71,110
0,56,4,0,0,0,0,1,0,310.0,147.1726101909594,90.21825987269374,31.481054955184497,68,72
0,51,1,0,0,0,0,0,0,278.9788635315593,135.0369888197713,86.1373870448648,27.15337111586105,99,72
0,59,1,0,4,0,0,1,0,121.93535565267734,140.12781622063898,84.38344866191692,20.563242515556027,74,63
0,57,1,0,0,0,0,0,0,194.0,196.25969617013376,105.6211473064399,27.715571460410665,61,71
0,56,2,0,2,0,0,1,0,274.48989967350906,188.2247491837727,121.93371237756591,31.32473444344587,79,64
0,58,1,1,19,0,0,1,0,157.12482076839302,168.56840993113616,98.61353860094165,27.558846879305648,72,74
0,58,3,0,7,0,0,1,0,252.54820504630385,160.94971782177097,95.65633328009751,30.496472801020317,61,69
1,62,2,1,20,0,0,1,0,269.7643986103945,180.0,101.6497388188353,24.543832574883908,72,83
0,64,1,0,0,0,0,0,0,290.64649435550456,142.16707344954128,94.06295763073393,30.684166301077976,91,76
1,56,2,0,0,0,0,0,0,213.41214122828006,140.3817881575799,91.44249429898025,30.7679392938586,61,75
0,62,3,0,0,0,0,0,0,273.0,122.84169609989439,75.16219095110895,23.06777391551223,75,86
0,44,2,0,8,0,0,0,0,234.0,147.2151776119695,96.0,30.447785302590553,77,78
0,62,1,0,0,0,0,1,0,282.7391673430852,210.0,126.64034137028537,24.941778018619438,80,87
0,43,1,1,38,0,0,0,0,162.52503852885934,151.04612533968992,89.0284655474197,21.293326337340424,73,94
1,52,1,1,18,0,0,0,0,243.84968238373853,129.15786333183308,69.99245428442836,26.67679114401447,79,70
0,58,3,0,0,0,0,1,0,326.924996029985,181.35833465667167,110.17082473163413,27.250667407736138,83,87
0,60,1,0,0,0,0,1,0,300.87107555263424,150.10801600131458,89.17421511052684,25.739719465527354,68,72
0,49,1,1,15,0,0,0,0,168.86862365571798,125.21174193430792,84.77743010644893,26.280632795468637,88,58
0,53,1,0,0,0,0,0,0,196.8267238423967,134.13935334483884,83.96607718723553,23.794290463158593,91,77
0,63,3,0,0,0,0,1,0,212.093983010397,147.5812033979206,86.2677937704789,24.818277442013244,76,87
1,65,2,0,0,0,0,0,0,175.64708656336632,150.57647243755775,83.3411968131353,29.230806016328067,80,79
0,62,1,0,0,0,0,1,0,317.3807197304869,152.85695250676198,81.35717458220634,30.95755221348532,64,77
1,57,3,0,0,0,0,0,0,207.37806777290618,135.85720199419146,83.56301129548436,25.24671016593593,57,77
0,44,1,0,0,0,0,0,0,197.20605923553026,123.24242595558718,76.65454442664769,26.720877967273736,60,78
0,46,1,0,0,0,0,0,0,183.9362986163175,129.4403442096656,90.51061689728041,25.798291460977598,105,74
0,65,1,0,0,0,0,0,0,275.05026891347717,132.47486554326142,85.03351260898476,34.34357882159747,69,77
0,57,1,0,0,0,0,1,0,219.67919915120117,172.79321400518072,109.67919915120117,27.94624948122498,86,80
0,59,1,0,0,0,0,0,0,278.46989562295704,146.10934317527705,75.04913442119111,21.61708630408794,80,83
0,62,1,0,0,0,0,1,0,176.98317835981703,146.38990701589023,83.59327134392682,23.539777768314078,62,74
0,64,1,0,0,0,0,1,0,232.25156422032128,173.55350573315258,93.87421788983936,29.502275034218666,96,67
0,51,1,0,10,0,0,1,0,391.28070597394617,176.97886901414137,101.72049465761057,26.635566094216653,93,98
1,48,1,1,22,0,0,1,0,233.24977216244653,156.5013670253209,87.75022783755348,27.887839477954685,70,90
0,48,2,1,18,0,0,0,0,202.9249609257166,136.67291992285695,88.52284177429013,27.868273419432107,70,75
0,62,1,0,0,0,0,0,0,246.0,119.04608774357135,69.38076096794642,24.273866519802656,61,78
0,49,1,0,0,0,0,0,0,223.33945108345938,115.00183532503782,74.32660380819469,23.30124634005499,72,79
1,51,2,1,20,0,0,0,0,260.0,123.32354174020597,72.03594908224511,26.702740248852322,65,65
1,55,1,1,28,0,0,0,0,196.68972465497927,114.81867021633812,73.68972465497927,21.104466082804976,88,78
0,62,1,0,4,0,0,0,0,245.79186036692064,165.42420072255157,99.98415708721427,26.896200553655085,78,103
1,39,3,1,16,0,0,0,0,232.9565701817381,117.86971054521428,75.25013927249702,30.43522829089107,87,99
1,49,2,1,17,0,0,0,0,227.5615017344354,135.86685329542726,81.6845052033062,23.925239583735504,65,78
0,64,1,0,0,0,0,0,0,305.81142318615423,161.0,92.37749293182743,23.03393704040952,78,58
1,44,1,1,20,0,0,0,0,264.0,118.85232303510772,81.04404037938846,26.24474349326157,75,89
0,60,1,1,36,0,0,1,0,228.46667576867353,149.3066648462653,95.0,27.262663207904055,66,95
0,61,3,0,12,0,0,1,0,242.37177435811356,141.1558717958133,81.75882051308952,23.049447076921464,80,119
0,40,2,1,20,0,0,0,0,273.7777611509559,140.2361007193474,89.62036067139091,26.321024019225437,80,74
0,46,3,1,9,0,0,0,0,300.1424108278625,117.0881180794481,82.98976629130968,22.848976629130966,70,70
0,50,1,1,24,0,0,0,0,326.76073276500836,117.38880925686146,70.47853446998334,18.77960494996596,90,75
0,53,2,0,0,1,0,1,1,308.8478511312986,205.71928493016938,93.54393288406835,21.88381890132443,75,216
1,51,1,1,30,0,0,0,0,240.31965205529207,126.84017397235397,79.52052191706191,29.188831178609586,74,67
0,58,3,0,0,0,0,0,0,257.67464238333923,134.93276298333552,82.12364656666729,26.937406744169298,95,97
0,56,2,0,0,0,0,0,0,272.69778107677405,121.79852071784939,83.19408287139751,26.338038492932995,73,97
1,59,1,1,10,0,0,1,0,217.49060119408097,167.15095421356338,109.11321566017253,24.868302481745985,95,72
0,53,1,0,0,0,0,0,0,193.88526771145965,136.89415605605868,85.77942376751834,34.88311092060966,63,83
0,40,1,0,0,0,0,0,0,201.00022729713754,118.49971587857809,79.50017047285314,28.992636094161096,61,79
1,59,4,0,0,0,0,0,0,274.06332204752897,118.74671180988413,75.89247460694017,25.606931567815085,73,81
0,49,2,1,6,0,0,0,0,260.9244341305172,119.302263477931,81.38665119577587,22.98906790433793,63,61
0,54,1,0,5,0,0,1,0,433.94669660546447,150.77520387946916,81.94090533427008,25.098250799103816,98,79
1,52,1,1,40,0,0,1,0,227.8678249834555,164.34412808984297,102.04739378722509,33.04776766164603,88,67
0,61,2,0,0,0,0,1,0,290.79986635189897,237.05579685488644,127.11994654075959,33.64681590237075,93,78
0,59,2,0,3,0,0,1,0,241.7816400362854,172.21488393105776,100.22531202902832,27.74319957786591,78,105
1,65,1,1,29,0,0,0,1,234.69972446453014,115.01021575538655,63.010215755386554,28.5879292953757,75,217
1,52,2,0,18,0,0,1,0,266.37100422257436,162.02611391574226,105.27825316693078,27.859135441494992,90,79
0,42,2,0,0,0,0,0,0,207.6568230623462,100.46885112864933,60.156283709549776,25.053050164799494,61,72
1,42,3,1,40,0,0,0,0,264.9807980918425,117.08124147619941,81.44017735374277,27.34827217068511,72,71
1,40,2,1,25,0,0,0,0,246.2624097061806,133.25913808822384,94.85051897046205,28.88219314117372,83,68
0,60,1,0,1,0,0,1,0,275.02919663563904,149.68091813069825,72.60896710296448,19.634921805604083,79,77
0,57,1,0,18,0,0,1,0,158.29749731386553,169.52135472627802,97.04270945255602,28.27594966456285,71,77
1,59,2,0,12,0,0,0,1,301.20504764585013,110.28352008990548,69.51809962669805,18.780712116564114,83,372
0,50,3,0,0,0,0,0,0,220.0,114.39156743032053,77.89036111951025,26.323903804628312,79,82
0,55,1,1,20,0,0,0,0,250.42594219931433,136.1142273654096,78.5895414318477,26.677434989804944,82,70
1,54,2,0,0,0,0,0,1,227.77420638277846,134.4091089939151,89.70455449695756,26.74603526738405,73,285
0,64,1,0,0,0,0,0,0,224.34599396247214,145.4905045281459,90.0189909437082,29.080593358719348,81,82
0,51,3,1,19,0,0,0,0,259.447641251405,122.44764125140499,72.15064329507136,26.614580088047944,65,65
1,54,1,1,20,0,0,0,0,200.3538683119103,124.67693415595515,73.60616049357309,20.996028642056615,80,64
0,58,1,0,0,0,0,0,0,220.861149706645,142.20383235548329,77.24076647109666,19.793698906899145,60,73
0,53,1,0,0,0,0,0,0,196.58293379954327,131.1255993006851,83.55781393940623,24.49523870490129,86,77
0,60,2,0,0,0,0,1,0,314.5712963464029,200.71445466848522,116.57150202977618,25.14712654938969,65,87
0,55,2,1,15,0,0,1,0,223.18786336318533,154.90862589513958,92.63706115729062,27.852924869559374,67,67
0,62,1,0,0,0,0,1,0,316.5369158771319,152.16656753583516,81.47223874402748,30.71515037924879,64,77
0,56,3,0,0,0,0,1,0,327.354213959265,180.91389519456865,111.6174257443288,27.00350340506708,84,93
1,52,2,1,20,0,0,1,0,264.90481931822217,166.7236143180446,103.90481931822218,27.57126266819909,90,76
1,42,1,1,20,0,0,0,0,230.41594985437789,105.78759455770609,74.5840501456221,22.13088351019355,66,80
1,51,2,0,11,0,0,1,0,296.3365770060805,147.6097595807998,95.55123065855929,28.70161704303314,94,73
0,59,2,0,0,0,0,1,0,272.8512433083989,184.12810827099736,121.31921624064961,32.29563833977362,82,64
1,46,1,1,37,0,0,0,0,291.97416495158365,145.89665980633464,86.7097250806939,26.58582027340123,73,69
0,52,2,0,9,0,0,0,0,300.0,127.03223641336848,88.99194089665788,25.471202153645546,74,70
1,43,3,1,39,0,0,0,0,262.37492305257416,113.88634964592256,80.82952446888386,25.598739996834638,71,73
0,61,2,1,7,0,0,0,0,271.4742889319554,128.8656998062006,75.99001689276596,29.415680936046197,72,104
1,57,1,1,20,0,0,0,0,260.0,123.48426383141937,72.94619290762007,27.246345247338347,65,82
0,49,3,0,0,0,0,0,0,221.1593591080956,114.34780773242868,76.72470498109485,25.23280783022731,76,81
0,44,2,0,5,0,0,0,0,255.9942722095994,134.75167060553352,83.25023865793337,21.759589508354622,72,93
0,62,2,0,0,0,0,0,0,231.13245886796398,162.3973766038919,81.33770566018018,26.48857002276613,69,60
0,59,1,0,0,0,0,0,0,250.99801231873096,124.63071458364847,77.75447228285532,28.24182866676751,87,105
0,63,2,0,0,0,0,1,0,374.7866925011508,172.8049231583793,84.03646131445693,22.114593773250526,72,97
0,59,1,0,0,0,0,1,0,201.49208497356466,147.95870652907888,90.5905019682776,25.96711622370839,65,83
1,46,3,1,33,0,0,0,0,193.05029696613656,144.89882911826575,89.56959104053361,26.855872391806074,51,78
0,51,1,0,13,0,0,0,0,342.5849903358716,135.8231496816084,81.23128969908849,24.268570836808582,78,83
0,52,1,0,0,0,0,0,0,235.02907119662856,125.56976267790482,79.82848813389523,27.60377843616134,90,78
0,40,2,1,22,0,0,0,0,270.71284599586096,135.9156139627486,91.44584804966854,28.06987507196184,80,80
1,52,1,1,18,0,0,1,0,262.0570364486777,161.78678044574698,100.14712178298798,26.717590685864224,93,78
0,40,2,0,6,0,0,0,0,208.37827096152472,102.02696257691483,67.43219611535439,24.724345807695055,68,69
1,52,2,1,20,0,0,0,0,260.0,123.0,72.2338969314722,26.989049913401097,65,69
0,51,1,0,0,0,0,1,0,206.47620359376552,138.8979760491271,91.83670658478817,25.97327137768575,98,73
0,42,1,1,20,0,0,1,0,235.57157497117876,127.14280834294041,85.42808342940411,31.905445886172263,80,84
0,60,1,0,0,0,0,1,0,180.66554866336725,149.2817072810361,86.53871953922294,26.37165860289361,66,71
1,50,2,1,25,0,0,0,0,225.0,143.41290438027693,91.28688233614768,30.062888968419074,79,103
0,65,1,0,0,0,0,1,0,247.7351907730071,211.5574800490922,105.79442768097873,22.508814021105742,90,95
0,60,3,0,0,0,0,1,0,314.4095495435041,178.52900900790982,102.30716215762806,30.422902704203075,88,113
0,45,2,1,20,0,0,0,0,288.4259089127678,110.67080835791675,79.76752562860132,23.97561666013482,63,59
1,61,2,1,40,0,0,1,0,215.26888517095873,148.45440315447996,95.54559684552005,28.949682877363397,68,93
0,63,2,1,20,0,0,1,0,235.92264975876193,154.439621463034,91.75848585213603,29.0809514336953,73,92
0,54,4,0,0,0,0,1,0,260.00713153324585,172.5011885888743,100.47266245589093,32.248034877602805,58,72
0,65,1,0,0,0,0,1,0,275.0,135.4625473709579,83.08867911551103,33.310684834415554,70,78
1,62,4,1,29,0,0,0,0,253.51580983591487,131.5526188525532,77.70174590170214,24.11260037702042,72,111
0,57,1,0,0,0,0,1,1,205.52128784633425,218.62261172700877,103.8788551172874,29.498656907267016,74,306
0,57,1,1,18,0,0,1,0,259.0,210.30116427952308,111.3910149345021,26.70427601355748,66,72
0,57,2,0,0,0,0,0,0,296.02856724919565,122.77809844228332,78.0,24.754684736311784,61,98
0,49,3,0,0,0,0,1,0,300.6569211648966,131.9853817473449,88.19707634946897,27.010945685399665,70,72
0,56,2,0,0,0,0,0,0,220.0,125.99203692750665,74.44355965861185,28.001994997470565,80,81
0,49,1,1,20,0,0,0,0,225.29773046529476,121.85113476735262,69.53052955809788,24.30947582380934,76,72
1,53,3,0,0,0,0,0,0,261.0310448149995,132.78259705574948,82.25465672224993,29.432543890044883,94,92
0,52,4,0,0,0,0,1,0,308.58801481941555,146.24917385539726,91.74752156619175,29.491863868655884,75,72
1,41,1,1,20,0,0,0,0,264.0,124.71032382012758,81.77629047751594,24.494665758736886,75,80
0,47,1,0,13,0,0,1,0,408.52353413116396,177.78071397266024,100.21622787794928,26.303899747176562,98,94
0,50,2,0,2,0,0,0,0,229.56541996760774,121.26167987043097,77.19625990282323,24.875140412309058,73,87
1,67,1,0,0,0,0,0,0,273.3464863408826,123.90423406436308,70.70139662693582,22.82133227008415,70,101
0,42,1,0,3,0,0,0,0,192.60836678226372,123.60836678226372,72.60836678226372,20.42540290710852,61,87
1,55,2,0,14,0,0,0,0,257.5542787855226,110.41227923820881,79.5515349047761,25.782308345458233,76,159
0,40,1,1,20,0,0,0,0,234.0,110.59446294102179,66.85756566853357,21.40362005188136,63,79
1,55,1,1,20,0,0,0,0,201.7027241773995,136.17027241773994,89.53245175965954,27.884615210303505,73,74
0,40,1,1,11,0,0,0,0,238.41489119119777,119.75532642640671,79.17021761760448,24.970077099749695,84,76
0,59,1,0,0,0,0,0,0,249.3189131572668,127.70956518237945,80.20956518237945,28.898567434981643,91,107
0,50,1,0,4,0,0,0,0,345.21125295703496,135.63849960572867,85.70187549283916,25.255116438264558,75,82
0,42,2,1,26,0,0,1,0,194.04808873253614,157.35623272977912,102.34936291084539,20.543631025487127,64,75
1,51,1,1,15,0,0,0,0,220.3840372053464,125.4608446464157,81.38554047144575,24.133795274070486,60,73
0,46,1,0,0,0,0,0,0,230.87995422027754,120.64495994274284,77.49745135904487,25.54823884119265,69,88
0,59,1,0,0,0,0,1,0,201.8492450850104,147.56583040648854,91.01909410201249,26.05212033023248,65,83
0,57,1,0,0,0,0,1,1,288.24196309303807,148.15665619480515,73.50909501309346,26.023677319880775,87,206
0,60,1,0,13,0,0,0,0,245.6092047115484,137.2585787980323,75.43681884619352,28.13564985813067,91,91
1,60,3,1,25,0,0,1,0,203.79354741196653,187.34194182221765,122.8838735680893,27.09257952376149,78,81
0,61,2,1,37,0,0,0,0,184.03806774043568,115.30026836938393,70.39946326123213,21.836520229484,93,76
1,42,1,1,20,0,0,0,0,231.50052821384241,104.94403361145591,73.4994717861576,22.054963025031032,67,80
0,41,1,0,0,0,0,0,0,169.67662836032625,113.32337163967375,79.21558109311584,21.650977428944884,70,65
0,48,2,1,16,0,0,0,0,210.9269163463311,127.48841442431775,88.48841442431775,30.486061607185555,75,75
1,60,2,0,7,0,0,1,0,248.5041130090077,153.79452787644507,92.93150929214836,29.33652181333285,63,67
0,55,1,0,6,0,0,1,0,216.20004074081405,158.47997555551157,88.15003055561054,28.297800366667328,66,65
0,62,1,0,0,0,0,0,0,246.0,116.07749506192775,69.00968688274097,23.46121427320272,64,78
0,37,2,1,21,0,0,0,0,209.72159581823553,114.72443863643821,77.28693263637258,23.850854765481813,68,75
1,42,1,1,24,0,0,0,0,285.6884265554508,147.07537062218034,92.31157344454917,24.028136288637132,76,65
0,56,1,1,20,0,0,0,0,251.6805362110422,139.15973189447888,82.53243964826297,26.226357648285994,83,69
0,50,1,1,23,0,0,0,0,326.1264619167856,118.4194993852234,71.74707616642881,19.467788820287627,90,73
0,52,4,0,0,0,0,1,0,239.68629348794792,171.35328278306284,103.0294402319219,26.88710383593444,82,73
0,54,2,0,3,0,0,1,0,265.7691397714442,203.27339305398735,114.51275984762945,24.79831277436007,92,68
0,60,1,0,0,0,0,0,0,248.67487938308622,148.11598584712695,91.09314892265988,29.297710517575055,67,78
1,39,2,1,23,0,0,0,0,248.2665339248635,133.18205638750524,94.00262026255774,28.86369353300126,82,66
0,44,2,1,25,0,0,1,0,289.8310750787631,146.92701022053663,94.7945801890314,27.42197112425903,110,72
1,66,1,1,40,0,0,1,0,215.9186528766559,148.0,70.16269424668823,32.61879912686262,89,102
0,55,1,0,1,0,0,0,1,272.0717144747929,135.7524571932781,80.0,27.7170040026471,90,213
1,60,1,0,2,0,0,0,0,179.0707358823633,121.92926411763669,79.0,23.195975467616442,75,85
0,62,1,0,13,0,0,1,0,294.6785670710367,169.64106859617385,91.47142682841468,25.162390029102816,87,126
1,61,1,0,0,0,0,0,1,233.27760594472753,122.74564116662197,81.24854705554066,23.97734017610947,68,155
0,62,1,0,0,0,0,1,0,232.92375723736774,163.34017340188018,102.0,33.23539537398356,68,72
1,55,2,0,19,0,0,0,1,209.61864775381102,120.84180299491865,78.05273233502712,23.70257178870682,79,308
1,56,2,1,28,0,0,0,0,198.5555811554535,116.1250431998278,74.19444764443169,20.93666513067279,88,77
0,60,1,1,10,0,0,0,0,158.02515731518963,132.69525432612227,83.62721552174922,25.88569467750174,104,74
0,53,1,0,0,0,0,1,0,216.46297476436334,170.1527689267275,110.58950420593945,36.3639924799884,84,75
1,66,1,1,15,0,0,1,0,282.54995027866414,153.44830184315396,89.59165837977736,29.351778321497566,71,75
0,64,1,0,0,0,0,1,0,300.39842785778154,208.09467252078298,129.60157214221846,24.76175545798695,70,90
1,55,1,0,0,0,0,1,0,318.9248927940544,188.99825658996684,107.55284358439287,25.947781652022297,63,88
0,51,3,1,9,0,0,0,0,249.9635042714654,112.96350427146541,75.43795648702974,22.58905112654733,71,70
0,66,1,0,0,0,0,0,0,248.7302512654209,126.92100506168357,68.08991624485971,25.596898499682503,69,86
0,54,1,0,16,0,0,1,0,232.42025175429748,127.61350116953166,93.80675058476584,34.44401158446326,80,92
0,56,3,0,0,0,0,1,0,327.2416121806069,180.89888162408093,111.46353664682945,26.995396077003697,84,93
0,57,1,1,33,0,0,0,0,308.52914039353857,110.56031447048461,71.49417192129229,21.156077580146906,80,72
0,42,1,0,3,0,0,0,0,192.86198014952672,123.8619801495267,72.8619801495267,20.95291871101555,61,86
0,49,1,0,0,0,0,0,0,259.8392379033072,134.38419153181033,80.39872983884536,29.155367661272415,68,72
0,49,1,0,0,0,0,0,0,204.0040051172867,136.66800170576224,94.66800170576224,26.83047208526323,94,71
1,55,1,0,0,0,0,0,0,232.36042608053194,127.85462049184653,89.9651664678875,24.95872756630957,83,87
1,57,3,0,1,0,0,0,0,322.4579562518137,138.80595082222524,81.43531694074174,23.72373868755441,80,82
0,48,1,0,0,0,0,0,0,260.4454784046662,137.31360852788947,79.24091306744437,28.59557862159692,69,72
0,40,1,0,0,0,0,0,0,200.82023384180076,118.72470769774905,79.36517538135057,28.884865012778207,61,79
1,58,1,1,30,0,0,0,0,229.0312176287983,143.0624352575966,86.12487051519321,25.778126942272102,78,83
0,62,1,0,20,0,0,0,1,245.94158327827094,121.08318052520065,67.8584027530703,28.347486945700997,79,214
0,63,1,0,0,0,0,0,0,253.78895052786567,153.14571776025187,94.34171289589925,29.141961395163058,88,89
0,46,1,1,27,0,0,1,0,211.53999154901553,134.73000422549222,90.43250105637306,30.7973211886684,76,52
1,58,1,1,40,0,0,0,0,230.0,148.1656465290358,93.95705816129475,26.47975516696859,68,90
0,58,2,0,0,0,0,0,0,206.92525595187303,133.88917602062585,93.29639200687528,26.742655791145033,80,74
0,51,2,1,20,0,0,0,0,204.3756186967887,137.0797826386962,92.00941469033397,30.141079217182398,71,78
0,61,1,0,0,0,0,1,0,197.72532472197383,173.60514839301683,95.66952688500935,30.920212865825945,65,85
0,53,1,0,0,0,0,0,0,235.26720620091726,123.57408868128417,82.96032372055036,28.06581392905698,63,92
0,64,2,0,1,0,0,0,0,304.37217210681376,136.61877863499024,86.37669673591175,21.332669531167824,75,63
1,39,1,1,32,0,0,1,0,291.6574100843567,150.43057563267496,98.28705042178329,27.99578777319808,105,69
0,47,1,0,0,0,0,0,0,239.92827865791375,128.48206966447844,86.38114756139083,27.047807371845337,80,79
0,64,1,0,0,0,0,1,0,247.32493506823235,206.22415588702071,107.02519479530291,21.887276628372028,90,92
1,52,1,1,24,0,0,0,0,216.63421450794655,126.4786159325334,70.01425604497773,22.303890669175168,74,75
0,48,2,1,12,0,0,0,0,234.0,99.23259952818991,68.73955971691394,19.559281309364987,76,78
0,66,3,0,0,0,0,0,0,281.0239673013998,101.31157491819735,59.19173841119837,23.218398468914994,62,84
0,56,3,0,6,0,0,1,0,326.9655471767615,173.75883023733044,107.32773588380745,25.79141573172648,85,91
1,61,1,0,15,0,0,1,0,280.60302473358036,168.5536978810416,90.36117667905859,22.43762042478358,77,124
0,57,2,0,0,0,0,0,0,246.88088094463293,121.90360357491517,82.52742738598859,27.954936929477945,78,75
1,59,1,1,43,0,0,0,0,208.22111515924288,129.75249089170353,66.24422303184858,26.247759147767205,65,75
0,61,1,0,0,0,0,1,0,185.66658855800395,173.55486559570167,91.33317711600793,22.810065611276674,77,61
1,47,2,1,16,0,0,0,0,190.8329453108071,130.18484027627298,83.70378993093175,23.58409258850221,55,74
0,47,1,1,8,0,0,1,0,277.377478935719,203.8732293316293,122.50141653469656,28.252318211380608,65,64
1,48,1,1,18,0,0,0,0,239.32416408217338,130.25687693836997,78.95260255135837,26.075171320742065,67,63
1,56,1,0,0,0,0,1,0,166.55218353423487,166.2822151880427,100.4355696239146,24.565761393924557,64,88
0,49,1,1,20,0,0,0,0,239.4530145384952,122.2713877211833,68.1816268173119,28.14286122788167,77,69
0,65,1,0,0,0,0,1,0,275.0,134.1366689626379,83.9440845402336,33.78030241258825,70,78
0,55,2,0,4,0,0,0,0,229.9547053563869,122.8188214255477,78.36411606916077,24.72721196457297,75,87
1,47,1,1,34,0,0,0,0,243.0925272655371,126.31277171876954,82.40529898430663,28.2589836781418,71,71
0,53,2,1,28,0,0,0,0,269.88667567048384,142.17576166840175,88.73242383315983,28.133095062524784,71,77
0,55,1,0,0,0,0,1,0,205.34381051830823,156.7286328792222,70.98428422253765,27.970893416548382,59,87
0,53,3,1,29,0,0,1,0,267.2048717318133,141.47439103352335,90.969269240228,25.37218986804289,92,86
0,38,2,0,0,0,0,0,0,243.87991467140372,118.69513865896897,87.96997866785092,28.682401706571927,76,65
0,47,2,0,0,0,0,1,0,284.11245204880254,143.16754665702666,99.44452825305017,36.07043812800722,85,78
1,51,1,1,30,0,0,1,0,232.94457170470764,165.2245953646577,103.0092380492154,32.69620132294932,86,66
1,50,1,1,28,0,0,0,0,240.11728014780044,127.23456029560089,80.0,28.645932542827225,69,66
0,60,1,0,0,0,0,0,0,298.1403204371631,149.0629748832624,87.9856293293617,27.051733575356028,68,72
0,60,2,0,0,0,0,1,0,317.1855599487172,142.86985507051386,78.86146245192235,24.332501712436084,77,84
0,41,1,1,23,0,0,0,0,269.0934070097093,136.9508931953888,88.71497237135901,30.30008174941657,82,81
0,51,2,0,0,0,0,1,0,357.6441893221762,133.97034911018136,87.10377811436527,29.300994729260886,75,87
0,52,2,0,0,0,0,1,0,223.7680054353132,197.487883140766,110.1281141415774,23.686544618063618,70,85
0,62,1,0,0,0,0,1,0,249.64269693844142,148.08913886023797,81.25018690515168,25.135587914224505,62,70
0,45,2,1,20,0,0,0,0,275.65755645893233,136.17122177053383,80.01561749897314,28.43100372306984,81,76
0,57,1,1,33,0,0,0,0,308.8972244562996,110.53270816577754,71.42055510874007,21.09074265900682,80,72
0,38,3,0,9,0,0,0,0,168.37651991062557,113.18825995531279,69.79415618017623,23.62022746418819,58,78
0,63,1,0,0,0,0,1,0,311.44212384785305,149.30265480981632,78.46300921717562,27.4030974944776,70,85
0,62,2,1,7,0,0,1,0,243.35412777378446,166.19155776659645,100.44990665708268,26.67030854617755,75,103
0,60,3,0,0,0,0,0,0,232.895918615279,163.80544184629468,78.1945581537053,29.56248535278131,68,58
1,50,2,0,12,0,0,1,0,267.5872313375413,158.83351773895401,106.190423503156,27.2662247229486,90,82
0,50,1,0,0,0,0,0,0,232.9856635320145,131.02867293597095,79.74641588300364,27.824166771193376,86,77
0,62,1,0,0,0,0,1,1,253.22624853068714,216.48325205703802,113.22624853068714,27.56910475903269,68,275
0,55,1,0,0,0,0,1,0,209.96892926072962,164.04660610890556,88.55437379372314,26.432036334656672,62,69
0,61,1,1,15,0,0,0,0,159.14509878482477,101.61229794013114,49.365062863070314,24.77601001600507,67,64
0,50,1,0,0,0,0,1,1,234.13116244306514,183.15860158040877,99.67395346905917,31.627488740969767,68,282
0,64,2,0,0,0,0,0,0,310.03885480311993,135.590112920247,82.49470970217745,21.094910642654533,75,62
0,58,1,0,6,0,0,0,1,264.86707809469124,131.51646612912467,76.35061196556659,27.915597448608327,86,211
0,57,1,1,20,0,0,1,0,157.2049396614069,160.3604827087447,99.20493966140691,25.98212011431638,84,73
0,52,3,0,0,0,0,1,0,240.95344566992395,158.02327716503802,100.04655433007606,28.18427710888719,72,74
0,47,1,0,0,0,0,0,0,234.0,142.55962868066902,95.62691421288731,27.91899308605211,74,78
0,48,3,0,0,0,0,1,0,292.49352425229864,149.10853051736458,100.07235367824305,31.5673113298366,87,76
0,45,2,0,8,0,0,0,0,210.13508014622576,121.87802095046744,81.72983970754848,23.61626818051627,83,70
0,58,2,1,32,0,0,1,0,341.96449180297793,179.08505327835022,102.16523524581893,30.28758367200905,83,77
0,49,1,0,13,0,0,0,0,169.3250805800341,118.89576618330491,78.89576618330491,25.11865807146303,95,60
0,47,1,0,0,0,0,0,0,234.0,142.33643029914126,95.77571313390582,28.03505624444655,74,78
0,55,1,0,6,0,0,0,0,278.46834192153017,130.06331615693963,84.6582903923491,32.679828827312384,61,74
0,43,1,1,15,0,0,0,0,199.00540492367267,136.99459507632733,81.03783446570868,21.87378166415975,70,72
1,66,1,1,15,0,0,1,0,284.97980593565154,154.98721042591265,89.99663432260859,30.411195387944076,70,76
0,58,3,0,0,0,0,0,0,243.2686046187247,138.77374037765688,83.79854653595648,23.290761637476212,95,84
1,61,1,0,0,0,0,0,0,255.99623240992375,123.85472083495098,80.43018611003268,23.62777485238388,64,76
1,51,1,1,29,0,0,1,0,229.76098015202925,170.9264554313936,111.9448415735452,25.075955048726648,95,87
1,51,3,1,35,0,0,1,0,238.82339979535945,157.35933310595496,89.14373324238198,30.108864525009935,81,79
1,44,3,1,34,0,0,0,0,196.69042364036034,143.8700976668547,89.88612379481394,27.68993619933474,50,78
1,65,2,0,0,0,0,0,0,252.26673702431702,121.45718808706094,82.02854127529271,22.839252970855597,64,77
0,65,1,0,0,0,0,1,0,224.3222813568574,149.40517118042695,90.6611406784287,28.93929732320889,81,86
0,56,1,0,0,0,0,1,0,179.4343525280729,146.56423434988096,93.7388232343378,30.86413155697381,85,136
0,54,1,0,0,0,0,0,0,255.25540051832584,144.61689922251125,80.49783979266967,38.52924712802839,71,81
1,46,1,1,21,0,0,0,0,265.48633782000826,119.03083493571722,79.30132820570486,25.39449711570899,73,89
0,52,1,0,0,0,0,1,0,213.90193327780798,158.87799258642312,64.73204448146133,25.02118802332064,58,119
0,50,1,0,2,0,0,0,0,206.49308357220156,135.50691642779844,91.86452449837675,25.824523918848154,102,76
0,55,1,0,13,0,0,1,0,220.86559182896085,155.6806449026235,91.64919387172063,28.339790326460648,66,67
1,55,2,0,0,0,0,0,1,214.13599438206836,115.05254328398095,80.0,25.097510598827867,70,291
1,48,1,1,32,0,0,0,0,291.1654759884977,149.2661903953991,86.8345240115023,25.572664228756352,69,67
1,57,1,1,24,0,0,0,1,248.25940470615498,124.89748259823801,72.89748259823801,27.966443950967896,83,246
1,59,2,0,8,0,0,0,0,301.46824742847554,117.20900342869929,76.76587628576223,24.31871992861538,66,99
0,45,2,0,8,0,0,0,0,251.01109137924533,136.75277284481135,83.6895796336085,23.000828504202918,69,96
0,52,1,0,0,0,0,0,0,233.86078046211293,113.16706344546448,68.2088293068306,24.80807473319745,75,107
0,48,1,0,12,0,0,1,1,228.73158273223683,166.1021850598754,93.25212995465425,32.68410944448348,83,257
1,52,1,1,40,0,0,1,0,230.09187897937397,162.40337878189456,101.48784832925864,34.589312400664575,89,68
0,55,3,0,4,0,0,0,0,228.42015661506744,121.57814095356069,78.42100783075337,24.954875724664547,76,86
0,55,3,0,0,0,0,0,0,273.96542694615385,118.62100568846145,81.1037191615384,27.8113174581154,74,88
1,47,3,1,40,0,0,0,0,223.99709920464147,104.39017813127046,63.33816799226422,26.13225445328176,87,66
0,50,1,1,7,0,0,0,0,230.7470127353511,107.03708280093127,67.05562420139691,26.867202291517224,72,73
0,57,2,0,0,0,0,0,0,278.51490945001734,120.34552716499479,82.89701810999654,27.056246539349704,76,94
1,54,1,1,30,0,0,0,0,176.01480198955636,156.34251243472733,93.83511143994915,22.846850248694544,60,85
1,64,1,1,23,0,0,1,0,248.56611781830512,178.63341174024214,99.66588259757873,21.29758130710704,96,76
1,41,3,1,15,0,0,0,0,230.6386813950324,117.13921495066337,72.98618521605985,28.656428345151497,89,104
1,52,1,1,20,0,0,0,0,245.602115824443,128.0,70.98942087778512,26.4877550424849,76,73
0,45,1,0,1,0,0,0,0,210.8059789008676,126.2388628556393,80.38804219826483,26.279736236444307,74,68
0,44,2,1,36,0,0,0,0,276.8386928294045,135.58065358529774,84.66360409748314,24.362358534079213,75,78
0,53,1,0,0,0,0,1,0,303.1727891005721,128.4813410658794,90.97531584277542,27.46700290524453,60,76
0,61,2,0,3,0,0,0,0,180.07855040558812,133.63724639960085,82.68137680019957,20.124447729688413,77,76
0,61,1,0,0,0,0,0,0,308.37357062637074,161.0,95.74031144711157,22.403008233256212,77,60
1,46,2,1,20,0,0,0,0,271.2814371823721,122.82260489304942,77.67964070440698,23.57956591419936,82,81
1,55,3,0,0,0,0,0,0,275.89239976098173,114.87251431985976,76.5976575184573,28.45880687353268,71,79
0,57,3,0,0,0,0,1,0,309.80020634768357,147.20030952152536,88.50154760762685,31.382730470799874,66,72
0,47,1,0,0,0,0,0,0,240.35610855280672,128.5890271382017,86.09592763146219,27.12053845397714,80,78
0,64,1,0,0,0,0,0,0,223.60274994800332,109.34243764299083,73.4520624610025,28.1250724797213,87,63
0,40,1,1,10,0,0,0,0,238.55478295791266,119.33565112626204,78.89043408417469,24.613819400515766,84,76
1,54,1,0,29,0,0,1,0,176.8974428141135,162.52991251255023,99.51281964823582,22.98563997084769,65,92
0,58,2,0,0,0,0,0,0,292.0047728584694,144.32186993608997,84.63896701371057,32.50121537934128,68,72
1,52,1,1,16,0,0,0,0,339.21523031817503,136.74669388638745,82.8294577044876,23.72281796501572,73,82
1,48,1,1,20,0,0,1,0,229.98883053511776,140.50279236622058,88.96090687291212,23.353961831102815,66,80
1,54,2,1,30,0,0,0,0,241.18355624842218,126.60548125052594,79.60548125052594,28.739534750147264,73,66
1,57,1,1,18,0,0,0,0,216.53943191008125,117.38675020217875,75.42492062915437,25.318119967651402,63,64
1,52,1,1,12,0,0,1,0,202.16246916592394,189.5686420807338,121.64987666369578,32.57036026400031,67,73
0,58,1,0,0,0,0,0,0,269.1880457627904,132.20940228813953,82.09402288139522,29.646505113623043,68,76
0,47,1,0,11,0,0,0,0,241.46364444485963,101.80453333271058,59.78999111065442,24.21037208885609,81,98
1,60,1,0,7,0,0,1,0,217.73099719125133,167.12183286520855,109.2436657304171,26.21234480381498,93,74
1,59,1,1,43,0,0,0,0,207.81667275860096,130.66248629314782,66.1633345517202,26.443913712078533,65,75
0,65,1,0,0,0,0,0,0,162.48574141589322,140.52359788049588,84.62143535397331,30.066489539640948,70,120
0,48,1,0,6,0,0,0,0,232.3934123138361,106.06758885306564,71.9549407646229,28.91740053400868,74,71
0,60,1,0,0,0,0,0,0,213.61667604163003,109.16946475686507,63.01109861115996,23.8472766215323,76,93
0,46,2,1,24,0,0,1,0,289.2118326655121,145.19313146343387,93.30839839722903,27.231244460977724,110,74
1,40,1,1,42,0,0,0,0,289.70271063520426,138.33975927405226,90.21234954628267,27.3586534874746,84,72
0,54,2,1,16,0,0,1,0,294.88434514337587,150.3534570064612,86.1077571655898,30.735010402103896,113,80
1,52,2,0,18,0,0,0,0,268.4053071344125,107.45941734331966,78.51352755222678,26.636644128182976,80,162
0,66,2,0,0,0,0,0,0,249.34905202855404,119.34905202855404,80.72168209993913,22.535755952290412,65,78
1,50,2,0,7,0,0,0,0,205.23578315931272,138.21682737172966,91.49052210620847,28.02149317929714,84,77
1,45,1,1,37,0,0,1,0,310.3584752175995,155.6741530603688,96.36864431446133,29.464262886009706,86,73
1,53,3,1,15,0,0,0,0,223.50747585859412,131.0,75.67908965908163,24.89820579393741,64,77
0,51,1,0,0,0,0,1,0,233.84850854920623,148.03787286269844,92.15149145079377,25.14226455052385,70,78
0,53,3,1,20,0,0,0,0,199.21339659666978,136.8539715314986,100.94957019007859,23.80626586708928,112,85
0,41,2,1,9,0,0,0,0,304.86259346198557,114.90957224831436,75.00176491048597,22.0501764910486,64,73
0,60,1,0,0,0,0,0,0,271.8458790539487,133.21146976348717,83.31720464523076,25.490806647781532,91,61
0,49,1,1,23,0,0,0,0,311.8121360835682,105.55097094707644,72.35910206267613,26.030815474762235,101,67
1,58,2,1,21,0,0,1,0,204.42349684566526,204.95559739957105,128.55874211416315,25.688893588245485,90,114
1,62,1,1,25,0,0,1,0,196.68904583948827,150.45425995131012,90.39026296843402,24.367765899830744,73,102
0,65,1,1,20,0,0,1,0,238.3472004383816,154.4351997077456,89.7824001461272,28.52736002191908,71,90
0,47,2,0,0,0,0,0,0,230.0545360956233,137.0681701195291,79.23177840639896,27.144724745818287,75,76
0,60,3,0,6,0,0,1,0,237.16362516362622,146.85228497728383,83.38636713636681,23.0396817971818,82,121
0,64,1,0,0,0,0,0,0,257.55435668121635,139.89128663756725,76.67385991270179,29.842109093496177,85,68
0,53,1,0,0,0,0,0,0,230.5928698483973,126.44465238629797,92.55534761370203,24.06309720663091,80,83
0,51,1,1,14,0,0,0,0,337.2501236702078,137.91444439389815,81.27629626259876,24.55892341545449,79,85
0,50,1,1,20,0,0,0,0,325.4458289932717,114.12432219245856,82.0763816554528,21.19683628457526,101,68
0,46,2,0,0,0,0,0,0,229.68321316594552,137.73916927946044,78.89440438864851,26.773086833631954,73,78
1,45,2,1,20,0,0,0,0,268.94163852478914,121.55836147521086,78.70557431680724,22.79047888246657,81,82
0,52,1,0,0,0,0,0,0,232.78545467684816,129.0,80.65787871670724,28.636909028497115,90,79
0,50,2,0,5,0,0,0,0,184.55311197105837,123.21244788423348,83.65933591317511,25.7252982400739,57,74
0,55,1,1,20,0,0,1,0,262.06516066910626,176.99612993584546,99.62451624198069,25.651993520714733,98,78
1,55,1,1,20,0,0,0,0,254.2393604241335,124.9202131919555,73.3840426383911,26.488446581879675,67,79
0,53,2,1,29,0,0,0,0,271.32894647626944,142.83133930739518,88.66686606926048,27.82759588275384,71,77
0,63,1,0,4,0,0,0,0,179.59807913000992,121.01674670291625,79.01116446861083,20.528262924961957,76,92
1,55,2,0,9,0,0,0,1,211.96845048544785,117.70873268606952,79.09708910464349,24.446675987058487,74,299
0,53,1,0,0,0,0,0,0,196.9494987314554,130.5757519028169,84.03434835089202,24.734972170371833,86,77
0,54,2,0,0,0,0,0,0,263.44014213193026,127.06045008444582,82.07981049075966,27.51348487313649,66,76
0,53,1,0,0,0,0,0,0,236.03389159085964,125.58595353893985,83.24091482138971,26.718423915243278,67,87
0,62,1,1,20,0,0,0,0,232.16207722093012,113.82415444186023,69.79740347383736,21.645083053429783,79,58
0,40,2,1,20,0,0,0,0,280.95667439585947,144.7229214974122,93.80806006425136,23.94600022070315,80,66
0,66,1,0,0,0,0,1,0,277.6519155924138,187.1392337630345,88.1624393902069,40.207884314531036,90,84
0,64,2,0,11,1,0,1,1,335.7401214893688,210.54802429787375,104.33384910638478,33.66988337702253,95,378
0,57,1,1,29,0,0,0,0,314.94820196566417,110.0,70.1752996723893,19.922032328004384,80,74
0,53,1,1,20,0,0,1,0,265.60512943585655,164.1187999317398,104.67094119654712,27.87678683348737,90,78
0,44,2,0,8,0,0,1,0,233.7826364127206,147.6086817936397,95.78263641272059,30.04941420846583,78,79
0,50,1,0,0,0,0,1,0,216.3190712486384,177.56577099673217,110.07237150054463,32.26338263984185,80,71
1,47,1,1,23,0,0,1,0,233.3200273165624,156.07983610062564,87.67997268343761,27.783159298322037,70,88
0,46,2,0,4,0,0,1,0,233.0470774575212,147.9764612712394,95.0470774575212,28.287750510763278,78,82
0,44,1,1,10,0,0,1,0,233.3633918106153,145.43102338449975,98.54643275753878,29.554609937931414,77,78
0,63,2,0,10,0,0,1,1,300.29377851370083,224.7807155061524,105.1096422469238,31.64398282574088,89,333
0,50,2,1,10,0,0,0,0,235.40443603082062,98.0,66.4551203660973,19.53171117205755,79,80
1,52,2,0,1,0,0,1,0,219.07698628937905,180.75765754084154,116.74234245915848,27.7129761689041,79,92
1,50,2,1,36,0,0,0,0,231.2213849087593,147.13742359032878,89.08396131843053,26.040613538549316,75,82
0,48,1,0,0,0,0,0,0,225.71796391389097,120.094012028703,74.95299398564849,25.297862285453572,70,89
0,60,2,1,13,0,0,1,0,238.9224118223422,154.78448236446843,94.0,24.73522896799658,68,66
0,54,1,1,23,0,0,0,0,199.33323416975875,138.3336804058444,87.66661708487938,24.453066087499817,78,75
1,59,1,1,40,0,0,0,0,230.0,148.52175200899177,94.40219001123972,26.565220482158026,67,91
0,64,1,0,0,0,0,1,0,284.41035720326624,189.56414288130648,77.31607132788962,36.024202814775954,81,80
1,51,1,1,30,0,0,0,0,333.25674349630975,128.02697398523904,74.0,28.188231971863292,87,65
0,58,3,0,0,0,0,1,0,323.690104731939,180.21638267853436,109.26757854895428,28.119637643800584,85,100
0,58,2,1,3,0,0,0,0,289.97873666078596,155.04784251323161,82.52923709141932,29.447001127008978,85,113
1,67,1,0,0,0,0,0,0,275.5374978103052,127.37000175175585,67.14750306557275,26.181451900655105,74,104
1,49,1,1,16,0,0,0,0,221.0982606862992,121.70521794110238,81.56069572548031,23.750753101756853,61,73
1,38,1,1,26,0,0,0,0,255.2840878652049,134.4683421990603,88.08442080250587,28.190244345736364,78,60
1,51,3,1,20,0,0,1,0,226.86000935527434,156.46500233881858,95.67498830590705,30.309221877677185,77,98
1,57,2,0,0,0,0,0,0,242.99788734137593,171.04187429470042,96.46235102254772,29.19705146156254,83,102
0,51,2,1,37,0,0,1,0,328.7622018503808,169.95261052074878,100.0476730637056,30.727792272094334,83,75
0,54,1,0,3,0,0,0,0,292.8488807238681,166.57555963806595,100.3546107564082,27.964342966044477,80,62
1,42,2,0,0,0,0,0,0,217.0230373110711,134.79049597945027,82.60475201027486,26.067725178505018,64,100
0,53,1,0,0,0,0,0,0,196.13016598394327,131.8047510240851,82.96921577912624,24.199128553498895,87,77
0,63,2,0,0,0,0,1,0,371.46996811260374,171.40840762635946,87.87687902751149,23.364475174408284,75,98
1,54,2,1,39,0,0,0,0,245.19367346611187,162.28276295435828,95.7120722157687,26.66938022041524,67,104
0,63,1,0,0,0,0,1,0,273.5645249408259,150.87095011834828,71.41131235206467,22.281169478390723,77,80
1,42,3,1,16,0,0,0,0,229.91347044632624,118.27883215577305,73.24518912631206,27.823471769780426,88,103
0,50,1,0,0,0,0,0,0,223.05508385755405,118.13952905046237,74.58383872404924,22.699655360836548,69,78
1,53,3,1,20,0,0,1,0,257.5726809299773,179.7715120619985,99.08604824799394,24.40111912671008,92,68
0,49,1,0,0,0,0,1,0,211.91140519337478,170.08545476059354,109.43355389503107,36.548631850100804,81,74
1,44,1,1,21,0,0,0,0,235.17307971612823,104.00549689953849,70.83241718341026,21.585054242802045,66,82
0,51,1,0,0,0,0,1,0,176.6811493680823,141.024526971686,91.82831119819815,29.655697261879027,71,129
0,51,1,1,22,0,0,0,0,326.52583570372803,114.62917851864007,76.16413585153582,19.61057788142557,96,73
0,49,1,0,0,0,0,0,0,224.66653059297275,115.39995917789183,72.86681634772997,22.125453894626137,69,78
0,59,1,0,0,0,0,1,0,219.95190768958796,168.2935231217986,109.95190768958797,30.040651056035568,89,83
0,57,1,0,2,0,0,0,0,210.22600976437027,144.22600976437027,83.54798047125944,28.435387187433083,92,73
0,40,2,1,20,0,0,0,0,282.1905350722294,145.4940844201434,94.52781212546715,23.53779798027077,80,64
1,57,2,1,22,0,0,0,0,210.0928522198835,138.02321305497088,85.11606527485438,22.419793147975916,69,68
0,56,2,0,0,0,0,0,0,239.3692809035192,139.83088203291825,84.0051741615593,25.09878550237574,92,78
1,52,1,1,10,0,0,0,0,293.9916679451102,166.80249961646695,106.59250115059918,26.942524305805165,82,69
0,52,1,0,0,0,0,0,0,197.00702446297666,130.48946330553503,84.10913180186964,24.77259399878673,85,77
1,47,2,1,16,0,0,0,0,190.87654692324057,130.22359726510274,83.69410068372432,23.540394083596663,55,74
0,65,3,0,0,0,0,0,0,281.1539195097829,103.00095362717776,60.23135607826324,23.86036237832755,62,84
1,51,1,1,20,0,0,0,0,245.93109502963551,127.95406335309035,69.22968323454825,27.592968323454823,80,71
0,65,1,0,6,0,0,1,0,261.17908890793115,198.26863336189675,100.73887214129259,25.510483658478748,75,71
0,57,2,0,0,0,0,0,0,240.05018177545404,141.53251939201195,84.75371425214246,24.516322102948347,95,78
0,42,1,1,18,0,0,0,0,224.57454101338453,110.0,79.57454101338453,22.47277233867115,64,77
1,59,1,1,20,0,0,0,0,260.8210227418737,127.01485019798372,72.53731921553971,24.82041063623503,65,75
0,52,2,0,0,0,0,1,0,220.66076220280476,185.10717480186986,110.01491023504735,23.55207729038836,77,71
0,62,1,0,0,0,0,1,0,273.02404040597713,151.97252525031186,70.03090909339916,19.68934747469491,79,78
0,52,1,0,6,0,0,0,0,206.8987046025305,142.99568200843495,89.90302259409553,25.98121258572439,86,80
1,46,3,1,33,0,0,0,0,192.72028608470177,144.99209306301907,89.54089444214797,26.780256855059925,51,78
0,59,3,0,0,0,0,0,0,244.97618298119508,135.21628545584358,82.51786276410368,22.78702602054745,95,88
0,43,1,0,0,0,0,1,1,232.57742497618378,156.75609766622043,100.17186619355977,34.68300621699408,68,273
1,49,1,0,9,0,0,1,0,200.9457094916255,169.08657318640397,105.79457094916255,24.695202700401907,87,80
0,50,1,1,22,0,0,0,0,325.67611553402446,124.43664043690856,76.92955378639022,24.227495037886495,91,62
0,50,1,0,4,0,0,0,0,351.66963024995187,137.5803376590165,86.38616157386691,25.594151527839923,75,82
1,62,1,1,20,0,0,1,0,270.07446007207346,145.48758998798775,87.51241001201224,23.91797463675747,80,67
0,50,3,0,0,0,0,1,0,259.1667956434033,171.0,119.66640871319335,29.20486457442651,71,84
1,57,1,0,0,0,0,1,0,212.27284243716173,139.51508753491015,96.69698249301797,29.63277487402685,68,74
0,59,1,0,0,0,0,1,0,350.96297301311455,197.33273758276042,105.26761986758333,35.94376679631405,74,94
0,64,1,0,0,0,0,1,0,266.7188046875643,204.34692421880786,103.04077265642357,28.206629289030808,79,79
0,61,3,1,30,0,0,1,0,223.47413447974313,149.86128495270393,95.06935752364804,28.736748003444568,65,102
1,54,1,1,30,0,0,0,0,175.6477899483713,154.0486871773206,91.72479220313495,22.80097374354641,58,82
1,66,1,0,0,0,0,0,0,248.68686754217265,123.46085844277158,77.92171688554316,25.738165244537246,68,79
1,47,1,1,32,0,0,1,0,307.1896811861434,153.11474249650044,95.14987737928593,28.603813429775858,90,72
0,54,1,0,4,0,0,0,0,207.3485846686912,144.4952822289706,88.85330243972058,24.86551002164588,87,82
1,60,1,0,0,0,0,0,0,244.88986642596106,142.83994063376048,89.62995547532036,27.42179139189527,65,69
1,42,3,1,33,0,0,0,0,263.3179825513403,117.97478189175419,81.31798255134034,25.133070011694624,71,75
0,61,1,0,0,0,0,0,0,253.26080650159741,148.94188183706066,84.85542982428126,25.99299293594252,64,77
1,53,1,1,23,0,0,1,0,235.07374996145842,161.45624993576402,92.14749992291682,28.125206252505205,66,94
0,40,2,0,0,0,0,0,0,205.18423059536488,101.3817294652367,62.487113037426056,25.17339636770118,60,71
0,58,2,1,8,0,0,0,0,277.8650695620333,155.46672809376795,84.13354832818783,27.889788076500572,88,108
1,52,2,0,0,0,0,0,0,218.30949455832402,135.84655434629423,76.61378261482308,24.578231250880815,52,73
1,66,1,1,40,0,0,1,0,213.84131722074002,148.0,74.31736555851995,32.332765986548054,86,101
0,50,1,0,0,0,0,0,0,189.67215134381595,143.02232531808588,87.69447666190185,38.502560890994474,60,86
0,45,1,0,10,0,0,0,0,181.9972117840573,126.00697053985675,87.00697053985675,24.164210206073477,62,81
1,47,1,1,11,0,0,0,0,306.5112778371248,115.40494053977659,75.14930162121418,30.140730226687324,64,55
0,60,2,0,0,0,0,1,0,230.9727402762133,153.12776983120298,85.57069984654817,23.512812070179745,85,119
0,48,2,0,15,0,0,1,0,250.58951739961623,176.64628956023026,123.64628956023026,26.51377685812593,74,69
0,64,1,0,1,0,0,1,0,195.27344927823944,177.1461043504155,97.38203478347184,31.85287825784858,68,92
0,43,1,0,14,0,0,0,0,300.0,120.0141946791498,77.94322128340082,28.17872247887652,75,106
